risk_profile_id,account_id,risk_level,risk_score,chargeback_rate,refund_rate,risk_surcharge_rate,assessed_at
1,1,low,0.0982,0.005867,0.014596,0.0,2022-05-03 02:17:14
2,2,low,0.1076,0.00504,0.02267,0.0,2024-11-24 18:31:29
3,3,medium,0.1342,0.007426,0.017626,0.0015,2024-06-14 10:53:31
4,4,high,0.4182,0.02917,0.071239,0.004,2023-08-24 09:15:24
5,5,medium,0.1958,0.007588,0.039014,0.0015,2023-08-16 08:45:22
6,6,high,0.2829,0.014401,0.043736,0.004,2025-03-20 13:29:12
7,7,medium,0.1359,0.007739,0.025879,0.0015,2022-04-28 13:46:01
8,8,low,0.1069,0.005503,0.01786,0.0,2024-08-11 23:59:13
9,9,low,0.0861,0.004665,0.012235,0.0,2022-10-03 14:38:52
10,10,medium,0.2449,0.015627,0.051138,0.0015,2022-05-09 20:01:50
11,11,low,0.1066,0.006587,0.015478,0.0,2023-12-22 05:21:28
12,12,low,0.0403,0.002182,0.006255,0.0,2025-08-27 15:37:58
13,13,high,0.2593,0.011743,0.046092,0.004,2024-10-03 12:13:18
14,14,low,0.1179,0.005341,0.020181,0.0,2024-11-07 05:44:19
15,15,medium,0.2048,0.013425,0.033069,0.0015,2024-09-08 12:12:50
16,16,medium,0.1453,0.0077,0.026553,0.0015,2024-12-11 08:03:47
17,17,high,0.2814,0.013554,0.051562,0.004,2023-12-04 02:15:17
18,18,low,0.0861,0.005374,0.014084,0.0,2022-06-25 06:13:36
19,19,high,0.3062,0.016873,0.049191,0.004,2025-02-22 18:36:49
20,20,low,0.1037,0.005459,0.012417,0.0,2023-09-09 03:04:15
21,21,medium,0.1601,0.00649,0.029661,0.0015,2023-11-16 11:33:14
22,22,high,0.3622,0.025723,0.079289,0.004,2023-05-23 06:02:26
23,23,high,0.2964,0.020222,0.039985,0.004,2022-09-07 17:28:10
24,24,medium,0.1581,0.010827,0.019609,0.0015,2025-06-21 19:32:53
25,25,high,0.2656,0.011288,0.056509,0.004,2024-12-05 04:25:21
26,26,medium,0.2081,0.011483,0.031076,0.0015,2024-05-30 19:22:46
27,27,medium,0.1558,0.011356,0.028516,0.0015,2023-07-05 12:04:06
28,28,medium,0.1692,0.0122,0.026482,0.0015,2025-01-30 12:54:33
29,29,low,0.0982,0.003588,0.016445,0.0,2024-01-17 03:31:43
30,30,low,0.01,0.000353,0.001401,0.0,2023-08-30 14:10:29
31,31,medium,0.1374,0.007618,0.026444,0.0015,2022-11-07 20:42:06
32,32,low,0.1036,0.004505,0.016626,0.0,2022-05-07 01:00:22
33,33,medium,0.2269,0.009849,0.035809,0.0015,2024-01-29 16:07:39
34,34,low,0.1031,0.005528,0.017256,0.0,2025-04-29 15:11:57
35,35,low,0.1,0.003687,0.021244,0.0,2022-03-29 07:14:53
36,36,high,0.2801,0.017303,0.055511,0.004,2025-03-20 03:25:11
37,37,medium,0.1698,0.008324,0.018197,0.0015,2025-02-06 04:47:11
38,38,medium,0.2285,0.008664,0.032697,0.0015,2023-01-14 14:34:27
39,39,medium,0.1597,0.011016,0.018924,0.0015,2024-05-14 02:48:19
40,40,high,0.2578,0.014432,0.053995,0.004,2022-08-15 00:48:04
41,41,medium,0.1351,0.009672,0.017499,0.0015,2024-11-03 01:32:12
42,42,medium,0.166,0.005839,0.031871,0.0015,2024-08-16 07:34:12
43,43,low,0.0798,0.004662,0.013872,0.0,2023-04-30 23:47:47
44,44,medium,0.1843,0.009912,0.035386,0.0015,2022-04-03 21:56:58
45,45,high,0.282,0.020447,0.050856,0.004,2025-08-20 21:57:27
46,46,medium,0.1489,0.006265,0.020031,0.0015,2023-09-02 16:48:41
47,47,medium,0.1458,0.008285,0.023294,0.0015,2025-05-06 18:57:09
48,48,low,0.1164,0.004875,0.014045,0.0,2024-07-16 09:26:13
49,49,high,0.3026,0.020991,0.03867,0.004,2024-11-30 19:53:13
50,50,high,0.3596,0.017406,0.041326,0.004,2024-11-05 13:01:06
51,51,low,0.0849,0.0045,0.017413,0.0,2022-09-24 06:22:40
52,52,medium,0.1469,0.009183,0.019728,0.0015,2023-05-13 19:45:46
53,53,low,0.0562,0.002577,0.00651,0.0,2023-10-01 11:23:02
54,54,medium,0.2035,0.008106,0.026237,0.0015,2023-11-12 23:29:30
55,55,medium,0.1455,0.007688,0.019139,0.0015,2022-03-01 22:09:54
56,56,medium,0.1671,0.00831,0.01922,0.0015,2024-01-18 16:58:11
57,57,low,0.0979,0.004814,0.017981,0.0,2022-07-31 01:37:57
58,58,medium,0.232,0.008193,0.041761,0.0015,2024-10-13 22:31:04
59,59,high,0.2598,0.017189,0.044344,0.004,2024-07-23 09:51:47
60,60,low,0.0459,0.002965,0.009378,0.0,2025-06-16 00:26:02
61,61,medium,0.1489,0.009403,0.015851,0.0015,2024-10-15 20:01:51
62,62,medium,0.2089,0.01075,0.036115,0.0015,2023-05-17 13:36:42
63,63,low,0.0989,0.005422,0.016869,0.0,2025-08-16 13:16:46
64,64,medium,0.1516,0.009333,0.028209,0.0015,2023-07-17 01:02:19
65,65,medium,0.2213,0.016206,0.030782,0.0015,2023-03-22 17:29:53
66,66,medium,0.1521,0.007044,0.022991,0.0015,2025-05-23 18:33:00
67,67,low,0.1058,0.006865,0.014878,0.0,2023-05-22 18:55:59
68,68,low,0.12,0.007154,0.017627,0.0,2022-04-15 10:29:58
69,69,low,0.0268,0.00162,0.004742,0.0,2023-10-05 08:27:23
70,70,medium,0.1745,0.006763,0.022865,0.0015,2024-12-24 11:45:53
71,71,medium,0.1965,0.012879,0.04011,0.0015,2022-09-17 04:43:25
72,72,medium,0.131,0.006739,0.028731,0.0015,2023-09-26 07:15:53
73,73,low,0.1032,0.004972,0.015595,0.0,2022-06-27 17:34:58
74,74,low,0.0959,0.005016,0.020993,0.0,2024-07-28 02:27:09
75,75,medium,0.2048,0.014309,0.032324,0.0015,2023-10-13 18:20:38
76,76,low,0.0816,0.004991,0.008359,0.0,2023-03-28 17:00:21
77,77,medium,0.171,0.006049,0.035621,0.0015,2022-11-07 09:53:15
78,78,medium,0.175,0.007766,0.024563,0.0015,2024-02-12 05:39:37
79,79,medium,0.1342,0.008426,0.014393,0.0015,2024-07-05 07:19:59
80,80,low,0.0707,0.004954,0.008639,0.0,2025-07-10 08:07:47
81,81,medium,0.1609,0.009094,0.03007,0.0015,2023-08-22 00:34:18
82,82,low,0.1193,0.007003,0.01527,0.0,2022-08-08 19:42:49
83,83,low,0.01,0.000462,0.00188,0.0,2025-02-13 02:29:25
84,84,low,0.1176,0.004776,0.023502,0.0,2024-05-11 12:25:17
85,85,medium,0.2174,0.011413,0.045479,0.0015,2024-08-15 23:06:13
86,86,high,0.3536,0.019989,0.073814,0.004,2022-05-14 00:08:41
87,87,medium,0.1804,0.010386,0.021944,0.0015,2023-03-04 07:37:17
88,88,medium,0.1675,0.007137,0.027976,0.0015,2024-11-16 09:51:05
89,89,high,0.3368,0.012826,0.069378,0.004,2025-02-12 12:45:13
90,90,medium,0.1596,0.00773,0.020617,0.0015,2023-08-19 09:02:01
91,91,medium,0.1996,0.013396,0.04389,0.0015,2025-01-05 22:01:24
92,92,high,0.2989,0.013724,0.056305,0.004,2025-02-25 10:25:38
93,93,medium,0.1653,0.010303,0.035042,0.0015,2023-06-15 01:41:24
94,94,low,0.0577,0.00262,0.007926,0.0,2025-05-13 14:00:46
95,95,low,0.0923,0.004096,0.011468,0.0,2023-01-30 10:23:17
96,96,low,0.0717,0.003114,0.015336,0.0,2022-11-24 17:09:40
97,97,low,0.068,0.003545,0.009096,0.0,2024-07-22 15:41:32
98,98,low,0.0771,0.003527,0.016076,0.0,2024-05-21 02:09:51
99,99,medium,0.1868,0.009248,0.022499,0.0015,2022-07-11 04:21:12
100,100,medium,0.1674,0.009721,0.023942,0.0015,2025-02-13 04:24:46
101,101,medium,0.1847,0.012609,0.032399,0.0015,2022-10-01 11:23:09
102,102,medium,0.1524,0.010007,0.031926,0.0015,2025-01-06 02:26:51
103,103,high,0.2758,0.014477,0.042845,0.004,2022-01-11 01:43:04
104,104,medium,0.1395,0.006572,0.023987,0.0015,2024-12-26 01:56:08
105,105,low,0.0628,0.003849,0.008741,0.0,2024-12-12 12:18:04
106,106,low,0.1164,0.006092,0.014369,0.0,2024-12-03 12:55:16
107,107,low,0.0773,0.005046,0.014597,0.0,2024-06-28 12:22:59
108,108,medium,0.1311,0.009094,0.024669,0.0015,2023-10-08 02:29:32
109,109,medium,0.1751,0.008135,0.035661,0.0015,2024-08-22 15:59:22
110,110,low,0.1167,0.005883,0.013782,0.0,2023-01-15 02:27:25
111,111,medium,0.2007,0.007255,0.021476,0.0015,2024-12-04 00:53:43
112,112,low,0.0818,0.004266,0.01431,0.0,2024-01-31 03:00:03
113,113,medium,0.2355,0.012369,0.037358,0.0015,2023-09-20 19:07:21
114,114,medium,0.2085,0.014943,0.036507,0.0015,2023-11-23 16:03:51
115,115,low,0.1111,0.005692,0.014292,0.0,2024-02-18 00:54:39
116,116,medium,0.2229,0.011598,0.04438,0.0015,2022-02-20 23:23:46
117,117,medium,0.2081,0.01002,0.031913,0.0015,2022-07-11 05:48:54
118,118,low,0.1267,0.004959,0.022971,0.0,2022-12-02 19:38:15
119,119,low,0.13,0.007686,0.016037,0.0,2022-06-06 16:15:04
120,120,low,0.0729,0.003168,0.007725,0.0,2023-08-25 09:23:34
121,121,medium,0.2208,0.012326,0.03156,0.0015,2024-07-03 09:00:21
122,122,medium,0.1394,0.009164,0.021062,0.0015,2024-06-14 06:12:29
123,123,high,0.312,0.020076,0.04728,0.004,2023-10-07 11:01:50
124,124,high,0.2736,0.010772,0.035217,0.004,2025-03-15 17:59:12
125,125,medium,0.2219,0.0115,0.03463,0.0015,2024-02-13 05:49:54
126,126,medium,0.2207,0.014786,0.035469,0.0015,2022-04-19 08:12:32
127,127,medium,0.1452,0.005122,0.019509,0.0015,2024-11-12 12:26:32
128,128,low,0.1192,0.004876,0.01667,0.0,2024-02-26 01:17:15
129,129,low,0.1107,0.005725,0.018508,0.0,2024-05-18 07:04:18
130,130,medium,0.1536,0.008484,0.01618,0.0015,2024-02-13 10:20:13
131,131,medium,0.1744,0.009748,0.018306,0.0015,2024-01-28 07:07:07
132,132,medium,0.1644,0.011611,0.024966,0.0015,2022-05-04 21:28:36
133,133,low,0.01,0.00065,0.001075,0.0,2024-02-04 23:53:22
134,134,low,0.01,0.00073,0.001896,0.0,2024-12-23 10:34:15
135,135,medium,0.2314,0.017038,0.039438,0.0015,2023-02-20 19:17:22
136,136,medium,0.1373,0.005081,0.014158,0.0015,2024-04-04 16:23:06
137,137,medium,0.1899,0.00741,0.026503,0.0015,2022-02-12 03:48:40
138,138,medium,0.1852,0.012454,0.020478,0.0015,2023-04-21 09:05:37
139,139,medium,0.1513,0.010951,0.031578,0.0015,2023-08-21 10:18:19
140,140,low,0.0578,0.003602,0.007936,0.0,2022-10-21 13:14:38
141,141,medium,0.1964,0.006949,0.028654,0.0015,2023-01-14 07:38:05
142,142,low,0.0602,0.002336,0.011703,0.0,2023-07-13 20:48:44
143,143,high,0.2672,0.019678,0.033653,0.004,2025-09-19 23:11:51
144,144,low,0.0381,0.00147,0.004758,0.0,2025-03-13 10:55:46
145,145,high,0.3196,0.022702,0.062921,0.004,2022-02-17 11:02:21
146,146,medium,0.1784,0.008915,0.029258,0.0015,2022-11-17 00:42:04
147,147,high,0.2506,0.018097,0.032773,0.004,2025-01-29 01:12:55
148,148,medium,0.173,0.007422,0.02057,0.0015,2022-03-21 18:11:44
149,149,medium,0.1324,0.009786,0.025822,0.0015,2025-03-16 13:23:07
150,150,medium,0.1992,0.011124,0.024798,0.0015,2023-01-20 22:23:45
151,151,low,0.0894,0.005872,0.014203,0.0,2025-06-09 08:21:17
152,152,low,0.0925,0.004015,0.011357,0.0,2023-02-06 15:16:12
153,153,medium,0.1715,0.006917,0.024887,0.0015,2023-08-18 03:29:21
154,154,low,0.0822,0.003644,0.009049,0.0,2024-06-24 12:02:34
155,155,low,0.0908,0.00589,0.009187,0.0,2022-06-22 18:02:56
156,156,medium,0.1485,0.005203,0.025133,0.0015,2024-02-02 00:28:46
157,157,medium,0.1894,0.011855,0.031877,0.0015,2023-11-22 20:40:07
158,158,medium,0.174,0.006805,0.021368,0.0015,2024-12-08 08:56:45
159,159,medium,0.1839,0.011315,0.022751,0.0015,2025-09-24 16:10:55
160,160,low,0.1157,0.00545,0.022313,0.0,2024-06-27 18:44:31
161,161,medium,0.1568,0.011136,0.024079,0.0015,2023-07-14 18:24:33
162,162,low,0.0695,0.003308,0.011995,0.0,2023-07-10 22:29:36
163,163,low,0.0245,0.001747,0.003267,0.0,2023-07-26 18:25:17
164,164,medium,0.1455,0.0084,0.024792,0.0015,2025-01-18 13:55:02
165,165,medium,0.1704,0.007449,0.025588,0.0015,2023-03-16 10:09:17
166,166,medium,0.1373,0.009481,0.018252,0.0015,2022-08-17 10:03:17
167,167,medium,0.132,0.006207,0.021976,0.0015,2023-04-03 07:27:23
168,168,medium,0.1302,0.007738,0.014099,0.0015,2022-02-01 01:40:58
169,169,low,0.0965,0.005478,0.011116,0.0,2022-05-26 04:52:23
170,170,medium,0.2289,0.015208,0.035067,0.0015,2022-05-04 04:27:04
171,171,low,0.1159,0.00524,0.015866,0.0,2024-11-21 11:36:31
172,172,medium,0.213,0.008523,0.041923,0.0015,2024-09-15 04:30:07
173,173,low,0.1162,0.008312,0.014365,0.0,2024-08-11 04:22:43
174,174,low,0.0381,0.001809,0.004422,0.0,2023-09-24 20:21:11
175,175,medium,0.1361,0.008149,0.014698,0.0015,2024-09-07 22:27:54
176,176,low,0.0913,0.006374,0.018071,0.0,2022-08-09 14:52:30
177,177,low,0.01,0.000382,0.002032,0.0,2025-05-17 01:12:39
178,178,low,0.0177,0.000826,0.003682,0.0,2023-11-17 10:18:07
179,179,medium,0.1503,0.005763,0.031029,0.0015,2025-07-07 06:06:11
180,180,low,0.1095,0.00787,0.022437,0.0,2022-07-28 08:42:39
181,181,medium,0.1856,0.013478,0.040268,0.0015,2023-11-12 08:20:27
182,182,high,0.2878,0.020496,0.04254,0.004,2024-08-10 13:35:25
183,183,high,0.2889,0.014326,0.051705,0.004,2023-11-10 00:23:18
184,184,low,0.0925,0.005012,0.009715,0.0,2023-09-03 08:12:10
185,185,medium,0.1882,0.01347,0.038392,0.0015,2022-08-16 09:08:28
186,186,medium,0.24,0.016898,0.028183,0.0015,2023-06-06 05:41:20
187,187,low,0.0866,0.003072,0.015754,0.0,2022-11-23 15:10:26
188,188,low,0.0313,0.00132,0.004356,0.0,2023-02-17 11:14:41
189,189,medium,0.1429,0.007334,0.024366,0.0015,2024-07-24 07:15:36
190,190,medium,0.1576,0.010246,0.030753,0.0015,2024-05-12 05:26:17
191,191,low,0.0988,0.004972,0.015911,0.0,2024-04-10 15:28:23
192,192,medium,0.1362,0.005889,0.029149,0.0015,2023-05-10 23:01:53
193,193,medium,0.1447,0.009859,0.019838,0.0015,2025-08-05 20:37:36
194,194,low,0.0269,0.00131,0.004504,0.0,2022-04-30 21:43:19
195,195,medium,0.1641,0.00649,0.033315,0.0015,2023-04-14 15:56:25
196,196,medium,0.147,0.00887,0.024428,0.0015,2022-06-11 10:22:11
197,197,medium,0.1348,0.009377,0.022117,0.0015,2023-04-09 16:12:10
198,198,low,0.01,0.000581,0.001464,0.0,2025-08-08 21:01:26
199,199,medium,0.1973,0.014765,0.038135,0.0015,2025-05-27 22:31:16
200,200,medium,0.2325,0.016268,0.033275,0.0015,2023-11-09 05:59:44
201,201,medium,0.2476,0.011087,0.032124,0.0015,2024-08-15 04:47:04
202,202,medium,0.1707,0.008222,0.019704,0.0015,2023-09-18 17:55:51
203,203,low,0.1196,0.005124,0.018099,0.0,2022-12-30 17:02:33
204,204,low,0.0823,0.004719,0.01106,0.0,2024-11-11 11:10:53
205,205,medium,0.1364,0.008329,0.029829,0.0015,2025-08-18 19:59:55
206,206,medium,0.1892,0.012296,0.032795,0.0015,2022-12-27 12:02:53
207,207,low,0.1239,0.006963,0.027154,0.0,2024-12-01 07:56:58
208,208,medium,0.1569,0.006258,0.028773,0.0015,2022-12-24 05:44:54
209,209,low,0.0606,0.002728,0.012225,0.0,2024-09-07 16:56:19
210,210,low,0.0918,0.004933,0.010414,0.0,2024-12-15 08:39:48
211,211,medium,0.245,0.011214,0.044825,0.0015,2023-09-07 17:26:12
212,212,medium,0.2155,0.00798,0.024614,0.0015,2024-10-05 02:32:39
213,213,low,0.01,0.000706,0.001176,0.0,2023-01-08 10:14:05
214,214,medium,0.1759,0.009823,0.019219,0.0015,2022-04-19 10:03:04
215,215,medium,0.1306,0.007681,0.022835,0.0015,2022-05-12 20:42:29
216,216,high,0.2701,0.01056,0.048096,0.004,2023-09-04 12:40:57
217,217,low,0.01,0.000714,0.001348,0.0,2025-05-19 18:14:30
218,218,low,0.1271,0.008831,0.02636,0.0,2022-06-24 12:36:11
219,219,medium,0.1924,0.009742,0.040568,0.0015,2023-09-16 12:02:49
220,220,high,0.2529,0.010855,0.049709,0.004,2024-08-21 02:46:50
221,221,medium,0.2027,0.013537,0.035501,0.0015,2022-10-04 19:59:38
222,222,medium,0.1707,0.009892,0.029306,0.0015,2024-09-14 04:06:34
223,223,high,0.3279,0.02238,0.048247,0.004,2023-02-23 13:10:04
224,224,medium,0.2011,0.010916,0.031127,0.0015,2025-01-11 05:56:58
225,225,low,0.1092,0.007714,0.012768,0.0,2024-03-03 08:56:12
226,226,medium,0.137,0.00872,0.029415,0.0015,2024-01-19 04:03:34
227,227,low,0.023,0.001128,0.003922,0.0,2022-08-30 19:48:14
228,228,low,0.106,0.006908,0.015429,0.0,2023-09-26 15:58:35
229,229,low,0.0284,0.001361,0.003531,0.0,2025-03-17 20:21:36
230,230,medium,0.209,0.010904,0.031099,0.0015,2022-01-27 17:00:42
231,231,medium,0.1749,0.008916,0.02101,0.0015,2024-11-03 15:42:47
232,232,medium,0.1662,0.008596,0.03253,0.0015,2023-11-06 02:22:29
233,233,medium,0.1862,0.011924,0.034761,0.0015,2024-09-11 05:24:27
234,234,medium,0.1939,0.008694,0.036767,0.0015,2024-06-26 09:24:01
235,235,low,0.111,0.005322,0.020224,0.0,2023-08-15 02:28:43
236,236,medium,0.1731,0.009607,0.035889,0.0015,2023-02-27 06:09:41
237,237,high,0.297,0.013682,0.036192,0.004,2024-05-08 03:48:13
238,238,medium,0.2152,0.008677,0.035071,0.0015,2022-07-11 19:50:35
239,239,medium,0.1313,0.008291,0.022857,0.0015,2024-03-10 01:06:16
240,240,low,0.1089,0.006413,0.023716,0.0,2022-05-10 13:00:58
241,241,medium,0.1784,0.012999,0.025606,0.0015,2024-06-07 23:45:49
242,242,medium,0.1832,0.011852,0.0244,0.0015,2024-05-10 02:57:54
243,243,medium,0.2232,0.012918,0.0239,0.0015,2022-04-26 12:28:33
244,244,medium,0.1576,0.007197,0.034106,0.0015,2024-11-02 05:50:33
245,245,low,0.1213,0.005214,0.015821,0.0,2023-07-23 19:47:19
246,246,medium,0.1407,0.007868,0.015943,0.0015,2024-12-12 11:03:22
247,247,high,0.3967,0.021196,0.082363,0.004,2022-02-26 22:16:35
248,248,medium,0.1835,0.009397,0.038867,0.0015,2022-09-03 11:54:56
249,249,low,0.0904,0.00476,0.01491,0.0,2023-11-07 18:42:23
250,250,medium,0.1579,0.006868,0.020935,0.0015,2022-09-15 11:48:31
251,251,medium,0.2073,0.010745,0.033029,0.0015,2023-03-28 06:00:11
252,252,medium,0.1637,0.005985,0.01855,0.0015,2024-06-22 16:47:16
253,253,medium,0.1604,0.009208,0.018599,0.0015,2022-07-17 17:01:05
254,254,medium,0.2269,0.012995,0.035747,0.0015,2024-07-16 02:20:34
255,255,low,0.0716,0.004413,0.014402,0.0,2022-05-22 10:55:34
256,256,low,0.0189,0.001204,0.002223,0.0,2022-08-28 15:40:47
257,257,medium,0.2188,0.013559,0.038796,0.0015,2024-03-14 21:32:47
258,258,low,0.1114,0.007482,0.015596,0.0,2024-12-21 11:38:29
259,259,low,0.1259,0.005077,0.013436,0.0,2022-08-22 08:54:30
260,260,high,0.3294,0.023206,0.042903,0.004,2023-02-15 09:21:47
261,261,high,0.3531,0.017845,0.038242,0.004,2025-06-19 13:32:37
262,262,medium,0.1749,0.010784,0.02143,0.0015,2025-09-15 21:17:41
263,263,medium,0.1407,0.005603,0.019222,0.0015,2024-03-05 21:23:57
264,264,medium,0.165,0.007254,0.019932,0.0015,2023-09-04 13:09:23
265,265,low,0.1288,0.009302,0.01912,0.0,2023-04-20 12:25:45
266,266,medium,0.1929,0.007813,0.019362,0.0015,2024-04-17 20:01:17
267,267,medium,0.1672,0.008964,0.017303,0.0015,2024-03-19 08:56:14
268,268,medium,0.2431,0.009427,0.046636,0.0015,2023-02-08 05:19:53
269,269,medium,0.2255,0.008733,0.043567,0.0015,2022-02-01 04:41:48
270,270,low,0.1227,0.009173,0.017916,0.0,2022-07-27 05:59:32
271,271,high,0.2636,0.015959,0.05745,0.004,2025-08-04 07:24:57
272,272,low,0.0782,0.004728,0.010387,0.0,2023-07-27 00:51:43
273,273,low,0.0894,0.004098,0.016961,0.0,2023-10-22 18:59:11
274,274,high,0.2613,0.010735,0.040021,0.004,2023-10-02 00:04:30
275,275,medium,0.1519,0.009049,0.021429,0.0015,2024-12-06 18:45:46
276,276,medium,0.2326,0.010461,0.03131,0.0015,2022-03-30 20:39:14
277,277,medium,0.1397,0.006405,0.017826,0.0015,2022-04-24 04:11:28
278,278,low,0.1034,0.005359,0.018567,0.0,2023-01-13 08:37:00
279,279,medium,0.167,0.007347,0.017292,0.0015,2023-10-28 17:57:58
280,280,medium,0.1576,0.01144,0.032875,0.0015,2024-07-07 02:20:40
281,281,medium,0.1401,0.008142,0.018286,0.0015,2023-11-03 06:53:31
282,282,medium,0.1559,0.005882,0.024584,0.0015,2023-08-27 12:25:49
283,283,low,0.1144,0.006211,0.016802,0.0,2025-07-06 22:43:05
284,284,medium,0.228,0.013096,0.048758,0.0015,2022-08-09 06:34:26
285,285,high,0.3035,0.014974,0.036477,0.004,2024-02-22 02:58:31
286,286,high,0.3521,0.024634,0.050644,0.004,2024-01-12 18:58:37
287,287,high,0.2622,0.014641,0.047045,0.004,2023-10-10 17:36:14
288,288,medium,0.1513,0.006743,0.020265,0.0015,2025-01-09 19:02:21
289,289,medium,0.2,0.011332,0.033078,0.0015,2023-01-01 05:20:41
290,290,low,0.1147,0.007333,0.011843,0.0,2025-07-28 18:16:14
291,291,low,0.1289,0.006105,0.026851,0.0,2023-03-30 14:04:23
292,292,medium,0.1372,0.009594,0.027533,0.0015,2024-01-16 13:35:13
293,293,medium,0.1752,0.00653,0.020127,0.0015,2023-12-14 06:42:58
294,294,high,0.4053,0.019013,0.075994,0.004,2025-03-08 11:54:28
295,295,low,0.0892,0.006429,0.009571,0.0,2023-08-24 10:20:27
296,296,low,0.1231,0.005625,0.025938,0.0,2023-01-25 06:38:23
297,297,medium,0.2243,0.008529,0.025655,0.0015,2022-01-30 13:34:04
298,298,low,0.1016,0.003739,0.014534,0.0,2023-05-13 12:17:03
299,299,low,0.0416,0.002708,0.008433,0.0,2025-02-04 08:48:59
300,300,low,0.0375,0.001815,0.004676,0.0,2022-01-14 13:34:06
301,301,low,0.01,0.000656,0.002114,0.0,2025-05-10 22:45:01
302,302,medium,0.2062,0.012588,0.037123,0.0015,2024-01-13 14:05:56
303,303,low,0.0315,0.002046,0.00494,0.0,2022-07-11 20:39:29
304,304,high,0.2957,0.021203,0.033922,0.004,2023-02-18 09:09:06
305,305,medium,0.1659,0.011212,0.029665,0.0015,2024-01-28 22:06:52
306,306,high,0.2774,0.01139,0.047344,0.004,2023-03-08 20:48:19
307,307,low,0.121,0.008628,0.018238,0.0,2022-05-29 12:45:31
308,308,low,0.0589,0.002852,0.008741,0.0,2024-06-30 01:44:49
309,309,low,0.0692,0.004647,0.011808,0.0,2024-07-08 14:59:12
310,310,medium,0.2283,0.012754,0.034103,0.0015,2022-06-12 14:52:45
311,311,medium,0.1307,0.005493,0.023794,0.0015,2023-01-20 17:28:03
312,312,medium,0.178,0.011139,0.027109,0.0015,2022-11-30 14:50:47
313,313,medium,0.156,0.009634,0.033939,0.0015,2024-06-21 02:09:50
314,314,low,0.1112,0.007927,0.018505,0.0,2024-09-26 01:03:52
315,315,high,0.29,0.014913,0.033904,0.004,2024-09-21 12:41:13
316,316,low,0.0528,0.003398,0.011411,0.0,2025-07-08 05:24:32
317,317,medium,0.1331,0.007418,0.029059,0.0015,2024-11-17 12:14:04
318,318,low,0.1171,0.006674,0.025656,0.0,2023-03-15 16:32:50
319,319,medium,0.1847,0.008998,0.025241,0.0015,2022-05-28 09:21:02
320,320,medium,0.1926,0.009525,0.027195,0.0015,2024-04-20 19:57:12
321,321,low,0.1038,0.006968,0.01046,0.0,2025-06-07 02:30:03
322,322,high,0.2942,0.017764,0.060762,0.004,2025-08-27 00:17:57
323,323,medium,0.2273,0.014197,0.042094,0.0015,2022-11-11 22:23:08
324,324,medium,0.1364,0.009851,0.018245,0.0015,2022-11-20 11:18:17
325,325,medium,0.207,0.012953,0.025332,0.0015,2022-02-21 04:19:44
326,326,low,0.0653,0.004203,0.013501,0.0,2022-07-13 05:55:07
327,327,medium,0.1561,0.010286,0.022249,0.0015,2024-01-30 00:54:58
328,328,medium,0.1995,0.010404,0.033421,0.0015,2024-01-19 00:38:43
329,329,low,0.0866,0.004626,0.010304,0.0,2023-05-23 10:07:13
330,330,medium,0.1601,0.011871,0.019389,0.0015,2023-03-01 00:27:25
331,331,medium,0.1915,0.010987,0.028053,0.0015,2025-02-09 03:39:24
332,332,medium,0.1437,0.00719,0.018692,0.0015,2023-09-22 07:50:02
333,333,low,0.129,0.004817,0.01635,0.0,2025-01-10 16:30:44
334,334,low,0.0675,0.002943,0.010047,0.0,2025-08-10 16:10:19
335,335,medium,0.2078,0.013737,0.025995,0.0015,2023-03-10 20:18:14
336,336,medium,0.1706,0.012298,0.0364,0.0015,2022-10-05 08:18:15
337,337,low,0.0147,0.000977,0.002504,0.0,2025-07-27 13:35:34
338,338,medium,0.1788,0.011951,0.018819,0.0015,2024-05-18 10:46:27
339,339,medium,0.1398,0.009791,0.017672,0.0015,2023-02-02 23:24:52
340,340,medium,0.1504,0.007941,0.023141,0.0015,2024-04-30 16:54:25
341,341,high,0.2504,0.01016,0.037968,0.004,2023-12-06 14:21:20
342,342,medium,0.1712,0.010235,0.031244,0.0015,2025-05-23 18:25:58
343,343,high,0.2577,0.01839,0.049657,0.004,2022-12-17 03:50:45
344,344,medium,0.2485,0.013124,0.041861,0.0015,2025-09-18 05:04:48
345,345,high,0.285,0.019286,0.04069,0.004,2025-07-04 12:10:56
346,346,medium,0.1326,0.009284,0.016243,0.0015,2022-09-05 04:48:28
347,347,medium,0.2108,0.008052,0.022016,0.0015,2022-08-14 04:24:13
348,348,medium,0.1673,0.008716,0.017945,0.0015,2023-12-31 08:36:18
349,349,medium,0.1984,0.010543,0.029605,0.0015,2022-03-03 10:30:19
350,350,medium,0.1987,0.010395,0.019903,0.0015,2023-02-13 18:08:04
351,351,low,0.0715,0.003259,0.010061,0.0,2023-08-19 05:06:24
352,352,medium,0.1656,0.009033,0.016708,0.0015,2025-08-19 02:27:52
353,353,medium,0.2293,0.014658,0.046622,0.0015,2025-09-19 13:40:28
354,354,medium,0.1994,0.012401,0.024994,0.0015,2022-07-27 07:21:33
355,355,low,0.111,0.008014,0.01994,0.0,2025-05-04 19:32:52
356,356,medium,0.1847,0.011895,0.038237,0.0015,2022-05-05 09:22:30
357,357,medium,0.1547,0.010083,0.031982,0.0015,2024-10-21 02:17:54
358,358,medium,0.1804,0.008402,0.035848,0.0015,2025-03-02 20:08:28
359,359,medium,0.2099,0.007609,0.036941,0.0015,2025-05-03 14:29:56
360,360,low,0.0772,0.004284,0.009773,0.0,2022-11-02 15:15:28
361,361,medium,0.2165,0.01432,0.032675,0.0015,2025-05-07 05:38:24
362,362,medium,0.145,0.007386,0.021621,0.0015,2022-06-08 15:53:06
363,363,low,0.0563,0.003801,0.00961,0.0,2023-12-11 19:09:27
364,364,low,0.1146,0.006857,0.016812,0.0,2023-10-05 08:06:40
365,365,medium,0.1788,0.008632,0.019872,0.0015,2023-03-09 04:34:57
366,366,medium,0.1758,0.008559,0.018491,0.0015,2022-01-31 06:03:09
367,367,high,0.2552,0.0159,0.037979,0.004,2024-11-22 02:42:43
368,368,medium,0.16,0.009285,0.032707,0.0015,2023-04-05 01:52:56
369,369,low,0.0579,0.002181,0.010685,0.0,2024-06-24 03:39:45
370,370,medium,0.145,0.008278,0.019819,0.0015,2023-07-16 04:20:25
371,371,low,0.0215,0.000791,0.004568,0.0,2023-05-27 03:55:49
372,372,high,0.2645,0.015044,0.047276,0.004,2025-04-27 10:52:03
373,373,medium,0.218,0.015719,0.043748,0.0015,2022-05-10 05:31:46
374,374,low,0.1143,0.004419,0.022726,0.0,2024-10-04 16:37:15
375,375,medium,0.1758,0.009555,0.030702,0.0015,2024-10-18 14:35:47
376,376,high,0.3934,0.025959,0.083693,0.004,2023-06-04 19:52:45
377,377,high,0.3856,0.020113,0.059386,0.004,2022-12-26 01:06:13
378,378,medium,0.1546,0.007635,0.030029,0.0015,2022-01-08 06:14:30
379,379,medium,0.2278,0.013233,0.028346,0.0015,2025-07-05 13:26:57
380,380,low,0.0396,0.002737,0.008432,0.0,2025-07-20 11:55:09
381,381,low,0.0985,0.006863,0.018485,0.0,2022-11-26 15:32:45
382,382,medium,0.1354,0.006203,0.017944,0.0015,2022-02-13 15:42:12
383,383,low,0.1244,0.00917,0.021215,0.0,2022-06-17 22:23:18
384,384,medium,0.2307,0.009573,0.023677,0.0015,2022-04-03 12:51:01
385,385,medium,0.1321,0.005744,0.021557,0.0015,2025-02-10 23:05:28
386,386,medium,0.2274,0.014326,0.04351,0.0015,2025-05-05 03:14:12
387,387,medium,0.1862,0.012972,0.026768,0.0015,2022-07-29 16:37:50
388,388,medium,0.1577,0.006689,0.029761,0.0015,2024-10-18 12:56:59
389,389,medium,0.1701,0.008166,0.031909,0.0015,2022-09-03 05:44:13
390,390,low,0.0818,0.003116,0.017352,0.0,2023-05-18 08:12:20
391,391,low,0.0644,0.003439,0.01386,0.0,2024-03-30 22:56:08
392,392,low,0.1045,0.005816,0.013058,0.0,2024-09-11 20:38:10
393,393,medium,0.2254,0.013212,0.031295,0.0015,2025-04-11 09:37:15
394,394,medium,0.2277,0.009675,0.028914,0.0015,2022-03-03 06:22:32
395,395,medium,0.1395,0.006428,0.02047,0.0015,2022-09-26 17:20:34
396,396,low,0.078,0.005086,0.008169,0.0,2023-01-19 17:39:32
397,397,low,0.0974,0.003835,0.015357,0.0,2023-03-01 12:32:48
398,398,medium,0.2105,0.007402,0.04343,0.0015,2025-09-27 07:15:02
399,399,high,0.2734,0.01383,0.051156,0.004,2024-11-29 11:45:20
400,400,medium,0.1367,0.007952,0.022939,0.0015,2023-03-15 07:56:18
401,401,low,0.0317,0.002241,0.004123,0.0,2025-08-22 11:00:18
402,402,medium,0.247,0.009033,0.032014,0.0015,2023-11-15 01:14:48
403,403,medium,0.1503,0.007268,0.016513,0.0015,2023-11-17 00:20:04
404,404,low,0.0356,0.002463,0.003909,0.0,2023-08-17 07:12:02
405,405,low,0.0994,0.006314,0.019058,0.0,2022-07-16 20:26:34
406,406,medium,0.1349,0.008137,0.028735,0.0015,2025-07-02 05:19:02
407,407,low,0.0308,0.001091,0.006212,0.0,2022-01-20 01:33:22
408,408,low,0.1215,0.006512,0.025813,0.0,2022-08-27 09:54:45
409,409,medium,0.1842,0.013657,0.020262,0.0015,2022-11-11 04:04:00
410,410,low,0.01,0.000618,0.001427,0.0,2023-01-18 01:53:44
411,411,low,0.098,0.006625,0.012592,0.0,2022-06-30 07:59:13
412,412,high,0.257,0.014274,0.028709,0.004,2022-01-25 13:42:32
413,413,medium,0.1706,0.008438,0.021897,0.0015,2024-07-16 00:53:22
414,414,medium,0.199,0.009519,0.035211,0.0015,2025-08-19 00:22:59
415,415,low,0.1071,0.007163,0.016928,0.0,2022-06-16 16:00:17
416,416,medium,0.1676,0.00896,0.03505,0.0015,2023-02-10 15:50:37
417,417,medium,0.163,0.007807,0.018894,0.0015,2023-11-24 15:49:27
418,418,low,0.1277,0.007819,0.023242,0.0,2025-06-22 19:45:27
419,419,medium,0.1793,0.013439,0.030584,0.0015,2024-08-07 18:01:27
420,420,medium,0.225,0.011749,0.042498,0.0015,2024-11-14 03:29:18
421,421,medium,0.172,0.007147,0.026858,0.0015,2024-03-05 23:13:13
422,422,medium,0.227,0.013773,0.023655,0.0015,2023-07-25 12:07:08
423,423,medium,0.1326,0.006766,0.019495,0.0015,2022-10-01 07:02:03
424,424,low,0.0797,0.00467,0.009993,0.0,2025-03-28 09:10:11
425,425,medium,0.1618,0.012119,0.022176,0.0015,2025-01-05 01:00:59
426,426,low,0.0799,0.004261,0.010145,0.0,2022-02-04 08:07:36
427,427,medium,0.1749,0.008242,0.030805,0.0015,2024-09-05 16:14:48
428,428,low,0.1093,0.00811,0.023024,0.0,2022-04-26 10:37:48
429,429,high,0.2653,0.016366,0.031215,0.004,2024-10-07 22:19:22
430,430,medium,0.1752,0.008274,0.02569,0.0015,2025-02-03 21:42:59
431,431,medium,0.2081,0.009925,0.027957,0.0015,2022-06-29 06:53:17
432,432,medium,0.1955,0.011573,0.022258,0.0015,2023-08-17 11:41:56
433,433,low,0.0891,0.004415,0.013186,0.0,2022-06-19 07:05:05
434,434,medium,0.2476,0.016322,0.048412,0.0015,2024-02-16 01:00:35
435,435,medium,0.1402,0.005989,0.018646,0.0015,2025-06-22 21:44:01
436,436,low,0.0869,0.003703,0.011397,0.0,2022-04-21 15:06:32
437,437,low,0.106,0.004697,0.022403,0.0,2023-06-28 21:17:14
438,438,low,0.0968,0.006772,0.017189,0.0,2025-08-24 05:29:34
439,439,low,0.0705,0.002725,0.009447,0.0,2023-02-16 16:44:50
440,440,low,0.11,0.006497,0.011421,0.0,2022-06-30 20:56:20
441,441,low,0.1138,0.007914,0.024913,0.0,2023-10-31 09:11:28
442,442,medium,0.161,0.006775,0.03496,0.0015,2023-11-27 10:53:19
443,443,medium,0.1855,0.013312,0.033444,0.0015,2024-06-25 19:09:28
444,444,medium,0.1336,0.008477,0.015364,0.0015,2023-03-06 04:37:53
445,445,low,0.0595,0.002631,0.011122,0.0,2025-07-31 07:01:21
446,446,medium,0.1428,0.010596,0.022036,0.0015,2023-12-14 18:13:06
447,447,medium,0.2311,0.015785,0.024412,0.0015,2023-01-27 20:36:09
448,448,medium,0.1562,0.005824,0.01809,0.0015,2025-08-06 16:03:32
449,449,medium,0.1891,0.012858,0.019847,0.0015,2025-06-19 03:18:37
450,450,low,0.0881,0.005115,0.010025,0.0,2023-11-14 20:34:40
451,451,low,0.1098,0.007748,0.018282,0.0,2022-02-04 00:11:12
452,452,high,0.2502,0.014659,0.047111,0.004,2024-03-27 14:36:22
453,453,medium,0.2181,0.01458,0.047422,0.0015,2024-01-30 12:15:43
454,454,low,0.125,0.008538,0.027261,0.0,2022-07-22 17:58:45
455,455,medium,0.1586,0.010605,0.031328,0.0015,2024-05-17 06:40:15
456,456,low,0.087,0.003249,0.009209,0.0,2025-02-24 04:56:04
457,457,low,0.0942,0.005806,0.014536,0.0,2022-05-25 20:49:24
458,458,medium,0.176,0.012472,0.018634,0.0015,2024-09-16 12:07:43
459,459,low,0.1063,0.007702,0.018758,0.0,2022-07-11 23:37:46
460,460,medium,0.232,0.015235,0.027548,0.0015,2024-10-21 09:27:50
461,461,low,0.1008,0.004777,0.018023,0.0,2023-07-28 08:21:40
462,462,medium,0.2056,0.014253,0.026799,0.0015,2022-01-09 21:46:12
463,463,medium,0.1582,0.005701,0.028208,0.0015,2025-08-14 19:19:34
464,464,medium,0.1844,0.01214,0.034616,0.0015,2022-08-16 01:08:22
465,465,medium,0.1953,0.010627,0.026286,0.0015,2024-03-26 09:16:08
466,466,low,0.0638,0.004478,0.013969,0.0,2022-09-06 05:57:53
467,467,low,0.1064,0.005861,0.013583,0.0,2025-06-30 09:01:06
468,468,low,0.1001,0.005196,0.011179,0.0,2024-10-07 00:42:14
469,469,medium,0.1733,0.011919,0.029473,0.0015,2025-01-05 08:46:39
470,470,high,0.3018,0.014538,0.045065,0.004,2023-08-15 02:02:49
471,471,high,0.3054,0.016648,0.06097,0.004,2023-10-02 09:04:21
472,472,medium,0.243,0.016705,0.039345,0.0015,2024-12-09 13:21:12
473,473,low,0.0906,0.003219,0.011837,0.0,2025-03-04 16:01:57
474,474,low,0.0636,0.003115,0.010357,0.0,2022-01-25 09:37:02
475,475,medium,0.1732,0.011831,0.035264,0.0015,2024-06-26 18:02:48
476,476,medium,0.2354,0.016519,0.030227,0.0015,2022-05-30 07:24:56
477,477,high,0.2727,0.011292,0.031236,0.004,2023-01-29 21:22:31
478,478,high,0.2518,0.01329,0.051557,0.004,2025-02-08 15:48:01
479,479,high,0.2722,0.013269,0.05536,0.004,2022-12-09 16:50:54
480,480,high,0.2623,0.01942,0.052998,0.004,2024-12-26 01:05:55
481,481,medium,0.2171,0.012498,0.02885,0.0015,2023-09-26 09:28:19
482,482,low,0.0339,0.001729,0.006634,0.0,2022-11-15 06:03:39
483,483,medium,0.1665,0.011638,0.021787,0.0015,2023-04-03 05:54:19
484,484,low,0.0987,0.006252,0.017227,0.0,2023-12-28 02:13:37
485,485,high,0.3378,0.021451,0.03869,0.004,2024-11-12 17:18:42
486,486,medium,0.1879,0.011174,0.028245,0.0015,2024-04-09 00:42:41
487,487,low,0.085,0.004395,0.017765,0.0,2025-06-30 15:36:18
488,488,medium,0.1862,0.00725,0.019063,0.0015,2025-04-02 01:36:19
489,489,low,0.0628,0.003789,0.007434,0.0,2024-10-27 14:06:11
490,490,high,0.2501,0.012904,0.044201,0.004,2024-04-05 01:12:51
491,491,medium,0.1644,0.008729,0.032119,0.0015,2023-02-01 12:32:46
492,492,medium,0.1416,0.010191,0.021591,0.0015,2023-07-19 09:32:59
493,493,low,0.1106,0.007061,0.021179,0.0,2022-06-12 15:32:14
494,494,medium,0.186,0.012327,0.040327,0.0015,2023-05-27 21:12:37
495,495,low,0.0657,0.004298,0.012056,0.0,2025-06-21 09:56:12
496,496,medium,0.1308,0.006839,0.020026,0.0015,2023-08-06 14:33:38
497,497,medium,0.2479,0.01422,0.04354,0.0015,2022-06-05 13:56:40
498,498,medium,0.1385,0.007856,0.018939,0.0015,2024-06-10 20:11:57
499,499,medium,0.1882,0.008402,0.020984,0.0015,2025-08-09 20:34:17
500,500,low,0.1212,0.007311,0.014234,0.0,2025-04-01 17:27:08
501,501,low,0.1036,0.00518,0.015804,0.0,2023-01-10 22:28:41
502,502,medium,0.1858,0.006906,0.024896,0.0015,2023-09-13 22:20:32
503,503,medium,0.1644,0.012131,0.017317,0.0015,2023-12-28 10:20:03
504,504,medium,0.2407,0.01243,0.034983,0.0015,2022-12-06 01:04:06
505,505,low,0.0599,0.002936,0.012119,0.0,2023-01-03 13:41:42
506,506,high,0.2556,0.015362,0.028056,0.004,2022-11-20 18:05:55
507,507,high,0.3135,0.016663,0.065294,0.004,2025-09-22 14:05:35
508,508,medium,0.1557,0.011539,0.018551,0.0015,2024-10-17 13:08:27
509,509,medium,0.1592,0.00589,0.024685,0.0015,2025-02-24 06:59:47
510,510,medium,0.1705,0.011539,0.03529,0.0015,2025-01-22 01:35:08
511,511,low,0.0549,0.001967,0.005995,0.0,2022-05-25 00:29:23
512,512,low,0.1093,0.004626,0.018606,0.0,2025-04-21 01:45:22
513,513,medium,0.1654,0.006939,0.03146,0.0015,2022-04-02 01:15:37
514,514,medium,0.1602,0.00779,0.027099,0.0015,2023-10-13 09:01:21
515,515,low,0.0706,0.004941,0.007402,0.0,2024-03-24 04:26:45
516,516,low,0.1132,0.005065,0.018731,0.0,2023-05-05 13:17:42
517,517,high,0.341,0.01896,0.040143,0.004,2022-07-19 23:09:35
518,518,low,0.0101,0.000549,0.001508,0.0,2022-09-21 01:38:14
519,519,medium,0.1399,0.006217,0.017748,0.0015,2025-02-02 03:22:28
520,520,medium,0.1357,0.007266,0.025895,0.0015,2023-03-13 00:20:35
521,521,medium,0.1447,0.009946,0.028476,0.0015,2023-03-01 12:54:28
522,522,medium,0.1425,0.008966,0.017778,0.0015,2025-06-17 03:49:00
523,523,medium,0.146,0.007397,0.025841,0.0015,2022-07-16 19:36:11
524,524,low,0.0994,0.004552,0.019576,0.0,2025-06-06 02:02:36
525,525,low,0.0374,0.002079,0.005693,0.0,2025-06-13 21:18:09
526,526,low,0.0909,0.004,0.019102,0.0,2024-03-29 19:54:36
527,527,medium,0.2034,0.008387,0.025664,0.0015,2022-08-15 10:44:15
528,528,medium,0.1676,0.006156,0.019301,0.0015,2022-08-02 05:13:26
529,529,low,0.0545,0.00193,0.006451,0.0,2023-01-25 11:55:47
530,530,medium,0.2383,0.017615,0.049939,0.0015,2024-02-29 21:42:38
531,531,low,0.1201,0.00594,0.020951,0.0,2022-07-30 03:26:05
532,532,medium,0.1531,0.005586,0.017453,0.0015,2023-09-16 08:09:39
533,533,low,0.0924,0.005381,0.013551,0.0,2022-06-07 23:46:11
534,534,low,0.0537,0.002889,0.007343,0.0,2024-01-10 02:36:29
535,535,medium,0.2313,0.013413,0.047481,0.0015,2024-08-27 23:04:32
536,536,high,0.2758,0.015627,0.039311,0.004,2022-03-17 18:44:31
537,537,low,0.0922,0.003597,0.010171,0.0,2022-09-24 12:23:26
538,538,medium,0.1379,0.008954,0.01397,0.0015,2022-08-27 21:49:43
539,539,medium,0.2434,0.012185,0.041032,0.0015,2025-02-10 19:11:52
540,540,medium,0.1828,0.013678,0.021588,0.0015,2022-03-15 00:38:08
541,541,medium,0.1797,0.010537,0.039375,0.0015,2023-08-11 05:27:11
542,542,medium,0.1408,0.007691,0.029405,0.0015,2024-03-19 16:26:01
543,543,high,0.2833,0.01401,0.045997,0.004,2023-12-07 21:09:57
544,544,medium,0.1647,0.009313,0.03029,0.0015,2024-07-20 05:13:09
545,545,medium,0.2303,0.012418,0.028519,0.0015,2025-01-03 15:25:20
546,546,medium,0.2009,0.011254,0.020574,0.0015,2023-06-23 11:40:30
547,547,medium,0.1571,0.011593,0.016204,0.0015,2025-02-07 00:02:56
548,548,medium,0.1509,0.007728,0.025351,0.0015,2023-03-12 00:17:01
549,549,medium,0.194,0.00897,0.023353,0.0015,2025-09-08 16:33:59
550,550,medium,0.152,0.007905,0.028234,0.0015,2023-11-22 04:36:19
551,551,low,0.0366,0.001359,0.006752,0.0,2024-10-03 20:47:23
552,552,medium,0.1777,0.009465,0.038297,0.0015,2025-04-12 00:09:44
553,553,low,0.0948,0.006812,0.018267,0.0,2024-12-20 08:19:32
554,554,medium,0.1672,0.007194,0.02802,0.0015,2025-03-10 08:21:12
555,555,medium,0.2251,0.008681,0.031845,0.0015,2024-01-04 22:48:49
556,556,medium,0.2457,0.008755,0.052796,0.0015,2022-03-01 11:22:23
557,557,medium,0.2302,0.013991,0.028179,0.0015,2023-11-06 12:55:07
558,558,medium,0.2437,0.015985,0.030206,0.0015,2022-09-06 06:57:20
559,559,low,0.0164,0.001011,0.002872,0.0,2025-05-01 07:28:32
560,560,medium,0.2437,0.014775,0.053227,0.0015,2022-11-20 20:48:27
561,561,high,0.2957,0.020011,0.032513,0.004,2022-11-08 23:59:19
562,562,medium,0.169,0.011682,0.036967,0.0015,2022-12-08 03:53:34
563,563,low,0.053,0.002566,0.00779,0.0,2024-05-29 00:44:07
564,564,low,0.1162,0.006763,0.020537,0.0,2024-02-21 10:42:37
565,565,medium,0.1482,0.009091,0.026999,0.0015,2025-07-22 00:20:36
566,566,low,0.1256,0.00611,0.02095,0.0,2023-07-24 10:43:40
567,567,low,0.1041,0.006294,0.021883,0.0,2023-01-22 03:45:23
568,568,low,0.0602,0.003697,0.008358,0.0,2022-03-09 09:06:40
569,569,medium,0.1883,0.006592,0.03545,0.0015,2022-01-10 16:18:58
570,570,low,0.0899,0.003451,0.014849,0.0,2023-05-27 02:29:57
571,571,low,0.1091,0.007028,0.020959,0.0,2025-06-20 12:26:12
572,572,medium,0.236,0.008972,0.048097,0.0015,2023-12-18 11:51:24
573,573,low,0.1275,0.007053,0.018737,0.0,2025-05-07 08:57:19
574,574,medium,0.1379,0.005073,0.013969,0.0015,2022-05-20 02:05:30
575,575,medium,0.1522,0.010368,0.029599,0.0015,2022-05-08 15:54:54
576,576,low,0.0663,0.003788,0.007685,0.0,2025-02-14 04:06:40
577,577,low,0.0672,0.002898,0.008979,0.0,2022-05-27 00:33:15
578,578,medium,0.1561,0.010848,0.026374,0.0015,2022-03-13 02:00:43
579,579,high,0.2811,0.011188,0.034452,0.004,2023-07-07 19:10:16
580,580,high,0.3381,0.024106,0.068506,0.004,2025-06-19 04:24:29
581,581,medium,0.2099,0.015509,0.028111,0.0015,2024-08-01 01:50:06
582,582,low,0.0241,0.001475,0.003357,0.0,2022-05-16 14:04:57
583,583,medium,0.2288,0.015677,0.042727,0.0015,2025-02-19 04:41:11
584,584,low,0.0769,0.005225,0.008759,0.0,2025-02-28 00:15:10
585,585,medium,0.2016,0.010716,0.036132,0.0015,2024-12-31 08:28:07
586,586,low,0.0542,0.002164,0.005603,0.0,2025-05-19 19:54:28
587,587,low,0.1185,0.004541,0.02165,0.0,2022-11-25 03:40:30
588,588,medium,0.1384,0.005421,0.020442,0.0015,2025-09-02 01:15:52
589,589,low,0.0474,0.002632,0.009086,0.0,2023-03-15 17:06:04
590,590,medium,0.1531,0.005575,0.016254,0.0015,2025-01-02 04:06:49
591,591,medium,0.157,0.00851,0.032836,0.0015,2024-03-03 13:41:49
592,592,high,0.2986,0.013876,0.042311,0.004,2024-12-02 07:48:23
593,593,low,0.1297,0.009065,0.019031,0.0,2024-05-08 20:34:01
594,594,high,0.3021,0.011666,0.036436,0.004,2024-05-28 22:00:39
595,595,medium,0.1523,0.009476,0.017591,0.0015,2024-04-23 01:50:21
596,596,low,0.1204,0.004606,0.012829,0.0,2024-12-01 16:00:29
597,597,low,0.0907,0.005089,0.010239,0.0,2024-10-08 00:15:30
598,598,medium,0.1785,0.008635,0.029733,0.0015,2022-07-04 01:37:05
599,599,low,0.0783,0.004463,0.014684,0.0,2025-02-04 01:02:01
600,600,low,0.1246,0.004725,0.013983,0.0,2024-01-04 08:11:08
601,601,low,0.1106,0.006081,0.012767,0.0,2023-03-18 23:28:29
602,602,medium,0.1816,0.010053,0.020141,0.0015,2023-12-05 10:57:54
603,603,medium,0.1863,0.012804,0.029558,0.0015,2025-03-19 03:48:31
604,604,medium,0.1783,0.006641,0.022571,0.0015,2025-02-14 11:59:22
605,605,high,0.3532,0.014104,0.041512,0.004,2023-09-26 02:37:43
606,606,medium,0.1755,0.013027,0.026416,0.0015,2024-12-08 16:48:49
607,607,low,0.1269,0.006917,0.021716,0.0,2023-06-11 19:15:29
608,608,low,0.0516,0.003273,0.006263,0.0,2024-07-27 16:11:06
609,609,medium,0.1604,0.007487,0.031008,0.0015,2024-05-24 22:08:28
610,610,medium,0.1873,0.011279,0.032134,0.0015,2022-12-08 17:23:27
611,611,medium,0.2405,0.012491,0.045993,0.0015,2022-12-31 12:31:25
612,612,low,0.1288,0.008794,0.017976,0.0,2022-03-25 15:07:24
613,613,low,0.1275,0.006676,0.01876,0.0,2022-07-11 04:52:35
614,614,medium,0.2061,0.012792,0.044862,0.0015,2023-08-17 04:34:03
615,615,low,0.0901,0.004351,0.015551,0.0,2023-10-16 17:39:59
616,616,high,0.3102,0.013398,0.036667,0.004,2022-08-14 21:14:37
617,617,high,0.277,0.012107,0.051439,0.004,2023-07-25 07:18:42
618,618,medium,0.1504,0.008671,0.028471,0.0015,2024-04-06 12:21:22
619,619,medium,0.1974,0.010784,0.042589,0.0015,2022-11-15 03:44:10
620,620,low,0.1277,0.008056,0.021155,0.0,2023-04-08 16:59:38
621,621,medium,0.2046,0.014103,0.034935,0.0015,2023-05-18 18:08:51
622,622,low,0.0934,0.003407,0.012762,0.0,2023-11-22 21:55:45
623,623,low,0.0783,0.005246,0.013066,0.0,2023-05-17 05:23:48
624,624,low,0.0951,0.006603,0.009957,0.0,2024-10-05 03:21:56
625,625,medium,0.1866,0.01184,0.037106,0.0015,2023-03-25 00:20:03
626,626,low,0.1101,0.006845,0.020185,0.0,2023-08-17 13:41:53
627,627,medium,0.1841,0.013358,0.033497,0.0015,2023-06-04 02:33:52
628,628,low,0.1117,0.007884,0.020293,0.0,2022-09-08 05:29:28
629,629,medium,0.2169,0.010778,0.02735,0.0015,2024-07-27 02:19:31
630,630,medium,0.176,0.010687,0.018528,0.0015,2022-11-19 02:10:06
631,631,low,0.01,0.000564,0.001633,0.0,2023-02-11 03:02:54
632,632,low,0.0904,0.003548,0.014892,0.0,2024-12-20 11:37:56
633,633,medium,0.1916,0.008471,0.038786,0.0015,2025-07-22 00:54:12
634,634,low,0.01,0.000552,0.001814,0.0,2024-07-06 17:07:21
635,635,medium,0.2096,0.011125,0.029216,0.0015,2025-06-07 13:32:17
636,636,low,0.109,0.006318,0.017683,0.0,2025-03-14 12:47:12
637,637,low,0.107,0.007156,0.017527,0.0,2023-10-20 21:15:04
638,638,medium,0.2036,0.013672,0.037475,0.0015,2024-11-19 18:10:01
639,639,high,0.2513,0.011527,0.047845,0.004,2023-03-26 04:45:18
640,640,medium,0.152,0.006936,0.02646,0.0015,2023-09-22 23:02:21
641,641,high,0.3518,0.020977,0.071252,0.004,2024-01-03 11:23:42
642,642,high,0.2559,0.012832,0.035387,0.004,2025-08-06 22:54:24
643,643,medium,0.2469,0.018123,0.048979,0.0015,2025-03-06 19:56:16
644,644,low,0.0537,0.003242,0.005597,0.0,2023-11-01 07:09:12
645,645,medium,0.2011,0.009112,0.040264,0.0015,2024-06-11 17:44:51
646,646,medium,0.1788,0.007013,0.024519,0.0015,2022-10-04 19:46:06
647,647,medium,0.2089,0.013359,0.038301,0.0015,2025-01-05 09:47:32
648,648,low,0.0976,0.004668,0.018093,0.0,2024-01-27 13:20:31
649,649,medium,0.1577,0.006728,0.022892,0.0015,2023-12-30 18:20:15
650,650,medium,0.1353,0.006101,0.017249,0.0015,2024-11-14 06:37:14
651,651,medium,0.2447,0.015366,0.046615,0.0015,2024-05-15 19:57:05
652,652,high,0.2673,0.016391,0.036583,0.004,2022-04-10 03:14:20
653,653,medium,0.1507,0.005884,0.020924,0.0015,2023-01-30 04:43:30
654,654,low,0.01,0.000616,0.001774,0.0,2022-08-30 18:02:13
655,655,medium,0.1621,0.009674,0.029662,0.0015,2024-10-02 08:00:44
656,656,medium,0.1754,0.011751,0.017646,0.0015,2022-02-18 01:57:07
657,657,medium,0.1653,0.00636,0.02648,0.0015,2022-10-04 21:20:51
658,658,low,0.0479,0.0022,0.009528,0.0,2024-03-28 07:18:55
659,659,high,0.3649,0.024501,0.054151,0.004,2024-08-08 11:36:43
660,660,medium,0.141,0.007416,0.020044,0.0015,2023-11-20 12:30:23
661,661,medium,0.1328,0.009477,0.023167,0.0015,2025-03-23 11:07:42
662,662,low,0.0902,0.005654,0.011098,0.0,2025-06-11 02:38:27
663,663,medium,0.2038,0.007576,0.043018,0.0015,2022-06-30 17:12:01
664,664,low,0.0344,0.001825,0.004403,0.0,2025-07-27 00:50:39
665,665,high,0.2852,0.013367,0.052289,0.004,2024-04-20 11:18:56
666,666,medium,0.2353,0.015399,0.042637,0.0015,2024-05-20 08:20:50
667,667,medium,0.2424,0.009939,0.044987,0.0015,2022-05-11 02:11:00
668,668,medium,0.2126,0.014948,0.042678,0.0015,2024-04-30 17:17:51
669,669,medium,0.1911,0.012269,0.031104,0.0015,2024-09-19 18:41:43
670,670,low,0.0799,0.004671,0.016658,0.0,2024-03-05 12:32:03
671,671,low,0.0868,0.004986,0.015044,0.0,2022-04-26 14:04:52
672,672,medium,0.1854,0.013548,0.039969,0.0015,2023-12-17 18:36:13
673,673,high,0.3138,0.021822,0.034816,0.004,2025-07-04 08:46:34
674,674,low,0.111,0.007976,0.022328,0.0,2024-09-16 15:12:39
675,675,high,0.3015,0.02047,0.05286,0.004,2022-07-07 23:22:37
676,676,medium,0.2264,0.011101,0.046763,0.0015,2025-08-06 04:42:03
677,677,medium,0.1542,0.006444,0.02191,0.0015,2025-08-04 17:57:22
678,678,high,0.3391,0.015911,0.060483,0.004,2022-08-20 17:35:38
679,679,low,0.1129,0.008293,0.018241,0.0,2024-12-31 14:37:45
680,680,medium,0.1489,0.01095,0.02848,0.0015,2023-07-11 09:20:09
681,681,medium,0.2174,0.009379,0.038909,0.0015,2024-03-23 03:46:03
682,682,low,0.1283,0.005652,0.026576,0.0,2023-09-02 00:21:24
683,683,low,0.1218,0.007471,0.018465,0.0,2024-12-06 15:06:52
684,684,medium,0.1604,0.009167,0.027252,0.0015,2025-09-25 10:20:11
685,685,low,0.01,0.000576,0.00202,0.0,2024-12-23 17:12:37
686,686,medium,0.2118,0.015098,0.035344,0.0015,2025-06-28 02:47:12
687,687,medium,0.179,0.010252,0.027074,0.0015,2025-07-18 03:57:37
688,688,low,0.01,0.000582,0.001561,0.0,2022-05-04 06:20:29
689,689,medium,0.1789,0.010995,0.034476,0.0015,2022-12-13 15:04:56
690,690,low,0.1136,0.006297,0.024174,0.0,2024-09-14 11:59:41
691,691,low,0.0793,0.004621,0.009872,0.0,2024-03-18 05:22:18
692,692,medium,0.1811,0.011747,0.023538,0.0015,2022-03-10 14:23:56
693,693,low,0.1002,0.007178,0.012345,0.0,2022-05-11 00:39:18
694,694,low,0.0562,0.004062,0.006891,0.0,2023-12-14 02:36:42
695,695,medium,0.2157,0.01331,0.023175,0.0015,2024-04-22 21:57:08
696,696,low,0.092,0.004209,0.018006,0.0,2022-08-18 10:33:41
697,697,medium,0.2442,0.017016,0.034365,0.0015,2022-08-23 07:50:09
698,698,medium,0.2432,0.015263,0.036712,0.0015,2022-06-26 22:29:53
699,699,low,0.0805,0.004,0.016406,0.0,2024-02-12 20:27:30
700,700,medium,0.135,0.008112,0.028335,0.0015,2022-01-11 17:51:02
701,701,medium,0.191,0.009913,0.031595,0.0015,2024-02-23 02:02:19
702,702,medium,0.2481,0.016953,0.027707,0.0015,2023-10-14 01:41:23
703,703,medium,0.177,0.008578,0.027391,0.0015,2023-09-30 11:13:28
704,704,medium,0.2085,0.010962,0.043694,0.0015,2024-07-18 05:59:53
705,705,medium,0.1778,0.011861,0.037014,0.0015,2023-12-16 23:02:47
706,706,medium,0.1982,0.008526,0.027552,0.0015,2024-09-22 13:26:49
707,707,medium,0.2172,0.012501,0.047024,0.0015,2024-11-11 01:07:57
708,708,medium,0.2066,0.010943,0.028708,0.0015,2025-06-12 17:18:21
709,709,low,0.0976,0.004852,0.019305,0.0,2024-12-29 08:48:09
710,710,medium,0.1366,0.005383,0.029013,0.0015,2023-12-10 05:19:46
711,711,high,0.4326,0.015343,0.050007,0.004,2023-11-05 06:22:27
712,712,medium,0.1414,0.008419,0.019096,0.0015,2022-11-19 10:47:03
713,713,low,0.0498,0.002858,0.00833,0.0,2024-03-31 05:51:06
714,714,medium,0.2125,0.015393,0.030652,0.0015,2022-07-10 08:05:41
715,715,medium,0.1673,0.00787,0.036383,0.0015,2025-06-27 22:20:53
716,716,medium,0.1707,0.006252,0.025332,0.0015,2025-03-02 00:29:35
717,717,medium,0.2083,0.011153,0.041786,0.0015,2022-06-13 19:05:35
718,718,medium,0.2067,0.007582,0.025578,0.0015,2024-12-11 04:30:12
719,719,medium,0.1473,0.006681,0.032112,0.0015,2022-06-10 04:44:39
720,720,low,0.1031,0.006363,0.019338,0.0,2024-09-13 15:15:55
721,721,high,0.2594,0.01382,0.02637,0.004,2022-04-30 23:39:44
722,722,medium,0.1975,0.009499,0.023839,0.0015,2023-10-30 20:21:58
723,723,medium,0.1722,0.011534,0.019335,0.0015,2024-06-18 22:58:02
724,724,medium,0.2112,0.010234,0.03611,0.0015,2024-09-24 00:19:02
725,725,medium,0.1503,0.006223,0.030072,0.0015,2023-07-27 15:44:51
726,726,medium,0.1633,0.007541,0.03172,0.0015,2025-06-14 18:44:29
727,727,medium,0.1984,0.014501,0.033604,0.0015,2024-11-25 06:31:14
728,728,medium,0.2265,0.010193,0.03942,0.0015,2022-10-12 21:44:54
729,729,low,0.0589,0.002918,0.012566,0.0,2024-07-07 05:52:11
730,730,medium,0.2103,0.008831,0.032443,0.0015,2024-09-26 08:54:41
731,731,medium,0.1467,0.008936,0.027883,0.0015,2023-04-02 09:59:41
732,732,medium,0.1312,0.006046,0.014652,0.0015,2024-10-06 21:36:38
733,733,low,0.0942,0.004086,0.010373,0.0,2025-05-13 23:10:13
734,734,low,0.0899,0.005255,0.010837,0.0,2025-01-22 19:29:46
735,735,medium,0.1498,0.009827,0.032207,0.0015,2024-11-09 03:27:19
736,736,medium,0.1347,0.007901,0.025746,0.0015,2024-05-17 23:49:11
737,737,medium,0.1888,0.010374,0.039538,0.0015,2023-01-06 02:12:11
738,738,low,0.0241,0.001778,0.003386,0.0,2024-12-23 20:45:35
739,739,low,0.0772,0.003582,0.009272,0.0,2023-05-14 05:09:08
740,740,medium,0.2091,0.011272,0.022411,0.0015,2023-12-30 01:05:09
741,741,medium,0.1354,0.005775,0.020656,0.0015,2023-03-07 03:41:36
742,742,low,0.0792,0.004364,0.01715,0.0,2023-03-05 04:58:35
743,743,medium,0.1457,0.00793,0.015305,0.0015,2022-08-04 14:42:20
744,744,low,0.121,0.007972,0.025569,0.0,2025-08-08 01:19:31
745,745,medium,0.1539,0.0082,0.020487,0.0015,2022-07-22 04:01:25
746,746,medium,0.1551,0.006318,0.016582,0.0015,2022-04-29 00:02:57
747,747,medium,0.1445,0.010545,0.017445,0.0015,2025-07-04 14:56:12
748,748,medium,0.1828,0.008357,0.020454,0.0015,2024-01-30 06:11:32
749,749,medium,0.2001,0.008963,0.036334,0.0015,2023-08-23 01:15:55
750,750,medium,0.1366,0.009708,0.029327,0.0015,2024-10-05 21:18:57
751,751,medium,0.2401,0.014765,0.052485,0.0015,2023-06-09 09:09:23
752,752,low,0.1254,0.008829,0.013601,0.0,2022-06-24 23:55:21
753,753,medium,0.2028,0.009431,0.033591,0.0015,2024-09-25 05:02:28
754,754,medium,0.1542,0.00572,0.023463,0.0015,2022-08-29 18:24:56
755,755,medium,0.244,0.01277,0.032588,0.0015,2024-01-27 11:52:05
756,756,low,0.1073,0.004806,0.017656,0.0,2025-07-22 07:44:21
757,757,low,0.0699,0.004488,0.00905,0.0,2025-07-04 15:20:52
758,758,low,0.1068,0.004657,0.013754,0.0,2023-05-09 13:13:37
759,759,medium,0.1996,0.007611,0.042844,0.0015,2024-12-03 10:51:31
760,760,low,0.1197,0.006454,0.022723,0.0,2024-04-18 03:22:18
761,761,low,0.1063,0.00492,0.020397,0.0,2023-10-18 18:39:41
762,762,medium,0.2056,0.009289,0.033164,0.0015,2022-07-11 10:07:11
763,763,medium,0.1597,0.007601,0.024121,0.0015,2023-05-30 20:38:03
764,764,medium,0.2237,0.010568,0.032645,0.0015,2024-06-10 19:46:28
765,765,low,0.1019,0.00537,0.011866,0.0,2025-09-11 17:05:12
766,766,low,0.0696,0.004042,0.015084,0.0,2022-01-07 16:34:02
767,767,medium,0.23,0.013003,0.04164,0.0015,2024-09-08 21:30:14
768,768,medium,0.1308,0.007689,0.021042,0.0015,2025-03-03 18:55:55
769,769,low,0.0466,0.001872,0.008188,0.0,2025-07-25 05:37:23
770,770,medium,0.1322,0.004944,0.029036,0.0015,2023-08-03 18:19:21
771,771,medium,0.1321,0.00955,0.017182,0.0015,2022-06-12 01:53:19
772,772,medium,0.2262,0.009937,0.046483,0.0015,2023-01-06 16:23:40
773,773,medium,0.2487,0.016968,0.027872,0.0015,2025-03-09 12:43:18
774,774,medium,0.2216,0.008341,0.022307,0.0015,2025-04-16 00:21:33
775,775,low,0.1044,0.006477,0.021868,0.0,2024-05-21 12:24:35
776,776,high,0.2903,0.017167,0.032052,0.004,2022-06-17 21:48:57
777,777,high,0.3293,0.01762,0.060047,0.004,2022-06-16 18:55:57
778,778,medium,0.1648,0.008233,0.025951,0.0015,2023-10-17 03:20:48
779,779,medium,0.1325,0.009222,0.019789,0.0015,2024-03-15 17:41:11
780,780,medium,0.1375,0.008678,0.030075,0.0015,2022-02-14 07:03:17
781,781,medium,0.2042,0.01243,0.028339,0.0015,2024-07-27 13:54:57
782,782,medium,0.2328,0.016784,0.025887,0.0015,2024-01-15 21:21:10
783,783,low,0.0869,0.003276,0.01124,0.0,2022-01-17 19:55:18
784,784,low,0.01,0.00065,0.002156,0.0,2022-05-11 21:17:06
785,785,low,0.0789,0.005819,0.016754,0.0,2023-09-14 12:10:02
786,786,low,0.1161,0.008575,0.01568,0.0,2024-09-15 11:55:30
787,787,medium,0.1913,0.008023,0.031663,0.0015,2025-02-03 03:31:00
788,788,medium,0.1637,0.011031,0.027981,0.0015,2023-08-14 00:29:38
789,789,medium,0.1382,0.005162,0.030063,0.0015,2023-02-09 01:13:39
790,790,low,0.1045,0.00655,0.018264,0.0,2025-08-17 15:33:55
791,791,medium,0.139,0.008432,0.028077,0.0015,2023-09-20 07:03:02
792,792,medium,0.1787,0.009512,0.020977,0.0015,2023-03-08 10:52:31
793,793,medium,0.1732,0.008446,0.02757,0.0015,2023-08-29 02:03:26
794,794,low,0.0135,0.000601,0.002584,0.0,2022-01-17 12:59:35
795,795,low,0.0769,0.003766,0.008077,0.0,2023-02-18 00:52:48
796,796,medium,0.1794,0.006993,0.027238,0.0015,2023-12-07 06:41:02
797,797,low,0.1179,0.005552,0.02516,0.0,2025-06-10 10:17:03
798,798,medium,0.1362,0.007534,0.026374,0.0015,2024-10-06 21:26:18
799,799,medium,0.2464,0.013697,0.028751,0.0015,2024-12-04 19:26:44
800,800,low,0.0719,0.004175,0.011411,0.0,2024-01-16 10:12:45
801,801,medium,0.1541,0.009878,0.023916,0.0015,2022-06-01 06:50:19
802,802,medium,0.1881,0.007462,0.021532,0.0015,2023-06-19 18:53:52
803,803,medium,0.1816,0.012528,0.024886,0.0015,2025-09-25 22:38:30
804,804,medium,0.1791,0.008889,0.021792,0.0015,2022-03-02 10:13:21
805,805,low,0.0668,0.002851,0.014611,0.0,2025-04-17 17:53:42
806,806,low,0.0557,0.00235,0.008944,0.0,2024-07-25 09:21:41
807,807,low,0.0388,0.002611,0.004601,0.0,2023-01-24 09:16:54
808,808,low,0.1108,0.005997,0.017295,0.0,2024-11-30 06:55:27
809,809,low,0.0992,0.004493,0.010991,0.0,2025-02-18 20:59:18
810,810,low,0.1267,0.009151,0.025456,0.0,2022-03-01 02:58:09
811,811,medium,0.2332,0.01363,0.041213,0.0015,2022-05-26 13:57:57
812,812,high,0.3639,0.021971,0.059139,0.004,2024-06-29 17:53:28
813,813,high,0.2753,0.012365,0.051642,0.004,2025-09-28 18:36:23
814,814,low,0.0317,0.001614,0.004339,0.0,2022-02-02 18:52:09
815,815,low,0.1217,0.005752,0.018109,0.0,2024-06-29 15:45:40
816,816,high,0.3057,0.013708,0.03389,0.004,2022-07-06 18:22:27
817,817,medium,0.1614,0.01145,0.020815,0.0015,2024-06-08 08:54:16
818,818,medium,0.2015,0.008087,0.020935,0.0015,2024-05-02 16:40:25
819,819,high,0.2929,0.011296,0.032953,0.004,2022-05-04 17:20:59
820,820,medium,0.1774,0.008908,0.031676,0.0015,2024-07-20 05:39:53
821,821,low,0.0867,0.005318,0.011024,0.0,2025-05-12 03:24:01
822,822,high,0.3192,0.015203,0.032177,0.004,2025-03-27 04:34:56
823,823,medium,0.17,0.007326,0.020994,0.0015,2022-02-09 16:06:42
824,824,medium,0.2049,0.007617,0.028048,0.0015,2022-12-03 09:55:55
825,825,low,0.0498,0.003402,0.005826,0.0,2022-11-26 10:52:00
826,826,medium,0.2449,0.015786,0.030752,0.0015,2023-09-13 02:29:37
827,827,high,0.3393,0.020629,0.073668,0.004,2022-07-15 15:41:39
828,828,high,0.2504,0.016107,0.025763,0.004,2025-03-14 17:54:32
829,829,low,0.0413,0.002833,0.006923,0.0,2024-11-28 14:50:42
830,830,medium,0.1375,0.006276,0.026688,0.0015,2025-01-10 19:44:20
831,831,medium,0.1962,0.013071,0.042723,0.0015,2022-09-29 03:26:28
832,832,low,0.0366,0.001432,0.005235,0.0,2022-01-20 22:26:49
833,833,low,0.1156,0.008363,0.015789,0.0,2025-05-30 18:04:27
834,834,medium,0.1562,0.008995,0.023553,0.0015,2023-01-31 05:26:27
835,835,medium,0.137,0.008982,0.024028,0.0015,2024-06-16 18:37:30
836,836,medium,0.1561,0.008505,0.023856,0.0015,2025-05-29 02:37:12
837,837,high,0.2514,0.012824,0.035085,0.004,2022-02-19 11:17:38
838,838,high,0.3037,0.019206,0.06361,0.004,2022-01-08 11:42:06
839,839,high,0.267,0.012865,0.039873,0.004,2022-01-08 10:16:20
840,840,low,0.1267,0.007477,0.015502,0.0,2022-08-02 20:29:12
841,841,low,0.095,0.003329,0.020847,0.0,2022-03-12 16:01:57
842,842,medium,0.1441,0.009876,0.024204,0.0015,2025-01-26 17:36:40
843,843,medium,0.2472,0.010303,0.049956,0.0015,2024-04-08 21:44:07
844,844,medium,0.1497,0.008916,0.02074,0.0015,2025-09-02 16:53:41
845,845,medium,0.1906,0.013194,0.024358,0.0015,2025-01-01 10:15:02
846,846,medium,0.197,0.012259,0.024197,0.0015,2025-08-10 15:23:07
847,847,low,0.105,0.005663,0.020011,0.0,2022-11-23 08:09:58
848,848,medium,0.1644,0.009073,0.035515,0.0015,2023-01-29 17:02:10
849,849,medium,0.2024,0.01064,0.043107,0.0015,2025-03-07 23:47:28
850,850,medium,0.1697,0.006173,0.031364,0.0015,2022-12-01 23:59:30
851,851,low,0.059,0.003895,0.011026,0.0,2022-03-20 07:02:20
852,852,low,0.1092,0.007998,0.01439,0.0,2024-07-04 08:52:49
853,853,low,0.1114,0.007111,0.016159,0.0,2024-12-31 17:14:42
854,854,medium,0.2074,0.014712,0.022386,0.0015,2025-08-17 11:49:05
855,855,medium,0.2041,0.014258,0.034196,0.0015,2025-06-23 05:22:46
856,856,medium,0.1525,0.007506,0.032795,0.0015,2022-06-14 11:24:36
857,857,low,0.0833,0.004126,0.014975,0.0,2024-11-22 05:51:46
858,858,low,0.1098,0.005862,0.016675,0.0,2025-03-03 12:04:17
859,859,medium,0.2226,0.008606,0.030429,0.0015,2024-08-13 00:42:05
860,860,medium,0.2072,0.007622,0.032998,0.0015,2025-01-26 11:39:49
861,861,medium,0.1343,0.004714,0.019004,0.0015,2025-02-20 08:33:59
862,862,medium,0.1584,0.008897,0.033428,0.0015,2023-09-03 21:08:09
863,863,low,0.0589,0.003329,0.010902,0.0,2022-02-24 22:14:50
864,864,medium,0.1994,0.0076,0.026179,0.0015,2023-09-17 01:46:23
865,865,low,0.0958,0.004034,0.014592,0.0,2022-10-04 00:54:36
866,866,low,0.0892,0.005765,0.009052,0.0,2022-06-05 13:57:50
867,867,medium,0.2109,0.011869,0.021644,0.0015,2022-06-20 21:29:39
868,868,medium,0.1666,0.011022,0.025567,0.0015,2024-08-12 00:10:57
869,869,medium,0.2238,0.00963,0.034114,0.0015,2023-11-22 04:45:41
870,870,low,0.0171,0.00099,0.001735,0.0,2024-01-09 11:59:02
871,871,low,0.1166,0.005198,0.016792,0.0,2024-10-16 10:00:59
872,872,medium,0.2432,0.017853,0.032253,0.0015,2024-01-21 00:43:39
873,873,high,0.2589,0.018634,0.03458,0.004,2024-05-11 20:32:55
874,874,medium,0.1459,0.007009,0.020485,0.0015,2022-04-28 16:21:20
875,875,medium,0.1697,0.00699,0.029143,0.0015,2025-03-10 08:20:10
876,876,low,0.0549,0.002245,0.010259,0.0,2023-09-06 22:22:12
877,877,high,0.2979,0.012527,0.043789,0.004,2022-08-01 07:57:10
878,878,low,0.121,0.007293,0.026358,0.0,2025-01-17 15:12:02
879,879,low,0.0512,0.00216,0.0087,0.0,2024-10-01 23:04:46
880,880,low,0.0297,0.001258,0.005443,0.0,2022-03-14 12:56:50
881,881,low,0.1227,0.006271,0.01893,0.0,2022-09-22 01:56:17
882,882,low,0.0753,0.005029,0.016029,0.0,2022-01-22 13:05:08
883,883,medium,0.1567,0.00632,0.025793,0.0015,2023-01-06 09:33:04
884,884,medium,0.1436,0.005926,0.027192,0.0015,2022-05-17 18:33:20
885,885,medium,0.2166,0.008236,0.0352,0.0015,2024-08-29 03:35:27
886,886,medium,0.1692,0.006355,0.034538,0.0015,2023-12-16 20:27:51
887,887,low,0.1004,0.004172,0.019247,0.0,2025-09-02 22:05:00
888,888,low,0.0833,0.00557,0.016585,0.0,2024-10-22 05:05:27
889,889,low,0.0775,0.005766,0.008336,0.0,2024-04-16 14:11:58
890,890,medium,0.1832,0.007915,0.030906,0.0015,2023-11-28 17:46:33
891,891,medium,0.2272,0.009607,0.036976,0.0015,2022-03-16 13:21:15
892,892,low,0.1223,0.005088,0.017944,0.0,2022-04-07 00:50:48
893,893,medium,0.2103,0.00773,0.028042,0.0015,2024-04-23 02:39:21
894,894,medium,0.2374,0.016291,0.047024,0.0015,2022-01-06 23:46:37
895,895,medium,0.2123,0.011765,0.028611,0.0015,2022-02-27 22:27:11
896,896,low,0.1196,0.005768,0.02011,0.0,2022-10-27 18:39:52
897,897,medium,0.2309,0.010017,0.036865,0.0015,2025-04-24 12:16:19
898,898,medium,0.1557,0.006538,0.025104,0.0015,2023-09-20 19:35:38
899,899,medium,0.1702,0.006708,0.036101,0.0015,2024-08-28 16:52:27
900,900,high,0.2799,0.017255,0.057994,0.004,2023-07-18 00:24:43
901,901,low,0.0881,0.005407,0.015036,0.0,2022-08-25 20:08:00
902,902,low,0.1053,0.004222,0.013093,0.0,2023-05-23 17:48:39
903,903,medium,0.1767,0.007677,0.021585,0.0015,2022-05-06 11:23:02
904,904,low,0.1005,0.006804,0.011361,0.0,2024-11-19 16:57:03
905,905,low,0.1044,0.005884,0.01622,0.0,2022-09-09 01:45:46
906,906,low,0.1091,0.004592,0.013387,0.0,2023-05-30 21:12:14
907,907,low,0.1241,0.007576,0.019029,0.0,2025-09-02 16:15:08
908,908,medium,0.218,0.014975,0.030941,0.0015,2024-03-20 19:20:13
909,909,medium,0.1851,0.008912,0.019211,0.0015,2023-09-20 07:27:46
910,910,medium,0.211,0.013813,0.041077,0.0015,2024-01-13 20:11:42
911,911,low,0.076,0.005215,0.016267,0.0,2024-12-08 14:56:44
912,912,low,0.0889,0.004347,0.01322,0.0,2022-12-15 03:08:44
913,913,low,0.01,0.00072,0.001376,0.0,2024-05-20 14:33:31
914,914,medium,0.1542,0.007882,0.016333,0.0015,2025-04-08 20:12:28
915,915,low,0.0498,0.001956,0.005087,0.0,2024-02-23 01:28:06
916,916,high,0.2941,0.019203,0.051802,0.004,2023-09-03 20:48:10
917,917,low,0.122,0.005119,0.020103,0.0,2022-07-18 12:54:59
918,918,low,0.126,0.005451,0.02447,0.0,2022-12-06 15:50:29
919,919,high,0.274,0.016772,0.045299,0.004,2025-07-18 03:52:29
920,920,high,0.2856,0.015786,0.035185,0.004,2024-01-11 10:38:48
921,921,medium,0.1976,0.007544,0.040223,0.0015,2023-02-17 05:40:52
922,922,medium,0.1941,0.013006,0.040076,0.0015,2023-07-27 07:52:08
923,923,high,0.2755,0.009866,0.05335,0.004,2024-03-01 17:27:40
924,924,medium,0.1907,0.008133,0.040855,0.0015,2024-01-06 08:44:52
925,925,medium,0.1557,0.009345,0.031925,0.0015,2024-08-15 07:02:37
926,926,medium,0.1465,0.009637,0.022886,0.0015,2022-12-19 05:59:53
927,927,medium,0.1637,0.008713,0.032905,0.0015,2024-06-07 03:37:22
928,928,medium,0.1379,0.00732,0.025886,0.0015,2023-08-29 13:58:38
929,929,high,0.2989,0.021695,0.047561,0.004,2025-07-10 17:35:44
930,930,medium,0.1848,0.008706,0.027587,0.0015,2022-08-05 00:55:15
931,931,low,0.0653,0.003716,0.011986,0.0,2022-07-23 01:32:56
932,932,low,0.0636,0.003867,0.006904,0.0,2023-09-24 13:10:14
933,933,low,0.1113,0.008024,0.020175,0.0,2023-11-27 10:14:13
934,934,low,0.1002,0.006572,0.01507,0.0,2024-08-03 02:48:52
935,935,medium,0.1698,0.006746,0.024757,0.0015,2023-07-07 17:15:25
936,936,low,0.0915,0.006002,0.014308,0.0,2025-06-03 23:07:12
937,937,low,0.1251,0.00749,0.026544,0.0,2023-10-11 15:54:27
938,938,low,0.1112,0.007335,0.024169,0.0,2022-06-26 22:22:22
939,939,low,0.0758,0.002949,0.016453,0.0,2022-06-13 02:08:59
940,940,low,0.01,0.000718,0.001775,0.0,2025-08-24 14:51:38
941,941,low,0.1065,0.00711,0.020985,0.0,2022-07-03 10:35:39
942,942,medium,0.1586,0.010932,0.019038,0.0015,2025-07-20 15:51:00
943,943,high,0.2577,0.018101,0.042128,0.004,2023-01-16 09:46:34
944,944,medium,0.1886,0.007325,0.025911,0.0015,2022-05-08 18:48:43
945,945,medium,0.2382,0.015941,0.028719,0.0015,2023-02-21 20:03:41
946,946,medium,0.154,0.0097,0.028402,0.0015,2024-04-20 21:45:57
947,947,medium,0.1738,0.010815,0.017571,0.0015,2023-08-09 08:55:05
948,948,medium,0.1709,0.008594,0.034832,0.0015,2024-12-10 16:10:32
949,949,medium,0.2001,0.009113,0.043824,0.0015,2024-04-15 19:56:35
950,950,low,0.0932,0.005532,0.012905,0.0,2023-07-03 06:32:19
951,951,medium,0.2485,0.011537,0.028799,0.0015,2024-05-18 04:08:35
952,952,low,0.1073,0.007692,0.020906,0.0,2025-08-21 23:03:38
953,953,low,0.1247,0.007398,0.02445,0.0,2023-07-18 08:34:31
954,954,medium,0.2073,0.010232,0.040182,0.0015,2022-07-29 21:51:47
955,955,high,0.3531,0.012659,0.065213,0.004,2023-07-14 05:10:01
956,956,medium,0.2084,0.008629,0.040573,0.0015,2025-02-23 06:39:13
957,957,medium,0.2091,0.009751,0.042563,0.0015,2022-10-25 17:10:47
958,958,medium,0.1362,0.005648,0.014178,0.0015,2025-07-22 10:15:10
959,959,medium,0.1769,0.010052,0.038745,0.0015,2024-03-15 19:16:14
960,960,medium,0.1839,0.011744,0.035274,0.0015,2024-04-02 22:51:20
961,961,medium,0.1641,0.011544,0.027138,0.0015,2023-03-10 17:05:13
962,962,low,0.01,0.000608,0.001479,0.0,2025-06-13 04:26:50
963,963,medium,0.2091,0.012158,0.045712,0.0015,2022-02-19 07:54:59
964,964,medium,0.2012,0.008969,0.022357,0.0015,2023-02-13 13:58:35
965,965,low,0.0824,0.005766,0.01584,0.0,2023-07-27 08:54:36
966,966,medium,0.1324,0.006306,0.015393,0.0015,2023-10-15 21:54:24
967,967,medium,0.2038,0.012864,0.034055,0.0015,2023-10-11 14:43:26
968,968,low,0.0935,0.006071,0.014581,0.0,2022-07-22 08:39:19
969,969,low,0.1225,0.004506,0.013829,0.0,2022-11-05 14:39:54
970,970,medium,0.1411,0.00861,0.017128,0.0015,2022-05-11 06:59:21
971,971,medium,0.1551,0.011208,0.022243,0.0015,2024-02-23 02:56:19
972,972,medium,0.1873,0.011752,0.026034,0.0015,2023-04-25 23:43:16
973,973,high,0.2714,0.014672,0.034784,0.004,2024-02-13 23:25:22
974,974,medium,0.2258,0.01154,0.035764,0.0015,2024-03-17 17:30:05
975,975,high,0.2598,0.010649,0.04452,0.004,2024-08-18 08:08:08
976,976,medium,0.2116,0.009311,0.039334,0.0015,2024-01-19 08:16:15
977,977,low,0.1273,0.008986,0.017672,0.0,2024-06-05 09:26:40
978,978,high,0.2647,0.013396,0.04709,0.004,2024-03-14 05:18:44
979,979,medium,0.1424,0.005907,0.024625,0.0015,2024-06-11 12:40:55
980,980,low,0.1245,0.006341,0.022957,0.0,2024-04-23 13:39:11
981,981,medium,0.1395,0.007326,0.029954,0.0015,2023-03-09 13:56:34
982,982,medium,0.2243,0.010897,0.046688,0.0015,2022-12-03 22:00:38
983,983,medium,0.167,0.005959,0.033488,0.0015,2024-12-13 04:58:28
984,984,low,0.1099,0.005462,0.020366,0.0,2023-04-14 19:35:27
985,985,high,0.3845,0.027253,0.051438,0.004,2024-01-22 05:30:30
986,986,medium,0.1712,0.007873,0.020135,0.0015,2022-09-27 11:01:12
987,987,high,0.361,0.017868,0.066207,0.004,2023-08-14 04:19:19
988,988,low,0.072,0.004578,0.012282,0.0,2023-12-26 13:55:05
989,989,medium,0.1723,0.007106,0.028961,0.0015,2024-05-06 09:14:30
990,990,medium,0.2249,0.015438,0.041586,0.0015,2023-12-22 01:59:54
991,991,low,0.0982,0.005579,0.017229,0.0,2023-05-09 09:06:05
992,992,low,0.0531,0.00299,0.006774,0.0,2025-08-08 16:52:30
993,993,high,0.3153,0.012647,0.066093,0.004,2023-12-03 10:15:17
994,994,low,0.0836,0.003153,0.017202,0.0,2025-01-10 18:07:08
995,995,medium,0.1446,0.009965,0.016643,0.0015,2024-10-04 19:31:16
996,996,low,0.1125,0.004934,0.019296,0.0,2024-02-03 18:40:12
997,997,medium,0.1502,0.007876,0.031419,0.0015,2025-04-27 14:22:46
998,998,medium,0.1556,0.008603,0.028015,0.0015,2022-06-25 11:17:31
999,999,low,0.0971,0.003493,0.015815,0.0,2025-06-14 00:08:59
1000,1000,high,0.2688,0.016976,0.056336,0.004,2025-03-09 02:37:15
1001,1001,medium,0.1497,0.00849,0.028825,0.0015,2023-11-20 23:16:34
1002,1002,medium,0.1914,0.013658,0.034239,0.0015,2024-09-30 06:43:28
1003,1003,high,0.2579,0.010375,0.039165,0.004,2023-12-13 17:40:21
1004,1004,high,0.2708,0.011301,0.052306,0.004,2023-01-03 16:04:31
1005,1005,low,0.1283,0.005817,0.026238,0.0,2024-12-30 05:20:43
1006,1006,medium,0.1695,0.008,0.020293,0.0015,2022-12-03 10:06:23
1007,1007,medium,0.1495,0.010873,0.027458,0.0015,2023-03-07 04:02:42
1008,1008,high,0.2548,0.014706,0.046829,0.004,2023-12-12 09:22:54
1009,1009,medium,0.2223,0.010183,0.026138,0.0015,2025-02-19 12:56:15
1010,1010,medium,0.2227,0.009707,0.044921,0.0015,2023-06-10 05:03:41
1011,1011,medium,0.2099,0.011729,0.042788,0.0015,2023-11-07 23:39:30
1012,1012,medium,0.1317,0.005669,0.015307,0.0015,2022-02-26 23:57:20
1013,1013,medium,0.2,0.007644,0.037574,0.0015,2022-06-08 11:48:28
1014,1014,medium,0.1611,0.009661,0.020665,0.0015,2022-03-18 12:51:44
1015,1015,high,0.2586,0.015965,0.033035,0.004,2022-04-09 13:50:45
1016,1016,medium,0.241,0.009151,0.027755,0.0015,2025-04-03 03:15:57
1017,1017,high,0.3045,0.016812,0.055552,0.004,2025-02-25 20:19:15
1018,1018,low,0.1229,0.007112,0.025675,0.0,2025-01-29 08:10:16
1019,1019,medium,0.2244,0.013554,0.037898,0.0015,2022-03-18 00:24:21
1020,1020,high,0.2788,0.009849,0.036525,0.004,2022-04-17 05:14:14
1021,1021,high,0.2806,0.018736,0.034437,0.004,2023-01-19 21:02:04
1022,1022,low,0.1111,0.00624,0.013347,0.0,2024-02-13 07:46:07
1023,1023,medium,0.1406,0.007239,0.017514,0.0015,2023-04-03 02:09:26
1024,1024,low,0.1026,0.005392,0.017067,0.0,2023-10-29 23:34:23
1025,1025,medium,0.1976,0.010497,0.043355,0.0015,2022-08-25 15:45:13
1026,1026,low,0.1163,0.008032,0.024684,0.0,2024-09-26 16:54:14
1027,1027,high,0.3099,0.019373,0.034486,0.004,2023-03-06 09:44:49
1028,1028,medium,0.1773,0.008233,0.022021,0.0015,2022-04-02 00:40:05
1029,1029,medium,0.2421,0.008596,0.04401,0.0015,2024-10-13 00:04:56
1030,1030,medium,0.1336,0.006691,0.024425,0.0015,2025-05-20 00:20:55
1031,1031,medium,0.1456,0.006201,0.018236,0.0015,2022-01-21 02:04:01
1032,1032,medium,0.1955,0.011591,0.041996,0.0015,2023-08-21 08:50:57
1033,1033,medium,0.1761,0.010679,0.030017,0.0015,2025-02-05 13:45:28
1034,1034,low,0.1256,0.006017,0.020534,0.0,2024-08-24 00:48:11
1035,1035,medium,0.1784,0.0124,0.035449,0.0015,2025-03-17 18:11:04
1036,1036,low,0.0554,0.004117,0.008037,0.0,2023-07-23 00:10:32
1037,1037,medium,0.169,0.009094,0.031398,0.0015,2023-05-25 06:05:31
1038,1038,medium,0.1889,0.01018,0.039701,0.0015,2024-08-28 03:39:52
1039,1039,medium,0.1868,0.007124,0.039959,0.0015,2022-07-30 03:25:07
1040,1040,medium,0.2033,0.014259,0.021301,0.0015,2022-11-24 12:40:50
1041,1041,low,0.1011,0.004118,0.010992,0.0,2024-04-01 22:47:32
1042,1042,medium,0.1908,0.011476,0.0353,0.0015,2024-07-03 10:42:07
1043,1043,medium,0.1423,0.008653,0.014305,0.0015,2022-06-13 17:05:21
1044,1044,low,0.1248,0.006094,0.022419,0.0,2023-11-27 08:50:25
1045,1045,high,0.2896,0.011285,0.057532,0.004,2023-05-15 05:01:56
1046,1046,medium,0.2291,0.014013,0.025377,0.0015,2023-11-18 09:16:40
1047,1047,medium,0.1842,0.008966,0.018936,0.0015,2025-08-04 03:08:48
1048,1048,medium,0.228,0.009374,0.036709,0.0015,2022-04-15 19:16:33
1049,1049,medium,0.1325,0.00948,0.028945,0.0015,2025-09-23 19:05:22
1050,1050,medium,0.1647,0.008973,0.027051,0.0015,2023-09-08 00:34:03
1051,1051,medium,0.1491,0.009399,0.032368,0.0015,2024-11-22 05:44:52
1052,1052,medium,0.2313,0.010876,0.042605,0.0015,2023-08-04 16:13:09
1053,1053,medium,0.1754,0.007176,0.023899,0.0015,2023-03-02 09:29:17
1054,1054,medium,0.1374,0.004997,0.017718,0.0015,2024-11-20 04:19:49
1055,1055,low,0.1258,0.006136,0.021721,0.0,2024-07-29 17:25:07
1056,1056,low,0.1227,0.004541,0.017169,0.0,2022-07-17 01:42:42
1057,1057,medium,0.185,0.013799,0.023795,0.0015,2024-08-22 23:54:06
1058,1058,medium,0.1653,0.00733,0.02436,0.0015,2024-10-27 05:02:12
1059,1059,low,0.128,0.005124,0.020981,0.0,2023-06-15 13:37:06
1060,1060,medium,0.1506,0.01022,0.031755,0.0015,2025-06-20 06:55:31
1061,1061,low,0.0997,0.006679,0.02141,0.0,2024-05-26 17:39:20
1062,1062,medium,0.1662,0.012445,0.031191,0.0015,2023-04-02 09:41:11
1063,1063,low,0.0975,0.004362,0.012574,0.0,2022-01-15 16:12:36
1064,1064,medium,0.1425,0.005261,0.022127,0.0015,2024-07-12 08:17:58
1065,1065,medium,0.1722,0.011007,0.019245,0.0015,2022-10-13 23:46:51
1066,1066,low,0.1129,0.007601,0.019019,0.0,2024-10-31 22:16:41
1067,1067,low,0.1195,0.005856,0.021139,0.0,2023-12-20 07:41:56
1068,1068,low,0.1194,0.008647,0.017632,0.0,2023-10-01 11:34:02
1069,1069,medium,0.16,0.010541,0.020202,0.0015,2022-08-13 00:16:58
1070,1070,high,0.2532,0.013014,0.05532,0.004,2024-08-31 08:08:28
1071,1071,high,0.2609,0.016644,0.027332,0.004,2022-08-15 23:03:15
1072,1072,medium,0.201,0.007042,0.037737,0.0015,2023-07-26 11:41:24
1073,1073,medium,0.2357,0.011452,0.043021,0.0015,2025-02-18 01:32:32
1074,1074,medium,0.1811,0.00757,0.030295,0.0015,2025-06-13 01:27:05
1075,1075,high,0.3365,0.015886,0.041203,0.004,2025-09-15 03:12:53
1076,1076,low,0.1172,0.00508,0.023724,0.0,2025-08-03 13:26:56
1077,1077,high,0.3534,0.022475,0.061221,0.004,2024-01-31 13:35:17
1078,1078,medium,0.169,0.011519,0.030651,0.0015,2022-10-02 06:10:37
1079,1079,low,0.0425,0.001794,0.007865,0.0,2025-02-21 20:20:14
1080,1080,low,0.1221,0.006314,0.013977,0.0,2025-01-01 15:08:00
1081,1081,low,0.01,0.000589,0.00156,0.0,2025-09-16 18:14:27
1082,1082,low,0.1164,0.004746,0.022664,0.0,2024-06-09 11:55:16
1083,1083,low,0.0663,0.003276,0.009792,0.0,2022-07-13 16:52:34
1084,1084,high,0.4091,0.017516,0.076812,0.004,2023-11-19 23:17:06
1085,1085,low,0.1161,0.006677,0.016852,0.0,2023-09-06 04:47:59
1086,1086,medium,0.1665,0.011836,0.032709,0.0015,2025-02-27 03:38:38
1087,1087,medium,0.1401,0.007497,0.028224,0.0015,2023-06-22 00:56:50
1088,1088,low,0.021,0.001296,0.004193,0.0,2023-03-26 12:21:20
1089,1089,low,0.1017,0.006492,0.018148,0.0,2022-04-20 12:10:41
1090,1090,low,0.0776,0.005788,0.01245,0.0,2025-02-16 21:42:33
1091,1091,low,0.1148,0.006904,0.023262,0.0,2024-10-30 07:00:00
1092,1092,medium,0.1941,0.00823,0.028246,0.0015,2022-02-26 09:35:16
1093,1093,medium,0.1354,0.004795,0.029171,0.0015,2023-08-17 09:49:58
1094,1094,medium,0.1581,0.006413,0.03158,0.0015,2023-10-19 06:06:20
1095,1095,medium,0.1402,0.005607,0.018546,0.0015,2023-10-05 00:56:30
1096,1096,high,0.2592,0.014493,0.037604,0.004,2025-06-11 02:20:59
1097,1097,medium,0.2267,0.01192,0.047052,0.0015,2022-07-26 02:53:42
1098,1098,medium,0.195,0.01162,0.025413,0.0015,2023-02-24 01:54:08
1099,1099,low,0.0769,0.002931,0.00845,0.0,2022-09-05 12:11:01
1100,1100,medium,0.1483,0.010054,0.016219,0.0015,2022-11-30 21:47:05
1101,1101,low,0.1225,0.00482,0.024981,0.0,2025-05-25 22:01:34
1102,1102,medium,0.1918,0.011957,0.027721,0.0015,2025-07-10 21:47:20
1103,1103,low,0.0228,0.001427,0.002852,0.0,2022-03-03 01:55:07
1104,1104,medium,0.1333,0.007693,0.017602,0.0015,2024-05-14 16:50:23
1105,1105,low,0.0194,0.000816,0.003324,0.0,2022-11-15 13:00:22
1106,1106,low,0.1019,0.006067,0.015317,0.0,2022-09-21 10:09:54
1107,1107,low,0.1005,0.007232,0.011764,0.0,2023-02-04 12:53:30
1108,1108,medium,0.2455,0.0165,0.03904,0.0015,2022-09-23 22:06:52
1109,1109,medium,0.2212,0.00889,0.039461,0.0015,2023-11-02 14:09:56
1110,1110,medium,0.1341,0.006467,0.019756,0.0015,2025-09-23 23:53:17
1111,1111,low,0.1183,0.007877,0.020584,0.0,2024-03-13 06:10:04
1112,1112,high,0.2542,0.010898,0.046837,0.004,2024-09-16 09:31:04
1113,1113,medium,0.2391,0.015203,0.042567,0.0015,2023-11-06 19:41:47
1114,1114,low,0.1148,0.008237,0.013446,0.0,2022-01-20 00:36:12
1115,1115,low,0.0626,0.002903,0.009539,0.0,2022-04-26 01:40:28
1116,1116,medium,0.2277,0.008829,0.047618,0.0015,2023-01-03 19:37:30
1117,1117,high,0.3595,0.0192,0.042793,0.004,2022-11-30 08:05:23
1118,1118,medium,0.1661,0.007895,0.034049,0.0015,2025-02-23 21:54:18
1119,1119,medium,0.2012,0.011138,0.030899,0.0015,2025-02-28 00:41:37
1120,1120,low,0.1006,0.004739,0.01734,0.0,2025-03-14 10:30:47
1121,1121,medium,0.1847,0.010187,0.025448,0.0015,2024-05-22 05:18:43
1122,1122,medium,0.2076,0.008577,0.038873,0.0015,2024-01-31 20:16:37
1123,1123,low,0.1178,0.004938,0.014314,0.0,2024-06-07 00:51:41
1124,1124,medium,0.1643,0.008277,0.031461,0.0015,2023-07-11 12:17:01
1125,1125,medium,0.1662,0.006412,0.019465,0.0015,2024-07-05 20:06:47
1126,1126,low,0.038,0.002828,0.004589,0.0,2024-12-22 19:08:38
1127,1127,low,0.0874,0.004185,0.008826,0.0,2024-11-09 15:37:54
1128,1128,high,0.3313,0.014246,0.067448,0.004,2024-04-19 17:16:38
1129,1129,medium,0.2197,0.013867,0.044216,0.0015,2022-03-21 11:49:03
1130,1130,medium,0.1978,0.010254,0.029059,0.0015,2024-09-18 17:32:23
1131,1131,medium,0.1373,0.010064,0.013779,0.0015,2023-05-17 12:29:11
1132,1132,low,0.12,0.004455,0.025442,0.0,2024-10-14 08:05:04
1133,1133,low,0.1103,0.005975,0.013301,0.0,2024-01-09 01:45:53
1134,1134,low,0.1228,0.005452,0.014482,0.0,2025-04-20 11:05:29
1135,1135,medium,0.1717,0.010838,0.02152,0.0015,2023-04-09 00:12:11
1136,1136,high,0.2807,0.015947,0.036729,0.004,2025-06-28 03:32:06
1137,1137,low,0.1075,0.004785,0.022755,0.0,2025-03-01 05:55:49
1138,1138,medium,0.1404,0.007861,0.024614,0.0015,2023-03-29 22:54:20
1139,1139,medium,0.18,0.011906,0.025369,0.0015,2023-10-23 03:49:14
1140,1140,high,0.3022,0.02236,0.057922,0.004,2023-12-28 21:13:07
1141,1141,medium,0.1825,0.008044,0.035182,0.0015,2024-11-17 11:34:51
1142,1142,medium,0.1429,0.005311,0.01851,0.0015,2024-07-31 18:24:30
1143,1143,low,0.1188,0.006846,0.014365,0.0,2025-03-11 13:22:24
1144,1144,low,0.1268,0.006003,0.015005,0.0,2023-05-21 23:29:57
1145,1145,low,0.0367,0.002381,0.005246,0.0,2023-11-22 13:18:50
1146,1146,low,0.109,0.007167,0.011273,0.0,2023-08-13 10:09:07
1147,1147,medium,0.1738,0.007398,0.026576,0.0015,2025-05-29 06:25:09
1148,1148,medium,0.1315,0.006957,0.01633,0.0015,2023-02-22 05:07:21
1149,1149,medium,0.1874,0.006736,0.035993,0.0015,2024-03-14 04:27:11
1150,1150,low,0.0671,0.004299,0.009372,0.0,2022-06-14 09:17:41
1151,1151,low,0.0889,0.005056,0.015833,0.0,2025-03-09 04:12:20
1152,1152,medium,0.1806,0.013392,0.032845,0.0015,2023-06-10 14:38:37
1153,1153,low,0.1124,0.005455,0.021974,0.0,2023-04-11 22:16:37
1154,1154,medium,0.1991,0.012201,0.031267,0.0015,2024-03-08 10:20:16
1155,1155,low,0.0641,0.003711,0.009484,0.0,2023-11-14 09:09:30
1156,1156,medium,0.1491,0.008531,0.019518,0.0015,2025-03-06 00:45:29
1157,1157,low,0.0897,0.004663,0.009076,0.0,2023-12-28 23:17:14
1158,1158,low,0.0834,0.004161,0.009912,0.0,2023-12-09 05:58:08
1159,1159,low,0.0942,0.004163,0.011929,0.0,2022-05-24 14:41:38
1160,1160,medium,0.1629,0.010204,0.029153,0.0015,2022-01-31 00:16:23
1161,1161,low,0.0971,0.006134,0.018934,0.0,2023-06-30 05:16:33
1162,1162,medium,0.1435,0.008853,0.022257,0.0015,2025-09-27 13:06:01
1163,1163,medium,0.1382,0.010241,0.027442,0.0015,2025-06-08 22:01:49
1164,1164,low,0.0459,0.002204,0.006647,0.0,2024-05-10 10:39:41
1165,1165,medium,0.1321,0.005475,0.023584,0.0015,2024-05-12 23:29:02
1166,1166,medium,0.1369,0.005114,0.022837,0.0015,2023-06-20 13:50:54
1167,1167,high,0.3033,0.01223,0.035801,0.004,2022-01-12 16:36:22
1168,1168,medium,0.1309,0.005971,0.020355,0.0015,2023-04-09 13:18:29
1169,1169,low,0.0832,0.003112,0.017983,0.0,2023-03-09 22:16:55
1170,1170,medium,0.1687,0.01227,0.019902,0.0015,2022-09-20 02:42:36
1171,1171,low,0.0198,0.000953,0.002951,0.0,2022-12-21 12:58:18
1172,1172,low,0.1015,0.007333,0.014203,0.0,2022-02-03 22:59:35
1173,1173,medium,0.139,0.006956,0.026345,0.0015,2024-04-11 16:32:56
1174,1174,medium,0.2208,0.012498,0.023101,0.0015,2025-06-22 18:22:54
1175,1175,medium,0.2182,0.012825,0.033676,0.0015,2024-08-03 00:20:39
1176,1176,high,0.2712,0.013816,0.035726,0.004,2023-09-06 03:32:34
1177,1177,medium,0.1644,0.008106,0.022318,0.0015,2023-07-29 22:14:41
1178,1178,medium,0.1302,0.008009,0.019381,0.0015,2023-02-25 16:59:29
1179,1179,low,0.101,0.007172,0.013629,0.0,2022-07-14 19:28:35
1180,1180,high,0.3713,0.024105,0.062432,0.004,2024-03-29 17:12:11
1181,1181,medium,0.1798,0.009462,0.024172,0.0015,2024-02-15 00:06:55
1182,1182,medium,0.1898,0.012606,0.039875,0.0015,2022-01-11 00:08:53
1183,1183,high,0.2528,0.015245,0.03885,0.004,2023-07-23 10:24:09
1184,1184,medium,0.1452,0.008054,0.017227,0.0015,2023-01-16 08:01:18
1185,1185,medium,0.2385,0.01679,0.032127,0.0015,2022-08-21 22:41:23
1186,1186,medium,0.1929,0.010646,0.037748,0.0015,2024-08-19 17:59:41
1187,1187,medium,0.1468,0.007716,0.016597,0.0015,2023-12-21 07:55:27
1188,1188,medium,0.2052,0.012658,0.029871,0.0015,2024-05-16 23:55:45
1189,1189,high,0.2799,0.014652,0.059862,0.004,2024-09-03 01:01:45
1190,1190,medium,0.1768,0.008215,0.017701,0.0015,2025-09-05 02:39:10
1191,1191,medium,0.1377,0.007658,0.029825,0.0015,2025-01-03 04:18:12
1192,1192,medium,0.2324,0.016857,0.033261,0.0015,2024-04-28 15:35:03
1193,1193,low,0.1011,0.005567,0.01267,0.0,2025-04-17 12:02:08
1194,1194,medium,0.2051,0.015296,0.04082,0.0015,2023-10-16 05:28:22
1195,1195,low,0.0559,0.003789,0.008735,0.0,2025-09-09 03:51:25
1196,1196,medium,0.1362,0.007411,0.015348,0.0015,2024-11-07 15:21:14
1197,1197,medium,0.2497,0.012111,0.044951,0.0015,2024-06-09 09:48:07
1198,1198,low,0.1072,0.006521,0.02073,0.0,2025-05-20 18:03:38
1199,1199,medium,0.1662,0.012166,0.025617,0.0015,2023-12-06 15:04:13
1200,1200,medium,0.2082,0.010734,0.038667,0.0015,2024-09-12 21:53:21
1201,1201,low,0.1034,0.004502,0.011668,0.0,2023-01-25 12:17:03
1202,1202,medium,0.1758,0.007072,0.018247,0.0015,2025-08-10 16:09:03
1203,1203,high,0.3049,0.016973,0.038495,0.004,2024-05-02 18:23:52
1204,1204,low,0.0933,0.004922,0.020308,0.0,2024-12-05 18:47:37
1205,1205,medium,0.202,0.011224,0.024451,0.0015,2023-09-23 06:56:20
1206,1206,low,0.01,0.000544,0.002104,0.0,2025-03-31 18:49:29
1207,1207,medium,0.1407,0.008156,0.019087,0.0015,2022-04-12 11:24:27
1208,1208,medium,0.2314,0.011003,0.036786,0.0015,2022-06-06 02:15:53
1209,1209,medium,0.1311,0.007084,0.024196,0.0015,2023-11-25 17:38:54
1210,1210,medium,0.1456,0.007585,0.017527,0.0015,2024-09-28 22:36:00
1211,1211,medium,0.1412,0.007918,0.017504,0.0015,2025-01-12 00:16:54
1212,1212,medium,0.1391,0.00737,0.018132,0.0015,2023-08-26 00:59:31
1213,1213,low,0.0605,0.00369,0.009512,0.0,2024-06-07 18:04:14
1214,1214,low,0.1179,0.007475,0.016682,0.0,2024-01-27 15:30:14
1215,1215,medium,0.1806,0.009213,0.019922,0.0015,2025-08-08 08:43:17
1216,1216,low,0.1087,0.006984,0.014351,0.0,2024-06-13 19:29:25
1217,1217,medium,0.1541,0.011017,0.030711,0.0015,2023-07-25 05:49:12
1218,1218,medium,0.234,0.015384,0.037907,0.0015,2025-08-19 16:58:11
1219,1219,low,0.1188,0.007842,0.025389,0.0,2022-05-27 17:19:54
1220,1220,medium,0.1588,0.010216,0.02117,0.0015,2025-09-08 21:40:03
1221,1221,low,0.0767,0.003892,0.010082,0.0,2022-07-30 16:33:22
1222,1222,low,0.01,0.000732,0.001511,0.0,2023-01-30 07:06:35
1223,1223,low,0.1285,0.005486,0.014079,0.0,2025-01-28 18:30:19
1224,1224,medium,0.1577,0.007369,0.021756,0.0015,2024-09-30 18:35:41
1225,1225,low,0.0826,0.003576,0.011831,0.0,2025-08-20 10:40:13
1226,1226,medium,0.1642,0.008927,0.028665,0.0015,2024-10-22 23:27:34
1227,1227,medium,0.1793,0.011636,0.020981,0.0015,2024-05-21 10:15:45
1228,1228,low,0.1081,0.004903,0.022346,0.0,2023-04-20 00:03:13
1229,1229,medium,0.1692,0.012424,0.034711,0.0015,2022-01-07 10:43:21
1230,1230,high,0.3086,0.018961,0.050486,0.004,2022-06-19 10:53:32
1231,1231,low,0.0564,0.004084,0.008485,0.0,2023-02-12 08:37:19
1232,1232,medium,0.1919,0.01137,0.035284,0.0015,2022-02-26 00:22:14
1233,1233,medium,0.2189,0.0128,0.02724,0.0015,2023-11-27 04:33:15
1234,1234,medium,0.185,0.013611,0.031013,0.0015,2024-11-29 09:43:46
1235,1235,medium,0.1522,0.011087,0.02047,0.0015,2025-08-10 17:34:48
1236,1236,medium,0.1832,0.011495,0.038604,0.0015,2023-11-01 21:49:18
1237,1237,low,0.0868,0.003435,0.013682,0.0,2025-04-12 00:10:07
1238,1238,medium,0.1597,0.006344,0.025669,0.0015,2025-09-10 05:15:17
1239,1239,low,0.1177,0.00428,0.022547,0.0,2025-03-22 05:53:18
1240,1240,low,0.1247,0.005102,0.024215,0.0,2023-09-29 02:00:30
1241,1241,medium,0.2172,0.012357,0.027854,0.0015,2023-03-21 22:56:56
1242,1242,low,0.1088,0.005748,0.018843,0.0,2025-08-30 18:58:12
1243,1243,medium,0.168,0.01054,0.034249,0.0015,2022-11-27 22:26:26
1244,1244,medium,0.2034,0.014376,0.03042,0.0015,2023-07-18 00:51:47
1245,1245,high,0.2535,0.012692,0.028733,0.004,2022-04-12 06:34:08
1246,1246,high,0.3105,0.021667,0.063417,0.004,2024-12-21 18:10:20
1247,1247,medium,0.1579,0.011186,0.032762,0.0015,2024-06-07 23:27:15
1248,1248,medium,0.1877,0.011659,0.022216,0.0015,2022-04-27 00:47:10
1249,1249,medium,0.1781,0.012185,0.022402,0.0015,2022-10-31 14:20:34
1250,1250,medium,0.152,0.010949,0.019562,0.0015,2024-01-30 20:55:07
1251,1251,medium,0.1921,0.010234,0.038459,0.0015,2024-01-10 06:48:43
1252,1252,medium,0.1753,0.009661,0.037626,0.0015,2025-01-02 05:13:36
1253,1253,medium,0.1436,0.007991,0.021166,0.0015,2022-12-31 00:30:41
1254,1254,low,0.0935,0.004994,0.019832,0.0,2025-06-18 23:48:18
1255,1255,low,0.1124,0.0082,0.011523,0.0,2023-09-01 00:57:31
1256,1256,low,0.0867,0.003352,0.012797,0.0,2025-01-30 07:02:52
1257,1257,medium,0.133,0.006589,0.015157,0.0015,2022-11-23 02:31:36
1258,1258,low,0.01,0.000713,0.002183,0.0,2022-02-20 13:49:22
1259,1259,medium,0.2215,0.014613,0.02737,0.0015,2022-03-17 07:31:21
1260,1260,medium,0.1508,0.007018,0.031989,0.0015,2023-05-25 20:33:47
1261,1261,high,0.2532,0.015581,0.048911,0.004,2025-07-27 21:55:14
1262,1262,medium,0.1915,0.006718,0.039627,0.0015,2022-03-08 14:52:05
1263,1263,low,0.0701,0.003948,0.011287,0.0,2023-05-20 18:17:20
1264,1264,low,0.0641,0.004595,0.01034,0.0,2022-05-30 11:57:22
1265,1265,medium,0.2024,0.012087,0.023818,0.0015,2025-06-28 09:07:40
1266,1266,low,0.1282,0.00915,0.014743,0.0,2024-07-12 19:38:03
1267,1267,medium,0.2322,0.008828,0.041633,0.0015,2024-11-09 08:41:26
1268,1268,medium,0.2057,0.011588,0.027341,0.0015,2024-09-02 17:41:35
1269,1269,low,0.01,0.000624,0.00157,0.0,2024-06-17 19:29:48
1270,1270,low,0.1011,0.003674,0.011602,0.0,2024-11-24 10:47:50
1271,1271,medium,0.1847,0.012866,0.031534,0.0015,2022-01-12 02:45:09
1272,1272,high,0.3571,0.016163,0.039046,0.004,2025-03-29 22:40:09
1273,1273,low,0.0994,0.006918,0.012019,0.0,2024-10-09 03:14:41
1274,1274,medium,0.1344,0.00621,0.015815,0.0015,2024-10-08 13:00:50
1275,1275,low,0.1021,0.007582,0.011896,0.0,2023-06-23 05:18:36
1276,1276,low,0.0697,0.004917,0.012206,0.0,2024-12-31 14:12:57
1277,1277,medium,0.171,0.011843,0.017851,0.0015,2023-06-07 07:51:30
1278,1278,high,0.336,0.020998,0.060743,0.004,2022-03-08 23:34:35
1279,1279,medium,0.2328,0.011889,0.042111,0.0015,2025-05-26 21:27:42
1280,1280,low,0.0689,0.003673,0.008536,0.0,2022-11-17 20:15:28
1281,1281,low,0.0836,0.00489,0.013107,0.0,2022-05-20 09:35:06
1282,1282,medium,0.173,0.007904,0.020952,0.0015,2024-04-30 18:08:51
1283,1283,medium,0.2385,0.010792,0.03238,0.0015,2022-11-16 15:18:12
1284,1284,medium,0.1731,0.009419,0.03347,0.0015,2025-03-19 21:58:11
1285,1285,medium,0.1888,0.010601,0.030352,0.0015,2023-08-31 01:12:32
1286,1286,high,0.3313,0.022166,0.071493,0.004,2022-01-07 03:44:53
1287,1287,high,0.3407,0.022079,0.072436,0.004,2025-07-25 22:48:36
1288,1288,medium,0.1854,0.011125,0.023361,0.0015,2023-12-06 00:18:37
1289,1289,high,0.2777,0.016989,0.054871,0.004,2022-12-26 18:04:18
1290,1290,medium,0.2115,0.014773,0.029827,0.0015,2024-07-15 12:41:59
1291,1291,low,0.0975,0.00364,0.014238,0.0,2023-12-27 21:00:12
1292,1292,low,0.1079,0.006239,0.018501,0.0,2022-02-10 12:03:59
1293,1293,low,0.0421,0.001576,0.00676,0.0,2024-11-05 04:44:32
1294,1294,high,0.2565,0.010107,0.054444,0.004,2023-07-04 01:18:20
1295,1295,high,0.2791,0.015078,0.058239,0.004,2024-08-15 08:24:19
1296,1296,medium,0.1817,0.009205,0.027929,0.0015,2025-05-10 05:29:03
1297,1297,medium,0.1464,0.009425,0.029173,0.0015,2024-04-15 07:38:23
1298,1298,medium,0.1447,0.009802,0.030336,0.0015,2024-07-07 18:23:30
1299,1299,medium,0.1663,0.011079,0.031084,0.0015,2022-12-15 08:40:30
1300,1300,medium,0.1347,0.007838,0.024752,0.0015,2022-11-22 02:47:57
1301,1301,medium,0.2401,0.008462,0.040268,0.0015,2023-07-22 17:20:00
1302,1302,medium,0.1895,0.006809,0.034688,0.0015,2025-03-12 14:30:36
1303,1303,low,0.0506,0.002158,0.005966,0.0,2023-12-19 02:18:13
1304,1304,medium,0.1573,0.007191,0.019614,0.0015,2023-04-22 02:34:03
1305,1305,medium,0.2092,0.011179,0.030152,0.0015,2024-12-02 12:10:27
1306,1306,low,0.0783,0.003931,0.016696,0.0,2025-03-13 09:00:44
1307,1307,high,0.253,0.010386,0.034373,0.004,2025-05-19 15:58:31
1308,1308,low,0.01,0.000389,0.001154,0.0,2023-02-13 22:55:04
1309,1309,medium,0.1451,0.005203,0.022567,0.0015,2024-08-28 18:54:32
1310,1310,medium,0.2111,0.007973,0.029708,0.0015,2024-03-18 13:23:40
1311,1311,medium,0.202,0.007076,0.044213,0.0015,2023-09-07 04:38:37
1312,1312,low,0.0389,0.001411,0.005696,0.0,2023-06-28 00:20:10
1313,1313,medium,0.2044,0.01081,0.034248,0.0015,2022-06-06 17:00:50
1314,1314,low,0.0285,0.001766,0.006146,0.0,2023-01-11 23:03:21
1315,1315,medium,0.2485,0.01286,0.051424,0.0015,2024-01-22 22:36:28
1316,1316,high,0.3614,0.016445,0.075288,0.004,2025-04-27 19:27:28
1317,1317,medium,0.1944,0.011589,0.037915,0.0015,2025-03-31 03:43:36
1318,1318,medium,0.1365,0.008233,0.019592,0.0015,2022-09-14 15:04:32
1319,1319,low,0.0452,0.00287,0.008725,0.0,2024-07-18 07:31:25
1320,1320,medium,0.1357,0.006292,0.023312,0.0015,2022-04-27 00:32:02
1321,1321,high,0.2967,0.021735,0.042594,0.004,2024-07-12 10:01:44
1322,1322,low,0.1173,0.004915,0.019214,0.0,2023-04-13 18:08:42
1323,1323,low,0.1276,0.009382,0.025994,0.0,2023-09-08 09:25:07
1324,1324,low,0.1198,0.007224,0.012919,0.0,2024-09-08 17:31:42
1325,1325,medium,0.1644,0.007542,0.034159,0.0015,2023-08-05 05:56:09
1326,1326,medium,0.1469,0.006312,0.027211,0.0015,2025-01-09 13:35:40
1327,1327,high,0.2722,0.012051,0.037902,0.004,2023-12-31 22:31:18
1328,1328,medium,0.1351,0.008221,0.020038,0.0015,2025-09-28 06:44:32
1329,1329,medium,0.2028,0.014872,0.030802,0.0015,2024-05-23 02:43:20
1330,1330,low,0.1286,0.008968,0.01955,0.0,2023-02-10 10:09:32
1331,1331,medium,0.1481,0.010997,0.015176,0.0015,2024-11-26 14:14:17
1332,1332,medium,0.1678,0.008036,0.020427,0.0015,2023-07-13 01:33:00
1333,1333,low,0.0992,0.005012,0.015113,0.0,2024-01-01 17:49:06
1334,1334,low,0.0745,0.004832,0.008259,0.0,2022-07-07 04:06:58
1335,1335,medium,0.2157,0.009709,0.025204,0.0015,2022-06-13 06:16:30
1336,1336,medium,0.1396,0.006769,0.029517,0.0015,2024-02-26 10:11:42
1337,1337,medium,0.201,0.00934,0.03376,0.0015,2022-09-13 09:26:11
1338,1338,medium,0.1678,0.008609,0.034979,0.0015,2025-09-26 16:32:52
1339,1339,medium,0.1366,0.009,0.024311,0.0015,2025-03-16 13:28:39
1340,1340,low,0.0227,0.000802,0.003239,0.0,2024-08-16 19:19:31
1341,1341,medium,0.1503,0.005416,0.02966,0.0015,2024-10-02 01:38:43
1342,1342,medium,0.1505,0.00529,0.025489,0.0015,2024-03-25 06:01:40
1343,1343,low,0.1104,0.006687,0.018011,0.0,2022-03-24 11:27:24
1344,1344,low,0.1064,0.005284,0.011813,0.0,2023-06-21 18:15:43
1345,1345,low,0.1215,0.006543,0.015149,0.0,2023-11-10 06:09:20
1346,1346,medium,0.1544,0.008286,0.016196,0.0015,2025-06-06 03:05:20
1347,1347,medium,0.2039,0.008792,0.022478,0.0015,2022-10-28 06:20:02
1348,1348,low,0.0654,0.004357,0.013533,0.0,2023-11-11 18:45:56
1349,1349,medium,0.2419,0.010271,0.04715,0.0015,2023-04-16 16:23:27
1350,1350,medium,0.1439,0.008975,0.018218,0.0015,2022-07-03 19:32:04
1351,1351,low,0.1272,0.008211,0.016409,0.0,2022-05-21 22:17:08
1352,1352,high,0.3002,0.013574,0.047676,0.004,2023-05-15 20:06:20
1353,1353,high,0.2541,0.016102,0.035483,0.004,2022-04-23 18:03:20
1354,1354,medium,0.148,0.006466,0.024659,0.0015,2022-04-02 21:12:57
1355,1355,medium,0.218,0.012218,0.027476,0.0015,2023-04-25 23:42:35
1356,1356,medium,0.1585,0.010095,0.023603,0.0015,2022-10-04 07:22:32
1357,1357,low,0.1163,0.004748,0.024417,0.0,2024-01-29 23:30:19
1358,1358,low,0.1247,0.007744,0.019347,0.0,2022-01-25 04:06:05
1359,1359,medium,0.22,0.008872,0.045103,0.0015,2023-02-17 21:06:56
1360,1360,medium,0.1821,0.006891,0.029818,0.0015,2023-09-13 02:05:10
1361,1361,high,0.2564,0.012557,0.038779,0.004,2025-08-10 13:57:05
1362,1362,medium,0.1992,0.008713,0.032129,0.0015,2024-05-18 01:13:33
1363,1363,medium,0.1746,0.007152,0.032985,0.0015,2025-04-19 19:46:38
1364,1364,high,0.2625,0.011901,0.057698,0.004,2023-04-15 14:58:41
1365,1365,low,0.0979,0.006409,0.010135,0.0,2023-09-08 04:52:38
1366,1366,medium,0.2446,0.016981,0.039633,0.0015,2023-07-30 01:58:27
1367,1367,low,0.0499,0.003616,0.009013,0.0,2025-04-28 22:56:29
1368,1368,low,0.0895,0.00654,0.013302,0.0,2025-08-05 04:45:31
1369,1369,medium,0.2036,0.012245,0.034323,0.0015,2025-08-09 11:21:26
1370,1370,medium,0.1661,0.010424,0.017683,0.0015,2024-10-25 16:27:11
1371,1371,high,0.2847,0.01344,0.038049,0.004,2023-11-20 06:08:53
1372,1372,low,0.1176,0.008327,0.017084,0.0,2024-01-10 21:24:18
1373,1373,high,0.2654,0.01299,0.039481,0.004,2025-09-03 08:06:38
1374,1374,medium,0.1757,0.011316,0.031946,0.0015,2023-01-25 06:02:45
1375,1375,high,0.2789,0.018519,0.058098,0.004,2023-04-20 07:06:05
1376,1376,medium,0.2217,0.016431,0.023795,0.0015,2025-05-12 02:11:56
1377,1377,low,0.0766,0.002778,0.011785,0.0,2023-06-13 11:43:54
1378,1378,medium,0.142,0.006399,0.020986,0.0015,2022-11-18 14:42:30
1379,1379,high,0.2582,0.013907,0.055715,0.004,2024-02-06 17:20:05
1380,1380,low,0.0727,0.004863,0.013426,0.0,2023-03-22 01:39:09
1381,1381,high,0.3481,0.022284,0.074692,0.004,2025-05-03 17:09:13
1382,1382,low,0.0795,0.003024,0.012759,0.0,2025-05-28 14:24:57
1383,1383,low,0.1215,0.008414,0.021294,0.0,2023-02-23 14:55:26
1384,1384,low,0.1191,0.006131,0.024113,0.0,2023-12-26 09:55:29
1385,1385,low,0.0775,0.005366,0.008094,0.0,2025-09-08 02:26:10
1386,1386,low,0.0986,0.006934,0.0208,0.0,2024-10-12 11:46:58
1387,1387,medium,0.2241,0.016074,0.03522,0.0015,2022-10-22 23:28:35
1388,1388,medium,0.2011,0.013361,0.043318,0.0015,2024-03-19 03:19:59
1389,1389,high,0.2563,0.016696,0.025921,0.004,2024-04-28 00:14:38
1390,1390,low,0.0742,0.004112,0.008257,0.0,2024-06-12 21:42:57
1391,1391,medium,0.1854,0.010617,0.020211,0.0015,2022-02-04 05:08:34
1392,1392,high,0.2503,0.013931,0.026709,0.004,2023-02-14 13:21:08
1393,1393,low,0.072,0.004005,0.008355,0.0,2025-03-15 02:40:56
1394,1394,high,0.2581,0.011211,0.036136,0.004,2022-11-27 04:43:39
1395,1395,medium,0.1376,0.006621,0.015974,0.0015,2023-02-14 23:36:25
1396,1396,low,0.1191,0.005013,0.013983,0.0,2023-03-18 04:04:07
1397,1397,low,0.1114,0.007096,0.017153,0.0,2022-08-31 15:59:53
1398,1398,medium,0.243,0.012591,0.042571,0.0015,2022-08-01 15:27:26
1399,1399,medium,0.1408,0.006297,0.014837,0.0015,2023-04-20 17:12:52
1400,1400,medium,0.184,0.012326,0.031093,0.0015,2025-04-11 01:29:21
1401,1401,high,0.2939,0.020816,0.049919,0.004,2022-01-03 02:23:45
1402,1402,medium,0.2025,0.007124,0.028044,0.0015,2023-01-23 11:33:47
1403,1403,medium,0.2235,0.015673,0.027405,0.0015,2022-03-24 22:30:19
1404,1404,medium,0.1556,0.005612,0.02737,0.0015,2024-02-08 02:49:11
1405,1405,low,0.01,0.000634,0.001938,0.0,2022-12-09 19:45:28
1406,1406,medium,0.2106,0.014758,0.028238,0.0015,2024-12-19 10:06:15
1407,1407,low,0.0775,0.003441,0.012485,0.0,2024-03-11 07:16:16
1408,1408,medium,0.1337,0.009728,0.01496,0.0015,2024-12-08 06:30:47
1409,1409,medium,0.167,0.010654,0.032363,0.0015,2024-05-18 13:17:29
1410,1410,medium,0.1732,0.012879,0.031096,0.0015,2023-08-23 17:05:51
1411,1411,low,0.1235,0.005308,0.018698,0.0,2025-03-23 19:16:12
1412,1412,low,0.0995,0.003995,0.017185,0.0,2023-10-14 12:28:47
1413,1413,high,0.2547,0.015654,0.054658,0.004,2025-07-23 12:14:58
1414,1414,medium,0.2435,0.013539,0.040771,0.0015,2025-09-22 18:02:52
1415,1415,medium,0.1975,0.013349,0.029873,0.0015,2024-03-16 18:44:48
1416,1416,low,0.1019,0.005316,0.015728,0.0,2024-07-11 20:23:03
1417,1417,high,0.3177,0.011143,0.038701,0.004,2022-12-16 17:54:47
1418,1418,medium,0.1653,0.008993,0.034581,0.0015,2025-01-19 10:12:33
1419,1419,high,0.3368,0.020758,0.055943,0.004,2024-07-07 17:42:57
1420,1420,medium,0.2476,0.011757,0.036493,0.0015,2025-05-19 16:39:06
1421,1421,medium,0.169,0.009308,0.035883,0.0015,2023-01-01 06:24:56
1422,1422,medium,0.1395,0.008252,0.023181,0.0015,2024-12-13 10:08:58
1423,1423,low,0.0683,0.00435,0.008024,0.0,2023-10-06 08:05:45
1424,1424,medium,0.2228,0.009896,0.04081,0.0015,2022-09-11 07:48:29
1425,1425,medium,0.1575,0.007206,0.034028,0.0015,2022-08-23 04:43:37
1426,1426,high,0.2837,0.017726,0.056527,0.004,2024-02-09 01:11:22
1427,1427,medium,0.2,0.009834,0.029128,0.0015,2023-03-14 00:10:07
1428,1428,medium,0.155,0.01008,0.030549,0.0015,2022-05-20 09:23:20
1429,1429,low,0.0644,0.002941,0.010153,0.0,2023-08-08 08:04:02
1430,1430,medium,0.1923,0.012538,0.02857,0.0015,2024-06-12 04:44:21
1431,1431,medium,0.1714,0.007078,0.028564,0.0015,2023-03-13 07:44:20
1432,1432,low,0.0531,0.002819,0.0058,0.0,2025-07-30 22:01:56
1433,1433,medium,0.2142,0.009139,0.028215,0.0015,2024-12-02 10:05:59
1434,1434,low,0.1074,0.005975,0.018206,0.0,2023-12-03 10:01:08
1435,1435,low,0.1054,0.006638,0.012018,0.0,2025-07-02 14:33:01
1436,1436,medium,0.1314,0.007373,0.019613,0.0015,2023-08-16 07:21:10
1437,1437,medium,0.2376,0.009835,0.047347,0.0015,2022-07-11 01:35:49
1438,1438,low,0.0835,0.006003,0.017314,0.0,2022-02-19 00:47:21
1439,1439,low,0.0522,0.001835,0.006358,0.0,2025-07-07 05:11:23
1440,1440,medium,0.1379,0.008855,0.029418,0.0015,2025-08-05 23:19:01
1441,1441,low,0.0539,0.003444,0.008411,0.0,2024-10-08 07:03:51
1442,1442,medium,0.1672,0.011845,0.019772,0.0015,2022-05-21 21:47:02
1443,1443,medium,0.1348,0.009362,0.025622,0.0015,2023-02-06 17:07:59
1444,1444,medium,0.1378,0.005652,0.015194,0.0015,2022-02-26 04:42:31
1445,1445,medium,0.1731,0.012607,0.0325,0.0015,2022-03-12 02:35:31
1446,1446,low,0.0545,0.002238,0.010022,0.0,2022-12-03 14:51:32
1447,1447,low,0.1152,0.006628,0.020326,0.0,2024-02-22 16:33:28
1448,1448,medium,0.2155,0.00889,0.042954,0.0015,2022-03-31 15:29:42
1449,1449,low,0.1178,0.005907,0.023405,0.0,2025-09-08 22:25:24
1450,1450,medium,0.1362,0.009087,0.020828,0.0015,2023-09-15 14:25:44
1451,1451,high,0.3599,0.026069,0.058276,0.004,2022-12-27 22:34:35
1452,1452,low,0.0751,0.003592,0.011274,0.0,2023-12-08 00:11:40
1453,1453,low,0.1221,0.006404,0.021201,0.0,2024-12-16 22:22:48
1454,1454,low,0.0675,0.004528,0.010981,0.0,2023-03-04 14:17:47
1455,1455,medium,0.166,0.009771,0.022509,0.0015,2022-03-06 23:58:07
1456,1456,medium,0.2021,0.014332,0.030477,0.0015,2022-03-11 17:08:04
1457,1457,medium,0.1734,0.008351,0.029101,0.0015,2025-03-11 12:24:02
1458,1458,medium,0.1661,0.00706,0.03256,0.0015,2022-06-02 16:03:47
1459,1459,medium,0.2131,0.012134,0.024765,0.0015,2024-05-19 10:49:07
1460,1460,low,0.0993,0.00533,0.016631,0.0,2023-06-11 00:02:51
1461,1461,low,0.0622,0.004371,0.013229,0.0,2024-11-29 15:26:32
1462,1462,high,0.3238,0.012485,0.048261,0.004,2022-03-24 19:16:12
1463,1463,medium,0.1432,0.005272,0.015496,0.0015,2025-05-13 04:18:48
1464,1464,medium,0.1731,0.007263,0.034956,0.0015,2024-08-13 02:57:54
1465,1465,medium,0.2084,0.012894,0.026146,0.0015,2023-09-07 14:41:10
1466,1466,medium,0.1309,0.006286,0.024046,0.0015,2022-10-11 04:53:54
1467,1467,medium,0.1831,0.007121,0.028451,0.0015,2025-08-29 17:31:19
1468,1468,medium,0.1339,0.009436,0.028513,0.0015,2023-02-18 05:36:49
1469,1469,medium,0.182,0.011916,0.035091,0.0015,2023-11-03 00:29:35
1470,1470,medium,0.1361,0.009577,0.026705,0.0015,2023-06-24 03:56:15
1471,1471,medium,0.1652,0.00652,0.028428,0.0015,2022-11-12 09:25:42
1472,1472,medium,0.1473,0.007011,0.01719,0.0015,2023-07-24 22:07:38
1473,1473,medium,0.1353,0.008118,0.016281,0.0015,2022-07-27 05:32:28
1474,1474,medium,0.2143,0.008177,0.02257,0.0015,2022-01-03 06:31:27
1475,1475,medium,0.1457,0.010875,0.025568,0.0015,2023-02-01 17:02:52
1476,1476,medium,0.2334,0.01744,0.042679,0.0015,2022-06-03 07:29:39
1477,1477,medium,0.1852,0.010321,0.023091,0.0015,2023-07-22 10:01:15
1478,1478,medium,0.1788,0.013365,0.036313,0.0015,2025-03-26 06:17:10
1479,1479,low,0.0996,0.007218,0.014183,0.0,2022-08-11 09:28:24
1480,1480,medium,0.1985,0.011781,0.025066,0.0015,2022-01-02 16:29:02
1481,1481,medium,0.1382,0.005305,0.026275,0.0015,2022-06-01 23:26:31
1482,1482,medium,0.201,0.008053,0.03522,0.0015,2023-11-27 04:09:02
1483,1483,medium,0.1396,0.006544,0.017299,0.0015,2023-01-11 23:29:12
1484,1484,low,0.0884,0.006006,0.017672,0.0,2023-11-01 15:19:47
1485,1485,medium,0.1924,0.010886,0.02166,0.0015,2022-02-10 00:15:58
1486,1486,low,0.01,0.000682,0.001228,0.0,2023-04-01 16:08:50
1487,1487,medium,0.1576,0.010007,0.030283,0.0015,2023-07-16 01:32:19
1488,1488,high,0.2779,0.018785,0.045818,0.004,2023-08-14 01:19:43
1489,1489,medium,0.2472,0.011278,0.037559,0.0015,2024-01-24 23:37:42
1490,1490,medium,0.1688,0.010635,0.019954,0.0015,2024-12-03 20:02:23
1491,1491,low,0.1017,0.003876,0.011267,0.0,2023-10-02 04:05:34
1492,1492,medium,0.1799,0.011261,0.027384,0.0015,2025-02-24 18:24:00
1493,1493,medium,0.1667,0.009082,0.036348,0.0015,2023-12-26 16:16:21
1494,1494,high,0.3001,0.01453,0.052421,0.004,2022-12-23 03:45:48
1495,1495,medium,0.206,0.012945,0.028454,0.0015,2022-11-10 07:07:38
1496,1496,medium,0.1756,0.006194,0.038616,0.0015,2023-03-18 04:00:22
1497,1497,low,0.1169,0.007699,0.025681,0.0,2024-03-28 07:56:12
1498,1498,high,0.2534,0.014297,0.035606,0.004,2022-11-28 17:11:49
1499,1499,medium,0.1773,0.009258,0.022355,0.0015,2025-06-04 14:08:49
1500,1500,medium,0.1613,0.009065,0.019892,0.0015,2023-10-19 10:52:30
1501,1501,medium,0.2446,0.01122,0.04172,0.0015,2025-03-26 22:58:17
1502,1502,medium,0.193,0.01152,0.026579,0.0015,2024-07-23 16:44:18
1503,1503,high,0.3368,0.014868,0.065198,0.004,2023-04-02 00:37:43
1504,1504,medium,0.2031,0.014641,0.028943,0.0015,2022-11-09 05:59:54
1505,1505,low,0.1026,0.006793,0.017764,0.0,2024-10-14 17:10:29
1506,1506,medium,0.1571,0.011054,0.020404,0.0015,2023-03-29 10:42:57
1507,1507,low,0.1101,0.007004,0.017365,0.0,2022-12-04 17:09:36
1508,1508,low,0.01,0.000382,0.00179,0.0,2025-06-26 18:23:15
1509,1509,low,0.0914,0.005104,0.020005,0.0,2023-10-23 05:42:16
1510,1510,high,0.2663,0.016821,0.036356,0.004,2022-03-08 10:37:36
1511,1511,low,0.0954,0.005695,0.018185,0.0,2023-11-08 20:12:40
1512,1512,medium,0.2397,0.014955,0.04139,0.0015,2023-09-23 07:59:15
1513,1513,low,0.0307,0.001734,0.005858,0.0,2025-03-27 21:48:49
1514,1514,medium,0.2044,0.01233,0.035469,0.0015,2024-08-31 09:52:25
1515,1515,medium,0.2035,0.01169,0.022996,0.0015,2022-09-19 18:38:29
1516,1516,medium,0.2023,0.007713,0.026,0.0015,2022-07-25 19:42:21
1517,1517,medium,0.2378,0.013888,0.04411,0.0015,2024-04-05 17:13:00
1518,1518,medium,0.1382,0.007416,0.026138,0.0015,2022-03-06 19:23:01
1519,1519,medium,0.1954,0.010784,0.034302,0.0015,2023-03-13 09:55:54
1520,1520,medium,0.2109,0.00801,0.026092,0.0015,2022-07-09 01:33:31
1521,1521,low,0.0818,0.005822,0.009238,0.0,2022-01-29 03:05:22
1522,1522,medium,0.1831,0.012555,0.034493,0.0015,2025-06-10 22:48:11
1523,1523,low,0.123,0.004553,0.021716,0.0,2022-05-03 20:59:46
1524,1524,medium,0.2325,0.016505,0.038836,0.0015,2022-01-13 16:01:01
1525,1525,low,0.01,0.000687,0.001023,0.0,2025-06-30 04:42:21
1526,1526,high,0.2936,0.019398,0.051177,0.004,2022-09-15 14:59:13
1527,1527,low,0.0448,0.003233,0.008663,0.0,2025-01-22 01:13:35
1528,1528,medium,0.1461,0.008966,0.022745,0.0015,2022-02-12 19:06:01
1529,1529,low,0.1296,0.005171,0.013753,0.0,2022-07-30 01:33:12
1530,1530,low,0.06,0.002482,0.008082,0.0,2022-06-01 08:11:12
1531,1531,medium,0.1555,0.00589,0.0188,0.0015,2024-08-24 04:01:15
1532,1532,medium,0.1709,0.008847,0.02977,0.0015,2024-04-28 08:44:28
1533,1533,high,0.348,0.01446,0.039889,0.004,2023-10-13 11:40:57
1534,1534,low,0.0338,0.001231,0.003551,0.0,2022-11-27 13:29:19
1535,1535,medium,0.2419,0.013466,0.047938,0.0015,2022-05-02 13:27:01
1536,1536,medium,0.1639,0.00775,0.034524,0.0015,2024-02-18 16:22:12
1537,1537,medium,0.1422,0.006106,0.028617,0.0015,2022-11-12 14:48:41
1538,1538,medium,0.1411,0.008894,0.023988,0.0015,2024-03-18 09:17:41
1539,1539,low,0.0833,0.004827,0.011899,0.0,2024-07-29 10:57:02
1540,1540,medium,0.2404,0.013717,0.026357,0.0015,2025-03-08 00:39:39
1541,1541,high,0.279,0.013704,0.040968,0.004,2023-11-07 18:30:54
1542,1542,medium,0.1805,0.01177,0.022021,0.0015,2022-01-07 11:40:09
1543,1543,low,0.1263,0.00519,0.024875,0.0,2023-01-19 22:51:13
1544,1544,low,0.1028,0.005425,0.02056,0.0,2025-03-13 09:49:33
1545,1545,medium,0.1455,0.007345,0.022749,0.0015,2023-12-31 11:41:44
1546,1546,medium,0.1941,0.012977,0.02657,0.0015,2024-04-26 22:55:04
1547,1547,low,0.0882,0.003743,0.016215,0.0,2023-09-19 07:15:17
1548,1548,medium,0.1624,0.012097,0.028472,0.0015,2022-08-11 15:11:38
1549,1549,low,0.1107,0.004579,0.018788,0.0,2025-05-11 16:34:33
1550,1550,high,0.3573,0.018792,0.075403,0.004,2024-11-23 09:04:49
1551,1551,low,0.1092,0.006473,0.01459,0.0,2025-09-23 09:51:43
1552,1552,low,0.1145,0.005944,0.016,0.0,2025-03-16 07:29:53
1553,1553,medium,0.2432,0.017036,0.025916,0.0015,2023-02-03 06:29:16
1554,1554,medium,0.133,0.008084,0.016811,0.0015,2022-12-14 19:58:43
1555,1555,medium,0.2088,0.012997,0.032641,0.0015,2022-12-06 21:54:44
1556,1556,medium,0.2032,0.014276,0.040327,0.0015,2025-06-10 21:50:02
1557,1557,medium,0.2205,0.008856,0.027052,0.0015,2024-02-01 21:17:57
1558,1558,medium,0.1604,0.008484,0.026112,0.0015,2023-09-14 16:44:46
1559,1559,high,0.3027,0.015461,0.041494,0.004,2025-08-17 13:57:31
1560,1560,low,0.1236,0.00804,0.024013,0.0,2024-04-05 11:37:54
1561,1561,medium,0.1567,0.010761,0.02766,0.0015,2025-05-29 02:28:14
1562,1562,low,0.1166,0.006179,0.012426,0.0,2025-09-09 00:00:48
1563,1563,low,0.0376,0.001492,0.004493,0.0,2022-04-19 16:21:31
1564,1564,low,0.12,0.007855,0.023,0.0,2023-05-10 13:57:09
1565,1565,medium,0.2187,0.014507,0.039677,0.0015,2024-10-01 07:15:41
1566,1566,medium,0.1714,0.007889,0.019534,0.0015,2025-01-17 09:38:51
1567,1567,medium,0.2315,0.009691,0.031538,0.0015,2022-07-23 03:03:31
1568,1568,medium,0.1451,0.005899,0.019244,0.0015,2023-03-12 13:40:47
1569,1569,medium,0.1325,0.005173,0.020744,0.0015,2024-01-20 21:36:41
1570,1570,low,0.0992,0.004625,0.01023,0.0,2024-12-29 07:46:42
1571,1571,medium,0.1566,0.009966,0.025621,0.0015,2022-06-04 12:56:27
1572,1572,medium,0.2187,0.010154,0.026234,0.0015,2024-04-01 19:17:45
1573,1573,medium,0.1794,0.012289,0.033749,0.0015,2023-02-10 12:48:48
1574,1574,medium,0.1621,0.007841,0.026871,0.0015,2022-10-23 23:23:24
1575,1575,low,0.087,0.005502,0.016927,0.0,2023-12-07 01:35:04
1576,1576,medium,0.1745,0.007587,0.030648,0.0015,2023-07-21 09:18:16
1577,1577,medium,0.1436,0.005682,0.030025,0.0015,2024-05-19 15:40:28
1578,1578,medium,0.1861,0.008311,0.039933,0.0015,2023-03-11 12:36:47
1579,1579,low,0.1175,0.007055,0.020524,0.0,2025-01-31 05:47:43
1580,1580,high,0.319,0.01964,0.055916,0.004,2022-04-17 20:27:17
1581,1581,medium,0.1461,0.008737,0.020838,0.0015,2025-03-25 01:13:25
1582,1582,low,0.0925,0.004797,0.019606,0.0,2022-02-10 19:32:06
1583,1583,low,0.1089,0.006252,0.021546,0.0,2024-10-03 16:55:44
1584,1584,medium,0.1748,0.012702,0.022711,0.0015,2023-04-19 23:35:13
1585,1585,low,0.0457,0.001735,0.006012,0.0,2023-06-09 09:38:48
1586,1586,medium,0.1821,0.006973,0.034411,0.0015,2022-01-27 00:55:44
1587,1587,medium,0.2205,0.012072,0.031345,0.0015,2024-08-18 11:20:51
1588,1588,low,0.0359,0.002409,0.007135,0.0,2022-08-15 09:17:38
1589,1589,medium,0.238,0.016692,0.049975,0.0015,2024-06-20 17:26:06
1590,1590,low,0.0924,0.005936,0.010523,0.0,2024-09-19 01:13:07
1591,1591,low,0.0356,0.001561,0.005787,0.0,2025-03-02 06:52:27
1592,1592,low,0.1093,0.007142,0.022571,0.0,2024-08-26 16:03:05
1593,1593,high,0.2785,0.012173,0.046291,0.004,2023-02-17 10:51:21
1594,1594,high,0.361,0.012852,0.042407,0.004,2024-10-07 09:04:16
1595,1595,medium,0.1569,0.006448,0.030588,0.0015,2025-02-03 21:36:03
1596,1596,low,0.01,0.000737,0.001246,0.0,2023-03-10 20:46:22
1597,1597,medium,0.1617,0.010277,0.025775,0.0015,2022-06-19 20:58:34
1598,1598,medium,0.1352,0.005526,0.029221,0.0015,2025-05-02 13:07:07
1599,1599,high,0.2595,0.012304,0.053647,0.004,2022-07-22 09:09:53
1600,1600,medium,0.1374,0.009662,0.023789,0.0015,2024-03-23 08:38:40
1601,1601,high,0.3225,0.020494,0.038325,0.004,2022-11-20 05:33:37
1602,1602,medium,0.1661,0.007431,0.0243,0.0015,2022-06-22 09:41:48
1603,1603,high,0.2677,0.019828,0.034381,0.004,2024-11-28 03:15:41
1604,1604,low,0.0514,0.002998,0.009318,0.0,2022-07-16 14:34:15
1605,1605,medium,0.1807,0.010295,0.034575,0.0015,2024-07-05 20:51:17
1606,1606,low,0.0911,0.005326,0.015935,0.0,2024-08-06 03:42:32
1607,1607,medium,0.246,0.015823,0.042557,0.0015,2022-03-24 09:24:20
1608,1608,medium,0.1364,0.006209,0.018757,0.0015,2022-08-25 14:05:43
1609,1609,low,0.0777,0.002793,0.011987,0.0,2024-12-22 16:32:34
1610,1610,low,0.103,0.006288,0.022454,0.0,2023-11-25 23:26:02
1611,1611,medium,0.1419,0.007655,0.029664,0.0015,2022-06-16 00:13:34
1612,1612,medium,0.1603,0.01081,0.029734,0.0015,2025-09-18 17:56:22
1613,1613,medium,0.1644,0.01185,0.033546,0.0015,2022-12-29 12:05:28
1614,1614,low,0.092,0.005467,0.017014,0.0,2022-01-06 11:34:39
1615,1615,medium,0.1581,0.009296,0.027931,0.0015,2025-06-18 06:13:08
1616,1616,medium,0.1344,0.008126,0.025656,0.0015,2022-01-23 16:20:52
1617,1617,low,0.1199,0.004574,0.01555,0.0,2024-01-27 23:51:41
1618,1618,medium,0.1308,0.006479,0.028221,0.0015,2025-09-20 12:57:10
1619,1619,high,0.2784,0.017068,0.042351,0.004,2024-03-01 10:38:12
1620,1620,high,0.3301,0.01851,0.034753,0.004,2024-03-10 18:51:43
1621,1621,low,0.0574,0.003809,0.007028,0.0,2023-06-16 00:33:29
1622,1622,low,0.1124,0.004465,0.020167,0.0,2022-06-23 14:42:29
1623,1623,low,0.1181,0.007144,0.021237,0.0,2024-02-23 10:37:04
1624,1624,medium,0.1488,0.010201,0.024552,0.0015,2025-05-12 12:13:32
1625,1625,medium,0.2031,0.0125,0.032554,0.0015,2022-05-05 15:05:19
1626,1626,medium,0.2005,0.007636,0.0353,0.0015,2025-04-19 08:38:45
1627,1627,medium,0.24,0.014764,0.044776,0.0015,2023-07-22 18:48:26
1628,1628,medium,0.14,0.00966,0.017386,0.0015,2024-01-04 12:31:55
1629,1629,high,0.2559,0.010478,0.031907,0.004,2022-08-15 06:34:21
1630,1630,medium,0.1774,0.010598,0.018509,0.0015,2024-04-30 14:40:33
1631,1631,medium,0.1815,0.00988,0.031296,0.0015,2022-09-07 11:00:59
1632,1632,medium,0.2127,0.009355,0.030796,0.0015,2023-01-09 17:16:54
1633,1633,medium,0.1852,0.009754,0.039329,0.0015,2024-09-14 03:58:17
1634,1634,medium,0.2306,0.011974,0.032344,0.0015,2022-03-11 02:39:45
1635,1635,medium,0.1928,0.011154,0.032347,0.0015,2023-09-04 17:51:53
1636,1636,high,0.3058,0.019855,0.043274,0.004,2024-03-24 08:50:37
1637,1637,low,0.0772,0.003002,0.011023,0.0,2022-06-30 14:45:47
1638,1638,low,0.1096,0.004717,0.015728,0.0,2023-04-15 21:50:38
1639,1639,high,0.3332,0.020217,0.057714,0.004,2024-06-26 20:00:22
1640,1640,low,0.0289,0.001153,0.00416,0.0,2025-08-29 03:18:35
1641,1641,low,0.1175,0.007202,0.013835,0.0,2025-02-17 23:36:05
1642,1642,low,0.0834,0.00511,0.00999,0.0,2022-09-17 14:23:21
1643,1643,medium,0.1657,0.008032,0.027058,0.0015,2022-01-25 20:14:49
1644,1644,medium,0.1412,0.010527,0.021476,0.0015,2022-03-13 00:22:39
1645,1645,medium,0.1422,0.007675,0.029124,0.0015,2024-03-25 22:28:28
1646,1646,low,0.1248,0.009172,0.013112,0.0,2022-08-02 18:20:42
1647,1647,medium,0.1551,0.006536,0.020435,0.0015,2022-11-13 09:24:09
1648,1648,medium,0.2321,0.016809,0.042489,0.0015,2025-03-05 05:33:41
1649,1649,medium,0.2386,0.013849,0.043443,0.0015,2025-04-10 11:30:25
1650,1650,medium,0.2462,0.018367,0.026886,0.0015,2025-02-21 19:03:29
1651,1651,low,0.1023,0.006024,0.013254,0.0,2022-12-14 00:18:47
1652,1652,medium,0.1965,0.0142,0.02503,0.0015,2024-04-27 17:29:10
1653,1653,medium,0.1328,0.006505,0.028574,0.0015,2024-04-15 12:48:18
1654,1654,low,0.0988,0.005958,0.020793,0.0,2022-09-11 10:02:35
1655,1655,medium,0.1714,0.006218,0.037333,0.0015,2024-01-28 05:51:10
1656,1656,low,0.0578,0.003373,0.006799,0.0,2023-12-20 13:13:24
1657,1657,low,0.1228,0.006139,0.022523,0.0,2023-06-26 22:56:18
1658,1658,low,0.0208,0.001412,0.00338,0.0,2024-10-25 06:35:56
1659,1659,high,0.253,0.013883,0.048114,0.004,2024-07-15 23:38:41
1660,1660,low,0.1179,0.006591,0.014777,0.0,2023-12-30 16:07:19
1661,1661,low,0.0909,0.006759,0.009418,0.0,2024-09-19 20:28:07
1662,1662,medium,0.1822,0.012869,0.020699,0.0015,2024-11-09 22:22:46
1663,1663,medium,0.1567,0.011325,0.02518,0.0015,2024-02-15 13:42:06
1664,1664,medium,0.1345,0.00562,0.029257,0.0015,2023-01-02 04:16:44
1665,1665,medium,0.1521,0.01068,0.015851,0.0015,2024-09-08 16:41:58
1666,1666,medium,0.1761,0.009178,0.030025,0.0015,2025-09-07 07:32:57
1667,1667,low,0.0782,0.005402,0.009673,0.0,2022-07-24 21:43:30
1668,1668,low,0.0736,0.004072,0.007996,0.0,2023-07-28 13:33:03
1669,1669,medium,0.1407,0.008679,0.024612,0.0015,2025-06-18 08:12:37
1670,1670,medium,0.1623,0.007311,0.023537,0.0015,2023-12-05 22:47:26
1671,1671,medium,0.154,0.00659,0.02914,0.0015,2025-07-13 12:11:40
1672,1672,medium,0.2065,0.011831,0.029783,0.0015,2022-01-18 01:24:39
1673,1673,medium,0.1589,0.006472,0.017799,0.0015,2022-02-18 02:41:42
1674,1674,medium,0.2262,0.013571,0.042513,0.0015,2024-12-24 23:12:34
1675,1675,low,0.0804,0.002921,0.014348,0.0,2023-05-06 08:00:39
1676,1676,medium,0.1368,0.005884,0.028515,0.0015,2023-12-13 16:11:36
1677,1677,medium,0.1432,0.00659,0.026297,0.0015,2023-08-09 12:24:27
1678,1678,medium,0.2426,0.010127,0.024631,0.0015,2023-07-13 02:11:22
1679,1679,high,0.3314,0.013169,0.066113,0.004,2025-07-09 04:49:11
1680,1680,high,0.2609,0.0171,0.043402,0.004,2022-05-09 16:34:14
1681,1681,low,0.0381,0.00197,0.003859,0.0,2024-11-22 09:25:39
1682,1682,medium,0.178,0.008043,0.034937,0.0015,2025-05-02 01:11:58
1683,1683,medium,0.1854,0.008746,0.035674,0.0015,2024-06-18 08:08:40
1684,1684,medium,0.1642,0.010958,0.036108,0.0015,2023-06-25 08:52:39
1685,1685,low,0.0975,0.004295,0.015404,0.0,2022-08-07 21:34:22
1686,1686,medium,0.1668,0.01092,0.032267,0.0015,2024-07-22 18:31:08
1687,1687,medium,0.1877,0.012051,0.034837,0.0015,2023-10-04 07:34:13
1688,1688,medium,0.1403,0.005289,0.022361,0.0015,2022-07-24 08:15:08
1689,1689,low,0.0835,0.005949,0.010093,0.0,2023-05-08 00:02:24
1690,1690,medium,0.1368,0.007874,0.02097,0.0015,2025-08-08 09:35:50
1691,1691,medium,0.1571,0.010766,0.018653,0.0015,2022-12-30 01:08:22
1692,1692,medium,0.2176,0.010386,0.029717,0.0015,2022-09-02 02:35:59
1693,1693,medium,0.2015,0.012611,0.041241,0.0015,2024-07-21 22:37:00
1694,1694,medium,0.179,0.010579,0.023345,0.0015,2022-09-30 23:21:45
1695,1695,low,0.1201,0.005503,0.02393,0.0,2025-06-12 10:27:08
1696,1696,medium,0.1469,0.010144,0.015258,0.0015,2025-03-21 02:07:30
1697,1697,medium,0.163,0.011011,0.025855,0.0015,2025-09-07 11:15:46
1698,1698,low,0.1208,0.007466,0.022819,0.0,2025-06-02 09:54:59
1699,1699,medium,0.2028,0.014141,0.041344,0.0015,2022-11-30 11:16:04
1700,1700,medium,0.1964,0.008595,0.020234,0.0015,2022-10-18 05:13:25
1701,1701,medium,0.1844,0.011693,0.036064,0.0015,2023-04-14 17:32:17
1702,1702,low,0.0533,0.002482,0.011041,0.0,2023-10-05 16:30:09
1703,1703,medium,0.1528,0.011088,0.01809,0.0015,2025-04-18 20:01:06
1704,1704,low,0.0767,0.004415,0.008148,0.0,2024-09-30 10:06:16
1705,1705,medium,0.1666,0.01149,0.020744,0.0015,2024-05-31 14:04:48
1706,1706,medium,0.2322,0.009793,0.029813,0.0015,2025-04-16 14:30:13
1707,1707,medium,0.1712,0.008171,0.021031,0.0015,2024-06-02 13:46:28
1708,1708,medium,0.2318,0.015188,0.039612,0.0015,2023-06-03 13:03:29
1709,1709,low,0.1055,0.005207,0.013755,0.0,2023-07-19 23:38:42
1710,1710,low,0.0442,0.001707,0.008251,0.0,2023-12-09 06:47:01
1711,1711,medium,0.1566,0.0096,0.025346,0.0015,2022-05-02 10:34:07
1712,1712,medium,0.1984,0.007817,0.030705,0.0015,2024-10-11 16:01:59
1713,1713,low,0.0647,0.003705,0.013219,0.0,2024-06-11 23:56:15
1714,1714,medium,0.1574,0.010778,0.026996,0.0015,2024-09-27 04:39:22
1715,1715,medium,0.1636,0.009544,0.021548,0.0015,2024-01-01 10:23:59
1716,1716,low,0.0449,0.002473,0.004976,0.0,2024-12-07 02:08:49
1717,1717,medium,0.2245,0.009909,0.036966,0.0015,2025-07-23 06:13:24
1718,1718,high,0.3316,0.013765,0.062891,0.004,2024-02-19 16:04:01
1719,1719,medium,0.219,0.007829,0.039621,0.0015,2023-08-31 22:00:34
1720,1720,medium,0.1487,0.009965,0.029224,0.0015,2022-05-24 02:43:22
1721,1721,high,0.2776,0.010053,0.053693,0.004,2024-12-01 05:32:01
1722,1722,medium,0.1929,0.013376,0.031313,0.0015,2025-05-21 15:15:03
1723,1723,high,0.291,0.014804,0.038345,0.004,2024-08-14 21:39:36
1724,1724,low,0.0691,0.004935,0.01375,0.0,2025-03-30 02:28:39
1725,1725,medium,0.1955,0.008062,0.029861,0.0015,2025-03-24 02:54:05
1726,1726,medium,0.2133,0.014378,0.024892,0.0015,2024-12-27 19:08:06
1727,1727,medium,0.2173,0.015127,0.045009,0.0015,2023-11-19 22:34:23
1728,1728,low,0.01,0.000517,0.001247,0.0,2022-05-17 14:41:05
1729,1729,medium,0.2063,0.015329,0.024755,0.0015,2022-01-05 10:33:53
1730,1730,low,0.0515,0.002236,0.006325,0.0,2022-10-07 14:46:27
1731,1731,medium,0.181,0.007144,0.022619,0.0015,2023-08-13 15:23:58
1732,1732,low,0.1033,0.007626,0.013757,0.0,2024-10-14 05:53:13
1733,1733,low,0.0492,0.002228,0.008267,0.0,2023-09-16 13:03:27
1734,1734,low,0.1277,0.004616,0.016038,0.0,2022-02-01 15:44:08
1735,1735,medium,0.1319,0.006692,0.026882,0.0015,2022-10-15 18:03:55
1736,1736,medium,0.1942,0.014494,0.029429,0.0015,2025-09-01 13:54:11
1737,1737,medium,0.1924,0.013206,0.030161,0.0015,2025-09-13 14:45:02
1738,1738,medium,0.2156,0.008379,0.039423,0.0015,2023-05-31 22:24:50
1739,1739,low,0.0575,0.002841,0.006141,0.0,2025-01-06 05:17:10
1740,1740,medium,0.1738,0.009813,0.023962,0.0015,2024-09-11 00:28:08
1741,1741,low,0.0746,0.004989,0.013607,0.0,2025-06-27 23:24:29
1742,1742,low,0.01,0.000427,0.00146,0.0,2025-04-29 04:44:02
1743,1743,high,0.264,0.0102,0.029338,0.004,2024-05-10 02:50:42
1744,1744,medium,0.1466,0.009436,0.0233,0.0015,2023-06-24 20:29:18
1745,1745,medium,0.2404,0.008621,0.030316,0.0015,2024-05-07 06:27:42
1746,1746,medium,0.2019,0.011229,0.041549,0.0015,2023-03-13 13:45:28
1747,1747,medium,0.1918,0.012129,0.021916,0.0015,2023-04-22 04:30:36
1748,1748,medium,0.1352,0.008338,0.014751,0.0015,2024-04-12 18:11:19
1749,1749,medium,0.2076,0.011503,0.034715,0.0015,2024-02-21 16:09:50
1750,1750,medium,0.1311,0.008683,0.016261,0.0015,2024-03-05 19:02:35
1751,1751,low,0.0706,0.004136,0.014338,0.0,2023-06-11 05:40:25
1752,1752,low,0.0599,0.004072,0.007274,0.0,2023-07-14 16:53:01
1753,1753,low,0.0126,0.000735,0.00198,0.0,2022-01-14 22:37:31
1754,1754,medium,0.1319,0.006899,0.02509,0.0015,2024-04-03 05:28:07
1755,1755,low,0.0821,0.004838,0.008714,0.0,2024-02-27 16:10:35
1756,1756,low,0.0631,0.00328,0.013875,0.0,2025-07-03 14:26:28
1757,1757,medium,0.1485,0.006441,0.028515,0.0015,2023-11-21 20:30:23
1758,1758,low,0.075,0.004038,0.010521,0.0,2023-10-02 17:33:53
1759,1759,medium,0.1816,0.013246,0.028435,0.0015,2022-04-03 14:08:56
1760,1760,medium,0.187,0.010944,0.022197,0.0015,2022-09-27 03:26:21
1761,1761,low,0.0701,0.004498,0.010326,0.0,2023-04-08 10:26:53
1762,1762,medium,0.1626,0.009966,0.022397,0.0015,2023-06-01 00:25:36
1763,1763,high,0.3107,0.016611,0.042539,0.004,2023-05-12 03:42:05
1764,1764,medium,0.1941,0.009954,0.037358,0.0015,2023-06-24 03:19:13
1765,1765,medium,0.2036,0.008742,0.039944,0.0015,2024-11-17 21:06:33
1766,1766,medium,0.1311,0.004671,0.018873,0.0015,2022-06-29 08:33:38
1767,1767,medium,0.2319,0.016121,0.026416,0.0015,2023-03-31 12:44:44
1768,1768,medium,0.2144,0.009886,0.022558,0.0015,2022-08-11 19:23:49
1769,1769,low,0.1092,0.006408,0.023394,0.0,2023-02-26 01:32:34
1770,1770,low,0.1176,0.006288,0.013211,0.0,2024-07-25 11:32:31
1771,1771,low,0.1068,0.004206,0.019062,0.0,2022-03-05 23:20:53
1772,1772,low,0.1114,0.004057,0.01235,0.0,2023-04-10 09:44:01
1773,1773,low,0.0828,0.006014,0.016161,0.0,2022-02-02 09:40:21
1774,1774,medium,0.2213,0.01095,0.031709,0.0015,2025-07-30 07:13:26
1775,1775,medium,0.1981,0.009424,0.027644,0.0015,2024-09-21 21:22:02
1776,1776,low,0.1261,0.004843,0.012985,0.0,2022-11-30 05:46:06
1777,1777,high,0.2922,0.010261,0.063043,0.004,2022-09-29 03:12:40
1778,1778,low,0.0565,0.003616,0.008938,0.0,2022-05-16 07:53:21
1779,1779,high,0.3521,0.024808,0.041526,0.004,2023-10-09 21:35:31
1780,1780,medium,0.1526,0.006895,0.017589,0.0015,2024-10-27 19:03:42
1781,1781,medium,0.212,0.011214,0.038536,0.0015,2024-03-10 04:47:20
1782,1782,low,0.0911,0.005453,0.011386,0.0,2025-04-20 06:10:32
1783,1783,medium,0.2193,0.009142,0.03498,0.0015,2023-04-16 08:13:22
1784,1784,medium,0.1643,0.008186,0.020253,0.0015,2023-01-16 11:01:03
1785,1785,medium,0.225,0.012279,0.03285,0.0015,2023-10-16 23:23:34
1786,1786,low,0.0114,0.000693,0.002188,0.0,2022-10-04 10:57:23
1787,1787,medium,0.2085,0.015484,0.02154,0.0015,2025-08-27 16:22:15
1788,1788,medium,0.2067,0.011342,0.026336,0.0015,2022-09-12 03:04:25
1789,1789,medium,0.1601,0.007249,0.033705,0.0015,2023-10-18 02:09:03
1790,1790,medium,0.1456,0.0089,0.026069,0.0015,2023-12-16 02:42:28
1791,1791,low,0.0732,0.002897,0.015075,0.0,2022-03-20 00:56:45
1792,1792,low,0.0664,0.002341,0.006838,0.0,2023-10-03 19:03:18
1793,1793,medium,0.1531,0.007662,0.03144,0.0015,2023-09-15 00:47:11
1794,1794,medium,0.1512,0.005713,0.029298,0.0015,2022-12-21 21:55:43
1795,1795,medium,0.179,0.009683,0.020605,0.0015,2022-06-25 01:27:20
1796,1796,medium,0.1998,0.009605,0.030592,0.0015,2022-03-03 19:07:25
1797,1797,low,0.0604,0.004272,0.008845,0.0,2022-01-12 17:45:17
1798,1798,medium,0.188,0.007921,0.038294,0.0015,2023-10-21 16:19:25
1799,1799,medium,0.1928,0.012101,0.03462,0.0015,2022-05-03 21:39:51
1800,1800,medium,0.1606,0.00968,0.030296,0.0015,2025-08-05 08:47:58
1801,1801,medium,0.2168,0.016215,0.045449,0.0015,2022-12-01 19:32:19
1802,1802,low,0.08,0.004623,0.011012,0.0,2024-06-11 15:30:37
1803,1803,medium,0.1615,0.010867,0.017472,0.0015,2024-07-10 07:57:57
1804,1804,low,0.0843,0.004135,0.012835,0.0,2023-11-09 20:28:16
1805,1805,medium,0.1937,0.007338,0.041201,0.0015,2025-04-23 18:46:10
1806,1806,medium,0.1722,0.008811,0.031171,0.0015,2022-06-01 10:14:31
1807,1807,medium,0.1827,0.011309,0.019068,0.0015,2022-11-17 03:43:34
1808,1808,medium,0.1808,0.008167,0.039427,0.0015,2022-12-12 07:59:17
1809,1809,low,0.1133,0.004596,0.018678,0.0,2022-07-05 05:55:35
1810,1810,medium,0.1802,0.007061,0.02658,0.0015,2023-02-08 06:01:05
1811,1811,low,0.0801,0.0045,0.012769,0.0,2023-03-04 18:08:49
1812,1812,low,0.1019,0.004932,0.016759,0.0,2024-11-12 06:01:48
1813,1813,low,0.0824,0.005399,0.017331,0.0,2023-02-17 15:00:10
1814,1814,medium,0.1417,0.008582,0.020356,0.0015,2025-04-14 08:10:08
1815,1815,medium,0.1637,0.011868,0.029364,0.0015,2024-11-23 00:26:09
1816,1816,medium,0.1961,0.014549,0.022301,0.0015,2025-05-18 10:42:19
1817,1817,medium,0.1384,0.004846,0.020879,0.0015,2022-05-24 22:44:05
1818,1818,low,0.1259,0.005592,0.026629,0.0,2025-09-08 21:21:23
1819,1819,medium,0.2151,0.009608,0.041209,0.0015,2024-04-19 21:37:41
1820,1820,low,0.0719,0.005047,0.015214,0.0,2025-09-05 21:03:46
1821,1821,high,0.2719,0.010957,0.031387,0.004,2025-07-27 16:52:03
1822,1822,medium,0.2044,0.010567,0.03188,0.0015,2024-03-16 05:05:59
1823,1823,low,0.1012,0.003759,0.016496,0.0,2022-04-09 06:03:52
1824,1824,medium,0.176,0.009525,0.019588,0.0015,2023-07-16 01:12:24
1825,1825,high,0.3809,0.013917,0.061899,0.004,2022-07-08 12:02:14
1826,1826,medium,0.1799,0.011511,0.026186,0.0015,2025-07-11 16:05:43
1827,1827,medium,0.1675,0.009334,0.01693,0.0015,2023-02-21 12:14:41
1828,1828,medium,0.1796,0.013457,0.020313,0.0015,2022-11-01 04:33:41
1829,1829,low,0.1268,0.009443,0.020117,0.0,2024-01-27 08:45:19
1830,1830,low,0.0521,0.003457,0.005886,0.0,2023-08-05 14:54:06
1831,1831,low,0.1146,0.005352,0.01695,0.0,2022-05-13 15:58:40
1832,1832,high,0.2549,0.010065,0.055692,0.004,2025-01-21 23:08:03
1833,1833,medium,0.1495,0.006171,0.022843,0.0015,2025-03-03 01:12:20
1834,1834,medium,0.1828,0.011442,0.030674,0.0015,2024-10-13 08:56:04
1835,1835,high,0.2908,0.011743,0.043652,0.004,2024-04-23 17:20:19
1836,1836,high,0.3645,0.016896,0.041137,0.004,2023-07-05 16:46:28
1837,1837,low,0.0865,0.003347,0.017047,0.0,2024-01-12 22:54:28
1838,1838,medium,0.2266,0.0084,0.042626,0.0015,2023-12-14 17:21:15
1839,1839,low,0.1274,0.00644,0.019527,0.0,2022-08-15 03:30:04
1840,1840,low,0.0908,0.004684,0.011156,0.0,2022-04-22 22:05:32
1841,1841,low,0.1014,0.004326,0.019026,0.0,2022-12-13 10:53:01
1842,1842,medium,0.1796,0.012895,0.025053,0.0015,2023-09-14 12:40:38
1843,1843,medium,0.1644,0.009748,0.026054,0.0015,2022-08-08 07:21:51
1844,1844,low,0.1105,0.005157,0.014435,0.0,2022-05-26 22:06:31
1845,1845,medium,0.229,0.015659,0.034485,0.0015,2025-03-11 10:40:09
1846,1846,medium,0.2341,0.013369,0.049013,0.0015,2023-05-28 23:53:33
1847,1847,low,0.0864,0.00456,0.01173,0.0,2024-03-10 05:22:08
1848,1848,low,0.0704,0.004582,0.010319,0.0,2023-12-18 20:53:44
1849,1849,medium,0.1405,0.006979,0.022607,0.0015,2024-10-02 15:46:09
1850,1850,low,0.099,0.006646,0.013279,0.0,2024-10-09 01:30:45
1851,1851,low,0.0431,0.001515,0.009315,0.0,2023-02-09 23:21:03
1852,1852,low,0.1253,0.00562,0.014107,0.0,2025-03-05 22:29:44
1853,1853,medium,0.2231,0.012541,0.025596,0.0015,2023-05-23 20:57:59
1854,1854,medium,0.2063,0.014121,0.036188,0.0015,2025-02-16 13:29:36
1855,1855,medium,0.2277,0.014745,0.039414,0.0015,2023-07-08 20:11:53
1856,1856,medium,0.202,0.014614,0.027092,0.0015,2022-06-01 20:09:32
1857,1857,medium,0.1975,0.008973,0.021553,0.0015,2024-11-05 16:48:41
1858,1858,low,0.104,0.007481,0.012046,0.0,2022-02-11 06:15:24
1859,1859,medium,0.2341,0.009268,0.029653,0.0015,2024-11-22 13:53:35
1860,1860,low,0.1289,0.005538,0.019077,0.0,2022-03-01 01:06:56
1861,1861,medium,0.2108,0.011315,0.035247,0.0015,2022-10-10 22:06:06
1862,1862,medium,0.1332,0.005786,0.023228,0.0015,2024-04-05 09:40:07
1863,1863,low,0.082,0.002974,0.015047,0.0,2025-07-12 00:36:13
1864,1864,medium,0.2047,0.012403,0.02167,0.0015,2023-07-13 19:08:24
1865,1865,low,0.0504,0.002586,0.008346,0.0,2022-06-15 01:21:21
1866,1866,medium,0.2227,0.016015,0.023451,0.0015,2022-11-15 14:52:11
1867,1867,low,0.1262,0.009386,0.022493,0.0,2025-05-10 21:28:48
1868,1868,low,0.1012,0.007288,0.01399,0.0,2024-09-21 04:11:23
1869,1869,high,0.297,0.016526,0.051355,0.004,2022-05-18 08:11:23
1870,1870,medium,0.2091,0.009897,0.032884,0.0015,2023-06-11 12:56:45
1871,1871,medium,0.1875,0.013723,0.037088,0.0015,2022-12-28 21:22:15
1872,1872,low,0.0199,0.000994,0.002223,0.0,2022-09-01 06:34:45
1873,1873,medium,0.1422,0.007131,0.023333,0.0015,2025-03-03 23:34:59
1874,1874,medium,0.1759,0.010626,0.024174,0.0015,2024-04-25 00:42:30
1875,1875,low,0.0565,0.003413,0.00574,0.0,2022-09-03 13:05:01
1876,1876,medium,0.1466,0.005744,0.024127,0.0015,2024-06-09 03:37:18
1877,1877,low,0.0657,0.002802,0.012734,0.0,2023-07-20 18:15:44
1878,1878,low,0.1118,0.003914,0.019419,0.0,2022-03-26 02:24:12
1879,1879,high,0.256,0.009973,0.027041,0.004,2023-09-08 09:46:49
1880,1880,medium,0.1384,0.00674,0.02459,0.0015,2022-09-11 09:31:57
1881,1881,medium,0.1575,0.011486,0.029292,0.0015,2022-12-02 12:20:33
1882,1882,medium,0.177,0.011853,0.019228,0.0015,2025-04-17 11:15:38
1883,1883,low,0.1012,0.004462,0.014798,0.0,2024-08-29 14:46:13
1884,1884,low,0.0765,0.003034,0.010393,0.0,2022-07-03 10:29:20
1885,1885,low,0.1109,0.008308,0.021056,0.0,2025-03-10 15:01:09
1886,1886,medium,0.2391,0.015258,0.03448,0.0015,2024-02-25 15:39:31
1887,1887,low,0.0837,0.004682,0.010459,0.0,2025-04-11 10:03:03
1888,1888,low,0.1294,0.009591,0.021181,0.0,2024-10-18 23:58:46
1889,1889,medium,0.2277,0.016657,0.043515,0.0015,2023-04-10 04:37:28
1890,1890,high,0.2611,0.010349,0.038406,0.004,2024-01-02 16:47:58
1891,1891,low,0.1136,0.006868,0.02359,0.0,2023-12-28 04:52:48
1892,1892,low,0.0818,0.005119,0.014564,0.0,2024-09-11 21:07:12
1893,1893,medium,0.2302,0.016008,0.026228,0.0015,2022-12-06 19:40:44
1894,1894,medium,0.177,0.009725,0.038436,0.0015,2023-04-01 15:57:27
1895,1895,medium,0.1574,0.009792,0.029414,0.0015,2022-12-01 21:09:31
1896,1896,medium,0.1982,0.00975,0.025439,0.0015,2023-02-10 02:57:48
1897,1897,low,0.0971,0.004956,0.013315,0.0,2022-08-09 14:17:36
1898,1898,medium,0.1586,0.009127,0.024849,0.0015,2022-02-19 23:53:34
1899,1899,high,0.2914,0.012693,0.029895,0.004,2025-07-09 22:42:14
1900,1900,low,0.1119,0.00746,0.023198,0.0,2022-04-12 15:55:28
1901,1901,medium,0.1785,0.009798,0.019569,0.0015,2025-04-29 18:26:57
1902,1902,high,0.3047,0.021037,0.036725,0.004,2022-01-05 05:03:08
1903,1903,low,0.1259,0.008367,0.020682,0.0,2024-11-29 10:14:28
1904,1904,medium,0.1424,0.008188,0.027867,0.0015,2023-03-26 06:09:53
1905,1905,medium,0.1365,0.008532,0.029021,0.0015,2023-12-10 03:51:47
1906,1906,high,0.2893,0.01994,0.032936,0.004,2023-01-22 01:52:33
1907,1907,medium,0.1897,0.009211,0.019325,0.0015,2023-11-03 03:38:20
1908,1908,high,0.3377,0.021669,0.062108,0.004,2023-09-10 17:41:00
1909,1909,low,0.0704,0.005069,0.00933,0.0,2023-12-26 16:36:34
1910,1910,high,0.3499,0.012685,0.040547,0.004,2023-06-23 00:15:38
1911,1911,medium,0.2001,0.010999,0.020111,0.0015,2024-01-05 00:36:03
1912,1912,medium,0.1846,0.007531,0.039818,0.0015,2025-02-03 05:26:54
1913,1913,low,0.1205,0.006075,0.022658,0.0,2023-08-18 11:34:30
1914,1914,low,0.1141,0.007779,0.016117,0.0,2023-05-10 08:40:18
1915,1915,low,0.1004,0.004315,0.017251,0.0,2022-06-30 05:46:28
1916,1916,medium,0.1325,0.004827,0.027403,0.0015,2023-05-08 02:15:24
1917,1917,low,0.0909,0.004216,0.019034,0.0,2022-06-21 21:47:44
1918,1918,medium,0.1932,0.012784,0.031712,0.0015,2022-09-07 15:55:49
1919,1919,medium,0.2458,0.00966,0.052263,0.0015,2025-07-26 16:15:45
1920,1920,low,0.1259,0.00736,0.024042,0.0,2022-05-03 07:39:24
1921,1921,medium,0.1449,0.009376,0.024002,0.0015,2023-10-22 10:02:02
1922,1922,medium,0.1746,0.010096,0.025451,0.0015,2025-02-15 07:44:54
1923,1923,medium,0.135,0.009775,0.028678,0.0015,2025-07-27 23:38:37
1924,1924,high,0.3398,0.022185,0.041917,0.004,2022-07-20 16:54:34
1925,1925,medium,0.2277,0.00877,0.037635,0.0015,2022-08-12 18:33:21
1926,1926,high,0.2996,0.020742,0.034738,0.004,2023-05-25 17:06:03
1927,1927,high,0.2725,0.015508,0.031613,0.004,2024-01-29 10:36:15
1928,1928,medium,0.1595,0.011753,0.017092,0.0015,2025-08-06 00:24:12
1929,1929,medium,0.2186,0.016265,0.029993,0.0015,2022-10-12 03:46:22
1930,1930,low,0.0775,0.003218,0.015173,0.0,2022-08-13 21:25:10
1931,1931,medium,0.2082,0.009356,0.025422,0.0015,2022-12-13 08:33:25
1932,1932,medium,0.132,0.008072,0.026391,0.0015,2025-04-11 01:39:20
1933,1933,medium,0.1368,0.005092,0.029984,0.0015,2022-02-11 02:45:06
1934,1934,low,0.0311,0.001586,0.005066,0.0,2023-06-05 00:32:37
1935,1935,low,0.0441,0.00329,0.008585,0.0,2022-06-12 17:28:30
1936,1936,medium,0.2457,0.013766,0.044257,0.0015,2022-08-03 21:01:03
1937,1937,low,0.0878,0.004238,0.013627,0.0,2025-06-08 05:58:00
1938,1938,medium,0.2052,0.008706,0.027534,0.0015,2022-01-03 06:33:09
1939,1939,low,0.0834,0.005423,0.015064,0.0,2023-03-16 20:34:16
1940,1940,high,0.3243,0.023418,0.041404,0.004,2025-06-06 07:12:58
1941,1941,high,0.2586,0.018611,0.037293,0.004,2024-04-11 22:05:53
1942,1942,medium,0.2458,0.009242,0.029137,0.0015,2022-04-09 03:52:00
1943,1943,low,0.0353,0.001342,0.005975,0.0,2023-09-29 03:20:38
1944,1944,high,0.3048,0.022748,0.036507,0.004,2025-08-21 06:05:54
1945,1945,medium,0.1688,0.012347,0.033134,0.0015,2023-07-02 19:36:54
1946,1946,high,0.2564,0.011224,0.040271,0.004,2023-12-25 04:01:21
1947,1947,medium,0.1621,0.006956,0.030096,0.0015,2023-12-29 14:53:02
1948,1948,low,0.0929,0.00544,0.014346,0.0,2024-06-22 11:48:00
1949,1949,medium,0.2274,0.010844,0.043873,0.0015,2022-09-14 03:25:44
1950,1950,medium,0.1711,0.010905,0.035286,0.0015,2025-02-22 16:31:15
1951,1951,medium,0.2214,0.009573,0.034588,0.0015,2025-09-14 09:50:35
1952,1952,low,0.0418,0.002813,0.006036,0.0,2022-07-15 00:18:53
1953,1953,low,0.0507,0.002347,0.009445,0.0,2025-01-24 10:41:02
1954,1954,low,0.0424,0.001722,0.009162,0.0,2025-01-22 12:46:34
1955,1955,medium,0.1705,0.008303,0.020657,0.0015,2024-10-11 12:41:29
1956,1956,medium,0.1472,0.00527,0.027914,0.0015,2023-05-23 08:37:21
1957,1957,high,0.2522,0.015333,0.025327,0.004,2023-10-04 06:18:18
1958,1958,high,0.3289,0.012404,0.071619,0.004,2025-02-22 00:59:18
1959,1959,high,0.3773,0.015433,0.073812,0.004,2025-02-07 17:21:24
1960,1960,medium,0.1381,0.009214,0.029481,0.0015,2025-06-13 11:18:05
1961,1961,medium,0.2014,0.011124,0.02273,0.0015,2024-07-21 19:06:54
1962,1962,high,0.2881,0.016917,0.030578,0.004,2023-04-13 00:25:12
1963,1963,low,0.01,0.000463,0.001524,0.0,2022-03-10 13:06:10
1964,1964,medium,0.1507,0.011134,0.016142,0.0015,2025-06-28 16:58:49
1965,1965,medium,0.1906,0.014197,0.020304,0.0015,2023-04-14 09:47:51
1966,1966,medium,0.1458,0.007238,0.01619,0.0015,2022-03-20 02:39:11
1967,1967,medium,0.1874,0.012465,0.020122,0.0015,2024-12-22 19:36:47
1968,1968,low,0.01,0.000671,0.001117,0.0,2024-06-18 12:57:09
1969,1969,medium,0.2209,0.015804,0.031805,0.0015,2024-05-01 20:46:24
1970,1970,low,0.0702,0.004876,0.011244,0.0,2022-03-16 00:06:17
1971,1971,low,0.0887,0.004664,0.009974,0.0,2024-10-24 03:31:56
1972,1972,low,0.084,0.004152,0.014853,0.0,2024-05-21 20:24:21
1973,1973,medium,0.2029,0.014693,0.035102,0.0015,2024-12-21 16:38:12
1974,1974,medium,0.2331,0.011961,0.031569,0.0015,2025-02-05 18:54:00
1975,1975,medium,0.2147,0.011983,0.029294,0.0015,2022-10-17 22:53:37
1976,1976,low,0.01,0.000388,0.002182,0.0,2022-10-16 03:43:23
1977,1977,medium,0.1426,0.006667,0.019394,0.0015,2025-06-17 17:39:13
1978,1978,medium,0.1361,0.00565,0.028401,0.0015,2023-12-28 10:40:07
1979,1979,medium,0.2175,0.00833,0.027082,0.0015,2023-08-23 04:04:28
1980,1980,medium,0.1325,0.006603,0.016105,0.0015,2023-01-28 21:24:24
1981,1981,low,0.0434,0.002416,0.008829,0.0,2024-05-24 04:05:46
1982,1982,medium,0.1617,0.010701,0.027951,0.0015,2024-10-28 09:58:03
1983,1983,low,0.0738,0.004378,0.014164,0.0,2022-01-04 03:48:05
1984,1984,low,0.1118,0.007597,0.018895,0.0,2024-01-27 00:12:41
1985,1985,medium,0.1834,0.008126,0.039751,0.0015,2025-09-20 22:16:28
1986,1986,medium,0.1856,0.012399,0.019206,0.0015,2023-01-19 21:58:30
1987,1987,high,0.2738,0.010148,0.032314,0.004,2023-01-20 06:23:24
1988,1988,low,0.0897,0.004136,0.01017,0.0,2025-04-16 06:46:52
1989,1989,high,0.3324,0.017536,0.060024,0.004,2022-03-26 21:39:21
1990,1990,medium,0.1736,0.012723,0.023901,0.0015,2023-06-28 19:24:53
1991,1991,medium,0.2067,0.007985,0.040184,0.0015,2023-09-19 21:39:33
1992,1992,medium,0.1343,0.00611,0.015426,0.0015,2024-12-27 11:58:29
1993,1993,medium,0.1844,0.007577,0.023527,0.0015,2022-06-26 12:18:53
1994,1994,low,0.0986,0.005128,0.010638,0.0,2023-08-17 19:01:14
1995,1995,low,0.12,0.005778,0.026299,0.0,2022-07-28 09:11:25
1996,1996,high,0.3592,0.013895,0.066844,0.004,2024-12-13 11:38:46
1997,1997,medium,0.1791,0.009716,0.020252,0.0015,2024-05-14 23:06:33
1998,1998,medium,0.2164,0.011779,0.038447,0.0015,2023-11-11 12:54:19
1999,1999,medium,0.2296,0.013822,0.035068,0.0015,2023-06-22 12:35:31
2000,2000,medium,0.1328,0.009114,0.027876,0.0015,2022-07-29 13:01:08
2001,2001,high,0.3614,0.026723,0.04196,0.004,2025-06-15 02:15:34
2002,2002,low,0.112,0.004386,0.011576,0.0,2024-06-05 00:01:11
2003,2003,low,0.1297,0.006296,0.01537,0.0,2023-03-13 14:32:45
2004,2004,high,0.2982,0.022035,0.063368,0.004,2023-07-21 06:22:52
2005,2005,low,0.1001,0.005778,0.021178,0.0,2024-09-20 09:56:45
2006,2006,low,0.1097,0.005583,0.011878,0.0,2024-09-11 08:44:54
2007,2007,medium,0.1341,0.007027,0.021832,0.0015,2023-09-23 18:48:59
2008,2008,low,0.01,0.000687,0.001821,0.0,2023-02-19 08:49:33
2009,2009,low,0.0775,0.005392,0.007793,0.0,2024-06-21 19:31:16
2010,2010,low,0.1277,0.005979,0.013025,0.0,2024-06-19 11:06:09
2011,2011,medium,0.1498,0.007092,0.016169,0.0015,2024-03-31 09:11:52
2012,2012,low,0.0291,0.001836,0.005378,0.0,2022-04-10 15:52:52
2013,2013,medium,0.1749,0.006593,0.037217,0.0015,2023-10-09 18:26:36
2014,2014,low,0.0735,0.00506,0.007953,0.0,2024-04-19 20:11:36
2015,2015,high,0.3039,0.010721,0.03564,0.004,2025-07-23 16:24:21
2016,2016,high,0.3491,0.018659,0.054493,0.004,2023-12-20 23:17:16
2017,2017,medium,0.2164,0.014432,0.033128,0.0015,2023-04-14 19:58:27
2018,2018,medium,0.2085,0.014925,0.026165,0.0015,2024-01-31 07:47:50
2019,2019,low,0.0179,0.001074,0.002217,0.0,2022-08-31 10:59:45
2020,2020,medium,0.2087,0.011737,0.024369,0.0015,2024-07-16 15:11:03
2021,2021,low,0.071,0.004468,0.00924,0.0,2025-09-11 02:22:39
2022,2022,medium,0.1327,0.009114,0.026668,0.0015,2025-03-03 08:07:12
2023,2023,medium,0.2495,0.008862,0.038647,0.0015,2024-03-09 10:47:07
2024,2024,low,0.0401,0.002376,0.008428,0.0,2022-02-25 01:36:38
2025,2025,medium,0.2142,0.01407,0.043062,0.0015,2025-09-13 13:03:56
2026,2026,low,0.0481,0.003462,0.007859,0.0,2023-09-08 02:20:25
2027,2027,low,0.1071,0.00546,0.021302,0.0,2023-02-01 06:13:25
2028,2028,high,0.2649,0.018826,0.031713,0.004,2025-05-05 22:09:20
2029,2029,low,0.123,0.007404,0.021754,0.0,2024-10-18 01:53:46
2030,2030,low,0.066,0.003192,0.014056,0.0,2024-10-22 11:28:42
2031,2031,low,0.0669,0.004975,0.011668,0.0,2023-01-15 23:11:25
2032,2032,low,0.0579,0.002163,0.009202,0.0,2025-09-18 19:01:51
2033,2033,low,0.0928,0.006478,0.016585,0.0,2023-09-12 12:32:54
2034,2034,medium,0.1384,0.00777,0.016112,0.0015,2023-12-28 23:22:41
2035,2035,low,0.01,0.000584,0.001353,0.0,2024-10-24 07:26:07
2036,2036,medium,0.1481,0.010117,0.019298,0.0015,2024-06-21 20:58:45
2037,2037,low,0.0907,0.00654,0.010361,0.0,2022-08-24 16:31:40
2038,2038,high,0.2876,0.020368,0.053197,0.004,2023-02-18 19:01:57
2039,2039,medium,0.1364,0.007317,0.024013,0.0015,2023-05-10 02:26:44
2040,2040,medium,0.135,0.008573,0.027645,0.0015,2025-07-20 05:29:19
2041,2041,low,0.1159,0.007545,0.0213,0.0,2024-09-04 10:39:34
2042,2042,medium,0.227,0.011089,0.044813,0.0015,2023-05-17 03:31:36
2043,2043,medium,0.1805,0.008507,0.021061,0.0015,2024-10-02 02:24:21
2044,2044,medium,0.1561,0.010594,0.016839,0.0015,2024-10-07 06:47:01
2045,2045,medium,0.2152,0.012147,0.031095,0.0015,2023-06-24 07:05:01
2046,2046,high,0.3447,0.015142,0.039893,0.004,2023-07-06 11:53:57
2047,2047,low,0.01,0.000702,0.001921,0.0,2025-05-08 09:26:59
2048,2048,medium,0.2098,0.011496,0.031895,0.0015,2024-02-08 13:38:20
2049,2049,high,0.3089,0.021585,0.065672,0.004,2022-07-24 12:53:51
2050,2050,low,0.0769,0.003199,0.008505,0.0,2024-09-11 15:54:00
2051,2051,high,0.3657,0.025834,0.078094,0.004,2024-03-17 12:41:54
2052,2052,low,0.1037,0.005307,0.019418,0.0,2023-11-28 05:19:33
2053,2053,medium,0.2359,0.011018,0.046345,0.0015,2024-09-18 22:37:17
2054,2054,medium,0.2023,0.010066,0.032186,0.0015,2025-05-25 21:27:29
2055,2055,medium,0.1563,0.00924,0.022461,0.0015,2023-03-29 00:52:48
2056,2056,low,0.1244,0.005847,0.023249,0.0,2023-07-28 14:29:24
2057,2057,medium,0.1401,0.008512,0.030476,0.0015,2022-09-17 05:30:16
2058,2058,low,0.0694,0.00383,0.007161,0.0,2024-06-04 04:39:40
2059,2059,medium,0.2028,0.012413,0.034805,0.0015,2023-07-05 21:54:03
2060,2060,low,0.127,0.006161,0.016477,0.0,2023-04-14 08:26:36
2061,2061,medium,0.229,0.010391,0.033896,0.0015,2024-08-10 20:15:08
2062,2062,medium,0.1467,0.009091,0.024788,0.0015,2023-07-13 08:35:59
2063,2063,medium,0.2013,0.011307,0.025368,0.0015,2023-09-28 06:07:35
2064,2064,medium,0.186,0.00757,0.018835,0.0015,2023-08-25 23:43:30
2065,2065,low,0.1278,0.007809,0.013834,0.0,2022-12-20 16:19:39
2066,2066,low,0.0691,0.003184,0.007124,0.0,2022-06-22 02:29:45
2067,2067,low,0.0218,0.001081,0.002299,0.0,2025-02-05 15:44:23
2068,2068,low,0.1048,0.007256,0.012563,0.0,2022-05-06 11:28:18
2069,2069,medium,0.1627,0.007013,0.024946,0.0015,2023-03-21 10:25:21
2070,2070,medium,0.1995,0.010419,0.030777,0.0015,2024-07-02 03:01:44
2071,2071,medium,0.1685,0.006474,0.017088,0.0015,2022-06-29 14:40:31
2072,2072,high,0.2772,0.014694,0.028602,0.004,2024-06-15 17:57:30
2073,2073,medium,0.1498,0.010758,0.019522,0.0015,2024-09-29 20:01:24
2074,2074,low,0.0773,0.004434,0.008193,0.0,2024-06-25 20:39:06
2075,2075,medium,0.2208,0.015396,0.027518,0.0015,2023-02-22 06:49:56
2076,2076,medium,0.1765,0.010002,0.018389,0.0015,2022-01-28 00:58:18
2077,2077,medium,0.212,0.007918,0.023405,0.0015,2025-04-28 21:32:52
2078,2078,medium,0.1759,0.009706,0.031535,0.0015,2023-03-23 17:11:09
2079,2079,medium,0.1843,0.008166,0.02141,0.0015,2025-01-06 05:57:48
2080,2080,low,0.0708,0.003705,0.010876,0.0,2022-09-28 14:29:34
2081,2081,low,0.1026,0.004562,0.020194,0.0,2022-08-11 04:15:40
2082,2082,medium,0.2014,0.00796,0.021543,0.0015,2024-11-30 12:16:03
2083,2083,low,0.12,0.005216,0.015892,0.0,2025-07-09 13:16:44
2084,2084,medium,0.1321,0.006742,0.02312,0.0015,2025-03-23 08:13:02
2085,2085,low,0.1298,0.008814,0.015679,0.0,2024-10-24 16:54:51
2086,2086,low,0.01,0.000658,0.001624,0.0,2022-12-04 11:00:36
2087,2087,medium,0.2097,0.007646,0.038401,0.0015,2025-06-03 06:31:38
2088,2088,medium,0.154,0.010173,0.032929,0.0015,2024-07-02 14:49:24
2089,2089,medium,0.1551,0.005619,0.03364,0.0015,2022-08-24 12:30:13
2090,2090,medium,0.1646,0.006259,0.019677,0.0015,2022-06-26 23:14:22
2091,2091,low,0.1033,0.006766,0.0212,0.0,2025-04-06 17:59:01
2092,2092,medium,0.1534,0.007782,0.016304,0.0015,2023-01-12 09:48:27
2093,2093,medium,0.1402,0.006708,0.021588,0.0015,2024-11-13 17:46:43
2094,2094,medium,0.2127,0.010639,0.033262,0.0015,2022-07-09 16:18:15
2095,2095,low,0.1151,0.006444,0.012679,0.0,2023-01-19 18:39:19
2096,2096,low,0.0911,0.0054,0.012567,0.0,2023-01-23 20:33:13
2097,2097,low,0.1107,0.00684,0.021391,0.0,2023-01-20 13:12:48
2098,2098,medium,0.2309,0.008971,0.029027,0.0015,2024-07-12 00:57:01
2099,2099,medium,0.2454,0.010201,0.042881,0.0015,2025-06-04 21:13:00
2100,2100,medium,0.2174,0.011387,0.046877,0.0015,2025-05-30 07:51:11
2101,2101,medium,0.2191,0.015241,0.023296,0.0015,2024-10-11 10:34:49
2102,2102,medium,0.1436,0.009405,0.014613,0.0015,2022-10-05 01:12:56
2103,2103,medium,0.2226,0.009452,0.029352,0.0015,2025-08-07 01:45:48
2104,2104,low,0.0388,0.001806,0.004335,0.0,2024-01-12 13:32:19
2105,2105,low,0.1293,0.006482,0.014227,0.0,2024-01-17 21:11:16
2106,2106,medium,0.1906,0.013226,0.028476,0.0015,2024-08-17 12:04:21
2107,2107,medium,0.2413,0.017892,0.043021,0.0015,2024-11-18 02:56:34
2108,2108,high,0.2574,0.009796,0.048676,0.004,2025-07-27 14:21:01
2109,2109,medium,0.2213,0.012053,0.025015,0.0015,2024-03-07 16:41:10
2110,2110,low,0.0364,0.001802,0.006135,0.0,2024-04-14 13:30:20
2111,2111,high,0.3146,0.015059,0.05852,0.004,2024-10-16 21:10:15
2112,2112,high,0.259,0.014233,0.045039,0.004,2022-12-15 23:40:14
2113,2113,medium,0.1741,0.0111,0.027117,0.0015,2023-02-25 22:49:44
2114,2114,medium,0.157,0.009205,0.024013,0.0015,2024-05-05 15:41:55
2115,2115,medium,0.1842,0.009575,0.035649,0.0015,2022-03-29 17:27:39
2116,2116,medium,0.189,0.012073,0.024132,0.0015,2023-03-15 10:21:56
2117,2117,medium,0.1525,0.007848,0.018651,0.0015,2024-09-09 05:14:16
2118,2118,medium,0.1337,0.008166,0.014331,0.0015,2025-08-28 08:14:50
2119,2119,low,0.0477,0.001992,0.00708,0.0,2023-12-12 16:06:13
2120,2120,medium,0.1861,0.009042,0.033455,0.0015,2023-07-01 18:10:00
2121,2121,medium,0.2187,0.01263,0.035632,0.0015,2023-08-26 10:26:25
2122,2122,low,0.088,0.006313,0.009699,0.0,2024-07-26 15:57:46
2123,2123,medium,0.2017,0.007217,0.044203,0.0015,2024-01-15 20:12:13
2124,2124,medium,0.1683,0.010786,0.024335,0.0015,2022-02-01 18:36:28
2125,2125,low,0.1041,0.005661,0.01045,0.0,2024-01-08 16:19:39
2126,2126,high,0.322,0.020862,0.055606,0.004,2023-07-02 06:49:02
2127,2127,medium,0.1866,0.007389,0.018828,0.0015,2024-08-16 16:43:17
2128,2128,low,0.0855,0.005014,0.017791,0.0,2025-04-12 03:31:59
2129,2129,low,0.1016,0.005269,0.017481,0.0,2025-08-09 15:06:32
2130,2130,medium,0.1681,0.00798,0.023458,0.0015,2024-04-14 18:59:14
2131,2131,medium,0.1577,0.005725,0.022123,0.0015,2023-05-11 23:38:23
2132,2132,medium,0.2201,0.012329,0.024745,0.0015,2023-08-31 07:31:58
2133,2133,medium,0.136,0.00662,0.020466,0.0015,2022-08-30 09:35:15
2134,2134,low,0.0582,0.004182,0.009322,0.0,2025-07-04 08:41:59
2135,2135,medium,0.1693,0.011009,0.02001,0.0015,2025-03-05 02:56:06
2136,2136,medium,0.2146,0.008258,0.038931,0.0015,2025-03-14 06:00:54
2137,2137,high,0.2901,0.013748,0.040097,0.004,2023-03-25 20:56:53
2138,2138,medium,0.1625,0.007375,0.017575,0.0015,2025-03-17 20:19:44
2139,2139,medium,0.1483,0.009247,0.01923,0.0015,2024-01-15 22:36:47
2140,2140,medium,0.1859,0.010782,0.019393,0.0015,2024-08-21 23:16:12
2141,2141,medium,0.2146,0.010591,0.044881,0.0015,2023-11-02 01:54:35
2142,2142,low,0.1258,0.005521,0.019535,0.0,2023-08-29 17:01:47
2143,2143,high,0.2919,0.015357,0.0628,0.004,2024-05-14 20:28:20
2144,2144,low,0.0466,0.002097,0.008088,0.0,2025-01-17 03:47:41
2145,2145,medium,0.1744,0.007424,0.018325,0.0015,2023-04-03 01:32:27
2146,2146,medium,0.1842,0.012456,0.02223,0.0015,2025-01-11 21:51:14
2147,2147,high,0.2937,0.021655,0.048112,0.004,2022-12-01 01:44:18
2148,2148,medium,0.2488,0.016223,0.025135,0.0015,2023-07-06 01:38:08
2149,2149,medium,0.1435,0.005383,0.024898,0.0015,2025-06-02 12:50:30
2150,2150,medium,0.2388,0.017325,0.048932,0.0015,2025-07-29 16:36:19
2151,2151,medium,0.1336,0.007103,0.018477,0.0015,2025-06-17 20:38:51
2152,2152,medium,0.226,0.010311,0.045369,0.0015,2023-03-09 08:21:30
2153,2153,low,0.0676,0.004452,0.014256,0.0,2025-02-27 15:58:37
2154,2154,medium,0.1644,0.00578,0.021454,0.0015,2025-07-04 13:37:00
2155,2155,medium,0.134,0.004853,0.02099,0.0015,2025-08-31 04:24:28
2156,2156,high,0.2746,0.017946,0.037801,0.004,2022-01-29 14:18:05
2157,2157,low,0.0593,0.002457,0.00796,0.0,2024-10-16 03:33:42
2158,2158,medium,0.1729,0.009318,0.017479,0.0015,2025-09-25 13:09:15
2159,2159,medium,0.1548,0.008669,0.019767,0.0015,2024-11-12 01:33:15
2160,2160,medium,0.1577,0.01179,0.030786,0.0015,2022-11-15 23:35:01
2161,2161,low,0.061,0.002937,0.012678,0.0,2024-11-09 05:21:28
2162,2162,high,0.2911,0.013725,0.039357,0.004,2022-05-24 23:22:41
2163,2163,low,0.1273,0.00687,0.013278,0.0,2023-10-20 11:18:35
2164,2164,low,0.1092,0.005936,0.020761,0.0,2024-05-06 16:18:16
2165,2165,low,0.1207,0.006874,0.02225,0.0,2023-09-17 10:14:18
2166,2166,low,0.1047,0.007345,0.014034,0.0,2024-08-15 08:56:05
2167,2167,low,0.1129,0.007152,0.022318,0.0,2022-11-25 15:06:32
2168,2168,high,0.2513,0.017458,0.047978,0.004,2024-04-09 07:26:06
2169,2169,low,0.0576,0.002909,0.006405,0.0,2024-06-01 02:42:13
2170,2170,medium,0.1439,0.009472,0.022794,0.0015,2024-05-17 00:47:38
2171,2171,low,0.0142,0.001042,0.001703,0.0,2023-01-31 18:57:31
2172,2172,low,0.0806,0.003075,0.009684,0.0,2023-02-22 18:17:30
2173,2173,low,0.0386,0.002021,0.00559,0.0,2022-12-19 16:21:56
2174,2174,medium,0.2224,0.013089,0.026468,0.0015,2023-09-24 17:03:56
2175,2175,medium,0.2256,0.01318,0.045017,0.0015,2024-03-12 14:17:01
2176,2176,medium,0.1715,0.00952,0.026288,0.0015,2023-05-11 22:46:56
2177,2177,low,0.0581,0.003942,0.011876,0.0,2023-07-15 20:32:30
2178,2178,high,0.2993,0.012995,0.0496,0.004,2023-01-27 19:27:38
2179,2179,medium,0.202,0.014871,0.034755,0.0015,2022-10-27 09:30:00
2180,2180,low,0.0792,0.005331,0.013328,0.0,2024-06-18 09:00:42
2181,2181,low,0.1063,0.004966,0.012982,0.0,2025-01-21 08:45:04
2182,2182,high,0.2816,0.010223,0.032768,0.004,2023-02-02 16:24:23
2183,2183,medium,0.1677,0.010707,0.022794,0.0015,2025-03-23 06:13:53
2184,2184,medium,0.1355,0.004887,0.024461,0.0015,2024-02-21 02:21:16
2185,2185,high,0.3087,0.016816,0.062919,0.004,2022-08-18 09:54:38
2186,2186,low,0.0581,0.003385,0.006882,0.0,2023-05-16 16:28:51
2187,2187,medium,0.1402,0.010397,0.015416,0.0015,2022-01-11 06:28:15
2188,2188,medium,0.1494,0.007108,0.030128,0.0015,2022-02-23 14:00:49
2189,2189,medium,0.2215,0.014115,0.031679,0.0015,2023-04-05 19:49:08
2190,2190,medium,0.1445,0.010575,0.018827,0.0015,2023-09-14 16:54:37
2191,2191,low,0.1087,0.005817,0.010981,0.0,2024-12-26 23:52:32
2192,2192,medium,0.2406,0.009581,0.029853,0.0015,2022-07-03 17:25:01
2193,2193,low,0.1024,0.004089,0.010762,0.0,2025-02-21 23:45:22
2194,2194,low,0.0826,0.004178,0.015124,0.0,2022-11-17 19:51:05
2195,2195,low,0.0774,0.003715,0.00838,0.0,2022-07-09 05:37:12
2196,2196,low,0.0774,0.003688,0.014718,0.0,2024-08-15 10:52:39
2197,2197,low,0.0764,0.004153,0.013926,0.0,2024-11-25 06:59:46
2198,2198,medium,0.2167,0.012245,0.022539,0.0015,2024-04-07 12:28:43
2199,2199,medium,0.2357,0.010753,0.051645,0.0015,2022-06-08 06:47:57
2200,2200,low,0.0892,0.004692,0.019399,0.0,2022-06-07 18:59:55
2201,2201,high,0.3536,0.021594,0.075562,0.004,2023-06-18 14:32:05
2202,2202,high,0.2693,0.015425,0.034874,0.004,2023-09-09 10:06:11
2203,2203,medium,0.1322,0.008617,0.023813,0.0015,2025-09-28 02:20:51
2204,2204,low,0.1002,0.004604,0.015404,0.0,2023-01-27 21:32:54
2205,2205,low,0.0432,0.002161,0.006045,0.0,2022-09-21 11:08:30
2206,2206,medium,0.1657,0.00947,0.025018,0.0015,2025-07-17 23:49:51
2207,2207,high,0.3117,0.02223,0.057198,0.004,2022-07-30 14:55:56
2208,2208,medium,0.1413,0.008407,0.015972,0.0015,2022-02-06 02:50:52
2209,2209,high,0.2694,0.012529,0.041304,0.004,2023-08-02 09:22:49
2210,2210,high,0.2981,0.010872,0.063305,0.004,2023-07-03 16:18:56
2211,2211,high,0.3524,0.019587,0.061075,0.004,2024-04-27 16:57:25
2212,2212,medium,0.2003,0.014627,0.042084,0.0015,2025-04-15 17:47:13
2213,2213,medium,0.2058,0.012697,0.021221,0.0015,2025-06-30 04:59:54
2214,2214,medium,0.2088,0.010853,0.035109,0.0015,2023-02-01 05:25:29
2215,2215,high,0.2925,0.011135,0.053716,0.004,2025-09-03 18:19:11
2216,2216,medium,0.1463,0.005801,0.020567,0.0015,2024-05-15 11:31:45
2217,2217,low,0.0632,0.004089,0.007253,0.0,2022-04-06 06:26:28
2218,2218,high,0.251,0.011958,0.02781,0.004,2025-07-07 19:04:30
2219,2219,low,0.0493,0.002305,0.008131,0.0,2022-07-08 18:44:04
2220,2220,high,0.2957,0.013081,0.036404,0.004,2024-03-16 04:46:20
2221,2221,medium,0.1592,0.011286,0.016875,0.0015,2024-12-17 17:30:32
2222,2222,medium,0.1399,0.006607,0.02793,0.0015,2022-12-08 05:33:14
2223,2223,medium,0.1984,0.008349,0.039004,0.0015,2023-01-06 05:23:41
2224,2224,medium,0.1664,0.008267,0.031553,0.0015,2023-10-14 09:50:50
2225,2225,high,0.2692,0.017073,0.044613,0.004,2025-04-25 11:21:51
2226,2226,medium,0.1601,0.008258,0.02593,0.0015,2022-11-02 21:20:40
2227,2227,medium,0.1799,0.011804,0.029857,0.0015,2024-06-26 14:29:50
2228,2228,medium,0.1899,0.011825,0.036593,0.0015,2023-09-12 03:29:18
2229,2229,medium,0.1757,0.008649,0.0315,0.0015,2022-06-03 00:05:18
2230,2230,medium,0.1999,0.013995,0.02345,0.0015,2024-08-30 11:30:27
2231,2231,medium,0.219,0.008314,0.031052,0.0015,2025-02-12 21:36:05
2232,2232,medium,0.2236,0.0144,0.040691,0.0015,2024-02-27 11:12:59
2233,2233,low,0.0445,0.002459,0.007385,0.0,2022-08-30 06:07:57
2234,2234,medium,0.1816,0.008682,0.038451,0.0015,2022-08-02 00:47:05
2235,2235,high,0.2706,0.013895,0.036104,0.004,2023-08-03 08:12:02
2236,2236,low,0.1155,0.006756,0.021553,0.0,2023-11-24 18:44:30
2237,2237,medium,0.217,0.00997,0.040219,0.0015,2024-01-26 09:20:08
2238,2238,low,0.1098,0.006507,0.02093,0.0,2022-11-30 07:42:43
2239,2239,low,0.0939,0.005275,0.016618,0.0,2023-11-17 01:09:15
2240,2240,medium,0.1356,0.008914,0.028006,0.0015,2023-02-08 16:02:04
2241,2241,medium,0.1596,0.00673,0.030914,0.0015,2024-07-27 16:06:03
2242,2242,high,0.3167,0.015599,0.06266,0.004,2024-12-25 13:50:16
2243,2243,medium,0.1591,0.008818,0.024419,0.0015,2024-06-11 21:00:39
2244,2244,low,0.1273,0.008159,0.013794,0.0,2022-01-02 16:57:10
2245,2245,medium,0.2247,0.010886,0.037222,0.0015,2025-09-19 02:43:23
2246,2246,low,0.0889,0.004201,0.014013,0.0,2022-02-02 12:20:17
2247,2247,high,0.2781,0.019666,0.058794,0.004,2025-09-29 05:01:12
2248,2248,medium,0.2413,0.009495,0.043745,0.0015,2022-02-13 11:13:09
2249,2249,medium,0.1692,0.010844,0.032989,0.0015,2023-12-08 12:23:42
2250,2250,high,0.3409,0.022899,0.062663,0.004,2022-05-25 23:14:12
2251,2251,medium,0.1909,0.008679,0.033673,0.0015,2022-05-11 05:34:35
2252,2252,low,0.0976,0.00512,0.020452,0.0,2024-07-23 21:15:11
2253,2253,low,0.0149,0.00083,0.001607,0.0,2024-09-22 16:33:04
2254,2254,medium,0.1622,0.010679,0.033234,0.0015,2022-06-11 17:56:47
2255,2255,medium,0.1791,0.012531,0.035191,0.0015,2025-08-29 01:50:06
2256,2256,medium,0.2246,0.01139,0.049232,0.0015,2023-03-15 09:23:24
2257,2257,low,0.1138,0.005567,0.013229,0.0,2023-03-12 11:17:31
2258,2258,medium,0.142,0.006965,0.02856,0.0015,2023-02-11 06:21:33
2259,2259,low,0.0829,0.003548,0.010715,0.0,2023-09-23 22:24:36
2260,2260,medium,0.1351,0.005028,0.014509,0.0015,2022-09-01 06:39:06
2261,2261,medium,0.1946,0.013732,0.025329,0.0015,2023-08-05 02:16:33
2262,2262,medium,0.2163,0.010268,0.025495,0.0015,2022-10-15 06:06:27
2263,2263,medium,0.1502,0.005325,0.020191,0.0015,2022-03-12 08:11:37
2264,2264,low,0.0958,0.00391,0.020104,0.0,2023-05-20 10:21:56
2265,2265,medium,0.152,0.011049,0.027158,0.0015,2024-07-08 15:47:08
2266,2266,low,0.1087,0.004071,0.018324,0.0,2024-11-09 21:45:58
2267,2267,medium,0.1901,0.011919,0.038913,0.0015,2023-04-29 08:46:59
2268,2268,low,0.0986,0.006528,0.020486,0.0,2023-03-19 21:14:13
2269,2269,low,0.0822,0.005335,0.017717,0.0,2024-12-13 06:00:50
2270,2270,low,0.1204,0.005821,0.024716,0.0,2024-07-20 20:46:31
2271,2271,low,0.01,0.000606,0.001982,0.0,2025-02-12 08:09:58
2272,2272,medium,0.172,0.007958,0.017862,0.0015,2025-05-24 13:07:19
2273,2273,low,0.0916,0.004735,0.015294,0.0,2025-01-28 10:38:57
2274,2274,medium,0.2252,0.015369,0.033122,0.0015,2025-07-05 02:41:48
2275,2275,medium,0.2324,0.013774,0.024991,0.0015,2023-07-24 23:58:40
2276,2276,high,0.2535,0.013625,0.028114,0.004,2023-06-24 21:51:55
2277,2277,medium,0.1473,0.009203,0.022307,0.0015,2023-03-16 20:59:16
2278,2278,low,0.1142,0.007378,0.024378,0.0,2022-11-18 18:49:43
2279,2279,low,0.0906,0.006539,0.013994,0.0,2024-10-21 09:17:01
2280,2280,medium,0.1924,0.01265,0.037094,0.0015,2024-09-04 08:51:49
2281,2281,medium,0.1986,0.010757,0.024926,0.0015,2025-01-01 07:13:04
2282,2282,low,0.1158,0.005063,0.014862,0.0,2022-08-17 23:46:41
2283,2283,low,0.1163,0.006257,0.023385,0.0,2023-11-04 00:57:52
2284,2284,medium,0.1907,0.01003,0.025712,0.0015,2022-10-31 15:21:24
2285,2285,high,0.2872,0.016936,0.051097,0.004,2025-05-06 15:59:39
2286,2286,medium,0.1371,0.008229,0.013751,0.0015,2023-01-01 19:38:44
2287,2287,medium,0.1675,0.007317,0.017315,0.0015,2022-07-16 20:48:37
2288,2288,low,0.0861,0.005787,0.013509,0.0,2024-02-19 13:46:53
2289,2289,medium,0.1338,0.006894,0.022844,0.0015,2025-04-17 13:35:10
2290,2290,low,0.0716,0.004758,0.007832,0.0,2025-06-06 17:17:00
2291,2291,medium,0.1895,0.006751,0.036865,0.0015,2022-05-12 10:59:55
2292,2292,low,0.0477,0.00314,0.005147,0.0,2023-03-22 19:44:06
2293,2293,medium,0.1704,0.009711,0.030523,0.0015,2022-07-30 00:32:59
2294,2294,medium,0.1699,0.008823,0.030735,0.0015,2023-02-26 03:50:55
2295,2295,medium,0.2321,0.009446,0.035437,0.0015,2024-01-01 07:02:07
2296,2296,medium,0.1506,0.010611,0.023412,0.0015,2023-01-19 19:43:59
2297,2297,low,0.0983,0.00365,0.00986,0.0,2022-04-03 08:46:00
2298,2298,low,0.1012,0.004002,0.016607,0.0,2023-11-29 17:17:55
2299,2299,medium,0.1338,0.009209,0.018228,0.0015,2022-03-14 05:45:45
2300,2300,medium,0.1337,0.008362,0.017009,0.0015,2022-11-07 02:53:01
2301,2301,medium,0.2375,0.016332,0.026829,0.0015,2022-01-01 17:01:53
2302,2302,high,0.3232,0.023877,0.056113,0.004,2022-04-29 18:31:41
2303,2303,medium,0.2018,0.009808,0.040903,0.0015,2023-08-20 21:08:54
2304,2304,medium,0.1446,0.00974,0.016626,0.0015,2025-03-09 18:37:40
2305,2305,medium,0.1428,0.005216,0.026767,0.0015,2024-11-25 16:27:04
2306,2306,low,0.1209,0.008641,0.019057,0.0,2022-05-16 04:48:27
2307,2307,low,0.1077,0.006516,0.010903,0.0,2022-02-17 15:48:45
2308,2308,medium,0.2472,0.017583,0.039235,0.0015,2023-04-08 12:04:53
2309,2309,low,0.0583,0.003357,0.011753,0.0,2024-06-11 06:55:18
2310,2310,medium,0.1802,0.010853,0.038722,0.0015,2024-10-18 12:43:20
2311,2311,medium,0.1679,0.012119,0.026189,0.0015,2025-01-31 00:54:57
2312,2312,medium,0.1636,0.007705,0.025193,0.0015,2023-04-14 03:15:58
2313,2313,low,0.091,0.00444,0.012857,0.0,2022-08-18 19:48:13
2314,2314,medium,0.2168,0.014977,0.031536,0.0015,2022-02-06 01:03:22
2315,2315,medium,0.1316,0.009685,0.020676,0.0015,2022-07-20 21:49:48
2316,2316,medium,0.1581,0.009756,0.017319,0.0015,2022-03-31 03:23:19
2317,2317,medium,0.1318,0.006882,0.023435,0.0015,2025-03-23 13:49:03
2318,2318,low,0.1049,0.004139,0.014987,0.0,2023-01-03 04:32:40
2319,2319,low,0.1001,0.005934,0.017943,0.0,2025-01-31 00:49:37
2320,2320,medium,0.1874,0.012739,0.032971,0.0015,2024-01-27 17:18:52
2321,2321,medium,0.1562,0.006153,0.032227,0.0015,2024-01-08 06:32:09
2322,2322,low,0.1189,0.005542,0.015897,0.0,2023-09-15 03:46:24
2323,2323,medium,0.1993,0.007786,0.042304,0.0015,2025-01-25 15:58:13
2324,2324,low,0.1226,0.005955,0.021967,0.0,2022-03-01 10:31:13
2325,2325,medium,0.2229,0.012948,0.03892,0.0015,2022-05-07 21:22:03
2326,2326,low,0.0857,0.003444,0.014272,0.0,2023-08-03 04:40:24
2327,2327,medium,0.1911,0.010307,0.02379,0.0015,2023-06-24 15:37:01
2328,2328,medium,0.1933,0.00687,0.019494,0.0015,2024-01-17 09:02:10
2329,2329,low,0.1156,0.00786,0.019306,0.0,2024-10-06 07:22:09
2330,2330,medium,0.1839,0.011409,0.038585,0.0015,2024-03-14 18:16:58
2331,2331,high,0.2505,0.015273,0.050529,0.004,2022-12-19 04:39:45
2332,2332,medium,0.2114,0.014566,0.023098,0.0015,2023-03-24 17:38:08
2333,2333,medium,0.1459,0.005917,0.020034,0.0015,2024-10-26 04:27:46
2334,2334,medium,0.178,0.01312,0.028009,0.0015,2022-10-03 14:35:20
2335,2335,low,0.0763,0.002815,0.012108,0.0,2023-11-21 17:11:30
2336,2336,low,0.1238,0.006539,0.015129,0.0,2024-01-08 01:36:03
2337,2337,medium,0.1811,0.006354,0.032948,0.0015,2024-10-23 08:43:58
2338,2338,medium,0.1722,0.012367,0.027227,0.0015,2024-09-04 05:41:06
2339,2339,low,0.0256,0.001385,0.005202,0.0,2023-09-28 16:21:42
2340,2340,high,0.2603,0.011959,0.033869,0.004,2023-02-27 22:29:21
2341,2341,medium,0.1818,0.009591,0.038019,0.0015,2023-05-19 07:02:07
2342,2342,medium,0.1706,0.012458,0.033942,0.0015,2023-07-18 01:19:47
2343,2343,medium,0.167,0.007385,0.025011,0.0015,2022-10-27 20:25:13
2344,2344,medium,0.1386,0.006764,0.027321,0.0015,2024-05-05 13:22:33
2345,2345,low,0.1198,0.004243,0.021104,0.0,2022-10-13 01:30:37
2346,2346,low,0.1145,0.005014,0.017686,0.0,2024-06-06 09:22:03
2347,2347,medium,0.1611,0.011338,0.025998,0.0015,2024-10-25 00:56:46
2348,2348,high,0.2922,0.015828,0.048454,0.004,2025-08-08 19:04:52
2349,2349,medium,0.1354,0.005275,0.017241,0.0015,2022-06-12 16:03:52
2350,2350,medium,0.1517,0.010357,0.017962,0.0015,2024-11-05 07:29:52
2351,2351,medium,0.208,0.014326,0.040445,0.0015,2022-04-28 14:58:21
2352,2352,medium,0.2069,0.015334,0.022841,0.0015,2023-04-07 08:30:42
2353,2353,medium,0.2419,0.009057,0.044182,0.0015,2022-08-30 03:59:53
2354,2354,medium,0.1535,0.008075,0.031549,0.0015,2022-08-11 00:06:52
2355,2355,low,0.04,0.002815,0.006092,0.0,2022-08-28 20:58:35
2356,2356,medium,0.2068,0.008221,0.039907,0.0015,2025-01-31 00:16:10
2357,2357,medium,0.1702,0.008427,0.034682,0.0015,2022-03-25 14:58:16
2358,2358,medium,0.2043,0.014551,0.027373,0.0015,2023-06-30 03:46:10
2359,2359,medium,0.1756,0.006794,0.022839,0.0015,2024-08-14 10:54:25
2360,2360,medium,0.212,0.013573,0.034719,0.0015,2025-09-16 20:26:01
2361,2361,low,0.0814,0.005939,0.017005,0.0,2025-03-13 20:51:27
2362,2362,medium,0.1401,0.008275,0.025682,0.0015,2022-07-07 16:55:12
2363,2363,medium,0.157,0.011014,0.019155,0.0015,2025-09-13 05:26:15
2364,2364,low,0.0901,0.006038,0.013343,0.0,2024-06-13 01:01:10
2365,2365,low,0.1204,0.008097,0.02041,0.0,2022-09-03 15:34:58
2366,2366,medium,0.1479,0.008904,0.021394,0.0015,2023-09-06 20:41:13
2367,2367,low,0.0765,0.002893,0.009418,0.0,2025-06-09 15:54:31
2368,2368,low,0.0786,0.004006,0.015511,0.0,2023-06-22 12:17:22
2369,2369,medium,0.1868,0.012767,0.034137,0.0015,2022-09-09 05:11:44
2370,2370,medium,0.2066,0.008915,0.04015,0.0015,2025-04-12 02:45:51
2371,2371,medium,0.1622,0.007625,0.019371,0.0015,2025-07-27 16:05:49
2372,2372,medium,0.1907,0.010587,0.022575,0.0015,2025-08-27 14:45:22
2373,2373,medium,0.2495,0.012952,0.027819,0.0015,2025-07-31 09:52:34
2374,2374,medium,0.1663,0.011259,0.029709,0.0015,2025-04-09 01:42:19
2375,2375,medium,0.1626,0.01202,0.033868,0.0015,2023-09-14 17:47:53
2376,2376,low,0.1256,0.004933,0.025428,0.0,2022-09-21 01:36:57
2377,2377,low,0.1028,0.003673,0.013479,0.0,2024-04-24 06:29:07
2378,2378,medium,0.2428,0.016018,0.034083,0.0015,2022-10-30 01:14:14
2379,2379,medium,0.1303,0.004949,0.020535,0.0015,2023-10-10 06:38:24
2380,2380,medium,0.222,0.009901,0.02272,0.0015,2024-06-16 12:13:03
2381,2381,medium,0.1756,0.008599,0.03173,0.0015,2025-07-18 22:06:38
2382,2382,low,0.0989,0.004641,0.012467,0.0,2023-01-31 11:11:31
2383,2383,medium,0.2471,0.015061,0.048857,0.0015,2022-12-11 14:50:11
2384,2384,low,0.0634,0.002922,0.010269,0.0,2024-10-02 02:29:43
2385,2385,low,0.01,0.000593,0.001186,0.0,2022-01-09 20:05:32
2386,2386,low,0.1249,0.007849,0.023727,0.0,2024-02-14 20:43:22
2387,2387,low,0.0938,0.003364,0.018479,0.0,2024-10-17 09:55:04
2388,2388,low,0.0398,0.001978,0.008064,0.0,2024-01-24 15:26:12
2389,2389,low,0.0747,0.002767,0.008417,0.0,2023-06-10 06:00:38
2390,2390,low,0.0685,0.004495,0.010714,0.0,2025-02-07 10:51:09
2391,2391,medium,0.1489,0.005561,0.015819,0.0015,2023-05-23 13:48:23
2392,2392,high,0.2889,0.020066,0.062114,0.004,2024-08-30 00:12:43
2393,2393,low,0.073,0.005032,0.011397,0.0,2023-09-27 22:42:02
2394,2394,low,0.1058,0.00589,0.02027,0.0,2022-02-06 08:36:04
2395,2395,medium,0.1693,0.012312,0.022014,0.0015,2023-12-27 17:55:12
2396,2396,medium,0.1993,0.009895,0.024951,0.0015,2022-03-09 15:50:32
2397,2397,medium,0.1585,0.007464,0.025002,0.0015,2025-06-27 13:13:29
2398,2398,medium,0.1394,0.005515,0.02411,0.0015,2024-04-02 22:22:01
2399,2399,low,0.0574,0.003682,0.007622,0.0,2023-05-24 22:33:48
2400,2400,low,0.054,0.002807,0.007652,0.0,2023-10-28 02:39:29
2401,2401,low,0.1137,0.00843,0.017036,0.0,2024-04-27 00:54:41
2402,2402,low,0.1297,0.009052,0.013123,0.0,2022-12-22 22:22:57
2403,2403,medium,0.2036,0.011299,0.026225,0.0015,2023-01-30 12:32:49
2404,2404,medium,0.1332,0.007067,0.025675,0.0015,2023-07-27 17:18:59
2405,2405,medium,0.2051,0.009111,0.040526,0.0015,2022-12-20 17:26:31
2406,2406,medium,0.2372,0.009751,0.044689,0.0015,2024-11-02 19:42:41
2407,2407,low,0.0671,0.002998,0.007833,0.0,2022-05-23 00:28:05
2408,2408,medium,0.1738,0.009913,0.020341,0.0015,2025-02-04 19:18:29
2409,2409,medium,0.2062,0.008387,0.028305,0.0015,2023-04-22 18:51:20
2410,2410,low,0.1036,0.007291,0.013023,0.0,2024-02-07 18:04:32
2411,2411,medium,0.1483,0.010931,0.015233,0.0015,2022-08-04 19:26:00
2412,2412,medium,0.204,0.009313,0.025818,0.0015,2023-06-12 04:27:02
2413,2413,medium,0.2099,0.012756,0.033211,0.0015,2024-10-29 06:55:43
2414,2414,medium,0.1982,0.010188,0.034273,0.0015,2023-01-06 07:30:57
2415,2415,low,0.1248,0.00698,0.013822,0.0,2022-06-30 22:52:53
2416,2416,high,0.2532,0.016662,0.036728,0.004,2023-12-15 23:37:38
2417,2417,medium,0.201,0.011933,0.029186,0.0015,2022-08-11 06:54:11
2418,2418,medium,0.204,0.012568,0.023654,0.0015,2023-03-07 13:51:34
2419,2419,medium,0.2066,0.008431,0.044162,0.0015,2023-09-09 05:31:47
2420,2420,low,0.1041,0.004639,0.022818,0.0,2024-02-11 16:22:17
2421,2421,medium,0.1915,0.013327,0.021752,0.0015,2024-05-24 16:00:47
2422,2422,medium,0.143,0.010548,0.018983,0.0015,2024-07-14 15:51:03
2423,2423,medium,0.1688,0.009655,0.017115,0.0015,2025-02-28 23:37:57
2424,2424,low,0.1,0.004332,0.01948,0.0,2022-04-01 09:30:45
2425,2425,low,0.1257,0.006972,0.018895,0.0,2023-05-11 15:48:44
2426,2426,high,0.3029,0.016355,0.065963,0.004,2022-01-02 11:02:49
2427,2427,low,0.0369,0.002272,0.005888,0.0,2022-01-13 22:01:18
2428,2428,low,0.1035,0.004981,0.011203,0.0,2022-10-18 09:28:58
2429,2429,medium,0.218,0.015305,0.043258,0.0015,2024-03-29 06:14:15
2430,2430,low,0.073,0.005409,0.014157,0.0,2025-05-08 16:36:05
2431,2431,medium,0.1745,0.012466,0.021664,0.0015,2024-11-24 04:54:23
2432,2432,medium,0.1488,0.011089,0.018118,0.0015,2024-06-03 03:01:05
2433,2433,low,0.0919,0.003725,0.019494,0.0,2024-11-30 12:40:28
2434,2434,low,0.0811,0.003655,0.017797,0.0,2022-08-24 05:48:08
2435,2435,medium,0.1421,0.009321,0.02642,0.0015,2025-02-22 21:28:14
2436,2436,medium,0.1924,0.010323,0.023185,0.0015,2025-05-02 21:08:46
2437,2437,low,0.0799,0.005865,0.009883,0.0,2022-05-11 00:49:37
2438,2438,low,0.1262,0.00517,0.022717,0.0,2023-10-05 21:35:36
2439,2439,medium,0.1786,0.008448,0.019695,0.0015,2025-02-09 11:46:59
2440,2440,medium,0.1639,0.009971,0.020309,0.0015,2023-10-14 07:02:40
2441,2441,medium,0.1433,0.007367,0.014483,0.0015,2025-02-23 18:23:51
2442,2442,medium,0.2007,0.009931,0.0331,0.0015,2025-07-03 19:42:47
2443,2443,medium,0.1685,0.009615,0.029313,0.0015,2023-10-12 08:10:49
2444,2444,medium,0.1539,0.010344,0.033296,0.0015,2022-03-23 09:04:01
2445,2445,high,0.3158,0.016525,0.035214,0.004,2023-04-11 04:36:32
2446,2446,medium,0.1613,0.005866,0.033863,0.0015,2022-10-22 08:43:59
2447,2447,medium,0.1568,0.010392,0.021419,0.0015,2023-10-11 14:08:45
2448,2448,medium,0.1637,0.010457,0.033689,0.0015,2024-03-12 08:02:38
2449,2449,low,0.0961,0.005307,0.017427,0.0,2023-09-27 14:42:45
2450,2450,medium,0.1569,0.009278,0.021908,0.0015,2022-09-25 10:12:47
2451,2451,medium,0.1452,0.007221,0.02993,0.0015,2023-02-16 23:50:54
2452,2452,medium,0.2297,0.009011,0.039397,0.0015,2024-07-18 14:13:50
2453,2453,high,0.2611,0.017464,0.046594,0.004,2022-02-06 21:54:29
2454,2454,medium,0.1597,0.0081,0.033052,0.0015,2022-10-20 21:04:40
2455,2455,low,0.1018,0.007577,0.015733,0.0,2025-05-05 17:21:17
2456,2456,medium,0.133,0.009853,0.015096,0.0015,2022-05-16 15:31:17
2457,2457,low,0.0348,0.001662,0.003815,0.0,2023-07-22 08:56:15
2458,2458,medium,0.1329,0.005687,0.018441,0.0015,2022-10-11 03:44:12
2459,2459,low,0.0932,0.006092,0.018908,0.0,2022-05-24 03:53:44
2460,2460,medium,0.2144,0.014062,0.045886,0.0015,2023-08-02 07:12:13
2461,2461,medium,0.232,0.008415,0.038899,0.0015,2023-12-15 07:59:09
2462,2462,high,0.3118,0.017614,0.052523,0.004,2022-08-29 22:58:21
2463,2463,low,0.1136,0.005264,0.014725,0.0,2022-04-17 10:08:01
2464,2464,medium,0.1589,0.005881,0.032735,0.0015,2022-07-04 06:12:30
2465,2465,medium,0.233,0.012167,0.034227,0.0015,2024-06-10 07:30:06
2466,2466,low,0.0524,0.002114,0.008276,0.0,2025-03-22 20:46:29
2467,2467,medium,0.1998,0.009255,0.04299,0.0015,2022-09-04 15:19:06
2468,2468,medium,0.1512,0.008719,0.029579,0.0015,2023-03-15 07:16:51
2469,2469,high,0.26,0.011677,0.049824,0.004,2023-04-16 08:09:03
2470,2470,medium,0.1848,0.009149,0.028481,0.0015,2023-05-09 12:25:45
2471,2471,medium,0.1477,0.009356,0.017327,0.0015,2022-12-01 04:52:22
2472,2472,low,0.1184,0.007965,0.016794,0.0,2022-03-17 14:38:17
2473,2473,medium,0.153,0.00817,0.023252,0.0015,2023-12-20 09:54:45
2474,2474,medium,0.2196,0.012867,0.042979,0.0015,2023-05-04 21:09:34
2475,2475,low,0.01,0.000482,0.001923,0.0,2023-04-14 05:00:28
2476,2476,medium,0.1347,0.009486,0.028352,0.0015,2022-12-29 06:08:57
2477,2477,low,0.0968,0.003703,0.010515,0.0,2025-06-25 08:04:32
2478,2478,low,0.0537,0.002089,0.008215,0.0,2024-04-15 03:26:44
2479,2479,medium,0.1587,0.005794,0.031682,0.0015,2023-07-27 18:29:23
2480,2480,low,0.0771,0.003012,0.01203,0.0,2022-10-08 23:22:27
2481,2481,medium,0.2206,0.013272,0.028196,0.0015,2024-12-31 22:29:23
2482,2482,medium,0.1312,0.009828,0.025672,0.0015,2025-04-30 06:48:52
2483,2483,medium,0.1412,0.008338,0.014974,0.0015,2022-02-14 05:05:27
2484,2484,medium,0.1482,0.006697,0.021256,0.0015,2025-06-25 18:48:52
2485,2485,medium,0.1905,0.012902,0.034744,0.0015,2024-08-14 19:21:37
2486,2486,medium,0.1416,0.006963,0.016879,0.0015,2022-05-17 13:39:11
2487,2487,high,0.2583,0.015176,0.051828,0.004,2024-10-27 07:38:33
2488,2488,medium,0.2355,0.012392,0.034783,0.0015,2022-05-27 22:15:13
2489,2489,medium,0.2085,0.011558,0.030381,0.0015,2022-03-11 13:53:42
2490,2490,medium,0.185,0.007256,0.039568,0.0015,2022-06-07 18:23:51
2491,2491,high,0.3983,0.028767,0.046851,0.004,2023-09-22 01:12:22
2492,2492,low,0.1091,0.005151,0.016622,0.0,2024-04-27 13:41:52
2493,2493,medium,0.1446,0.008535,0.023324,0.0015,2023-07-12 05:17:24
2494,2494,high,0.2618,0.00924,0.02922,0.004,2022-06-16 20:29:06
2495,2495,medium,0.1487,0.007939,0.020497,0.0015,2022-09-30 11:05:57
2496,2496,medium,0.2002,0.013145,0.032805,0.0015,2025-03-12 01:24:58
2497,2497,medium,0.2474,0.01472,0.052122,0.0015,2025-08-09 20:51:52
2498,2498,medium,0.1385,0.00661,0.021653,0.0015,2024-10-28 20:14:32
2499,2499,medium,0.1928,0.011767,0.03221,0.0015,2022-05-22 11:17:03
2500,2500,low,0.0764,0.005106,0.013833,0.0,2025-01-26 11:57:51
2501,2501,medium,0.2468,0.0102,0.029,0.0015,2024-08-04 15:22:42
2502,2502,low,0.1109,0.004172,0.013043,0.0,2023-12-21 15:37:09
2503,2503,medium,0.1967,0.010514,0.030953,0.0015,2022-07-15 22:48:29
2504,2504,medium,0.2118,0.011119,0.037047,0.0015,2025-09-25 10:54:22
2505,2505,medium,0.133,0.004904,0.018367,0.0015,2023-08-29 11:39:17
2506,2506,medium,0.2143,0.01333,0.023524,0.0015,2022-03-02 10:21:25
2507,2507,medium,0.1539,0.008968,0.029349,0.0015,2022-10-15 05:41:08
2508,2508,medium,0.2421,0.011503,0.044534,0.0015,2023-07-03 22:19:52
2509,2509,medium,0.2285,0.010531,0.047759,0.0015,2022-03-27 06:18:49
2510,2510,medium,0.1448,0.006741,0.02824,0.0015,2023-03-20 03:29:19
2511,2511,low,0.055,0.002176,0.010396,0.0,2023-10-03 18:37:42
2512,2512,medium,0.249,0.017964,0.040528,0.0015,2025-07-21 17:55:44
2513,2513,medium,0.1795,0.006715,0.038157,0.0015,2022-04-29 03:51:51
2514,2514,medium,0.1576,0.005789,0.028773,0.0015,2024-02-29 03:29:56
2515,2515,low,0.0801,0.005312,0.009085,0.0,2025-06-06 18:16:10
2516,2516,medium,0.2121,0.01132,0.040999,0.0015,2025-01-07 20:51:42
2517,2517,low,0.1004,0.00677,0.012747,0.0,2025-06-19 07:40:46
2518,2518,medium,0.2358,0.01306,0.046429,0.0015,2022-08-22 00:38:31
2519,2519,high,0.3266,0.023175,0.071473,0.004,2025-01-01 05:41:55
2520,2520,low,0.1249,0.006117,0.014445,0.0,2025-08-31 18:30:58
2521,2521,medium,0.2005,0.011712,0.021985,0.0015,2023-03-23 00:18:22
2522,2522,low,0.0306,0.001342,0.005934,0.0,2023-11-14 03:20:00
2523,2523,low,0.0825,0.004365,0.016147,0.0,2023-12-28 04:34:59
2524,2524,medium,0.1974,0.007957,0.035707,0.0015,2023-11-07 08:14:29
2525,2525,medium,0.1343,0.007378,0.020933,0.0015,2023-02-01 10:06:58
2526,2526,low,0.1111,0.005934,0.022555,0.0,2025-08-21 04:05:14
2527,2527,medium,0.2266,0.00817,0.040673,0.0015,2025-08-01 11:42:05
2528,2528,medium,0.1419,0.005479,0.028896,0.0015,2023-06-05 20:12:17
2529,2529,low,0.1154,0.006642,0.01618,0.0,2025-01-06 15:20:54
2530,2530,medium,0.1338,0.008516,0.018852,0.0015,2023-06-28 19:32:29
2531,2531,medium,0.163,0.010017,0.028233,0.0015,2024-12-23 07:13:19
2532,2532,high,0.2624,0.016739,0.047882,0.004,2024-03-10 22:36:02
2533,2533,low,0.0759,0.004109,0.008808,0.0,2023-10-06 04:36:39
2534,2534,medium,0.1494,0.007261,0.017781,0.0015,2022-06-25 04:13:23
2535,2535,low,0.0779,0.004866,0.015572,0.0,2024-06-14 11:31:37
2536,2536,medium,0.1671,0.007658,0.028225,0.0015,2023-03-16 05:52:59
2537,2537,medium,0.2456,0.014779,0.031313,0.0015,2022-10-24 15:54:10
2538,2538,high,0.3268,0.012632,0.045755,0.004,2022-09-22 07:24:56
2539,2539,medium,0.2087,0.011794,0.041347,0.0015,2025-09-05 05:00:20
2540,2540,medium,0.1662,0.010598,0.020846,0.0015,2022-05-22 07:00:11
2541,2541,high,0.3288,0.015671,0.056752,0.004,2024-12-28 09:12:00
2542,2542,medium,0.1995,0.014309,0.032118,0.0015,2025-03-30 21:15:34
2543,2543,medium,0.1466,0.005557,0.031459,0.0015,2022-02-12 11:31:45
2544,2544,medium,0.1802,0.008221,0.034499,0.0015,2024-03-17 04:55:15
2545,2545,medium,0.2343,0.014536,0.043567,0.0015,2024-02-29 21:21:13
2546,2546,medium,0.1797,0.01223,0.034216,0.0015,2023-05-06 15:56:42
2547,2547,high,0.2648,0.010467,0.05657,0.004,2024-07-01 01:33:49
2548,2548,high,0.2678,0.010432,0.035012,0.004,2023-07-14 01:25:58
2549,2549,medium,0.1953,0.010471,0.020341,0.0015,2023-08-25 11:57:15
2550,2550,medium,0.1863,0.009095,0.025114,0.0015,2023-08-14 07:37:54
2551,2551,medium,0.1421,0.008098,0.029761,0.0015,2024-12-31 07:44:22
2552,2552,medium,0.1348,0.009261,0.024785,0.0015,2024-05-16 03:33:14
2553,2553,medium,0.1881,0.008758,0.022333,0.0015,2023-06-03 12:52:14
2554,2554,medium,0.2442,0.008648,0.034379,0.0015,2025-06-21 19:41:33
2555,2555,medium,0.1881,0.01163,0.032373,0.0015,2025-01-02 05:11:49
2556,2556,high,0.2552,0.014678,0.030515,0.004,2025-06-30 01:01:13
2557,2557,medium,0.1644,0.009145,0.028253,0.0015,2024-09-26 07:48:19
2558,2558,medium,0.134,0.008896,0.014596,0.0015,2023-06-20 13:27:52
2559,2559,medium,0.2333,0.0161,0.043686,0.0015,2024-11-23 09:13:19
2560,2560,medium,0.2167,0.008836,0.029483,0.0015,2023-03-27 10:20:42
2561,2561,low,0.0999,0.00682,0.015109,0.0,2023-01-06 15:08:00
2562,2562,medium,0.2011,0.011391,0.02045,0.0015,2023-09-10 00:45:31
2563,2563,low,0.0994,0.00694,0.017625,0.0,2025-08-19 00:10:54
2564,2564,medium,0.2177,0.012565,0.039696,0.0015,2024-02-16 22:24:59
2565,2565,low,0.121,0.008566,0.024796,0.0,2023-06-09 21:24:37
2566,2566,high,0.268,0.018304,0.050201,0.004,2023-09-24 18:24:20
2567,2567,high,0.3597,0.01728,0.065174,0.004,2023-02-03 09:12:45
2568,2568,low,0.0546,0.003314,0.008213,0.0,2024-06-20 04:11:31
2569,2569,medium,0.134,0.007732,0.014562,0.0015,2023-04-25 09:08:42
2570,2570,low,0.1198,0.006756,0.021243,0.0,2024-01-29 10:01:43
2571,2571,low,0.0805,0.003171,0.008263,0.0,2023-05-21 21:52:12
2572,2572,low,0.01,0.000359,0.00179,0.0,2023-03-15 17:43:58
2573,2573,medium,0.2073,0.010093,0.022587,0.0015,2025-08-20 06:46:44
2574,2574,high,0.2932,0.0161,0.03141,0.004,2023-04-18 23:02:01
2575,2575,low,0.0927,0.005291,0.015574,0.0,2022-04-07 11:19:28
2576,2576,medium,0.1806,0.010063,0.038004,0.0015,2023-06-02 21:57:30
2577,2577,high,0.2509,0.010242,0.046856,0.004,2023-12-29 23:21:06
2578,2578,low,0.02,0.001356,0.003687,0.0,2022-05-10 11:12:46
2579,2579,medium,0.1476,0.009417,0.028834,0.0015,2023-02-23 04:13:50
2580,2580,high,0.25,0.017385,0.038821,0.004,2022-08-16 04:10:06
2581,2581,medium,0.161,0.011324,0.030203,0.0015,2023-11-16 21:17:03
2582,2582,low,0.0764,0.005221,0.012032,0.0,2024-09-16 05:16:20
2583,2583,medium,0.1608,0.009902,0.034411,0.0015,2025-08-17 21:08:35
2584,2584,medium,0.1688,0.00888,0.03131,0.0015,2023-06-17 06:49:23
2585,2585,low,0.0782,0.004725,0.010655,0.0,2025-03-26 22:30:24
2586,2586,medium,0.1507,0.006767,0.021675,0.0015,2022-10-21 11:44:36
2587,2587,medium,0.1982,0.014246,0.035026,0.0015,2024-12-03 17:16:41
2588,2588,low,0.0369,0.002224,0.005789,0.0,2024-02-09 17:39:38
2589,2589,medium,0.1521,0.008965,0.018049,0.0015,2024-11-03 04:20:45
2590,2590,medium,0.1619,0.009423,0.028488,0.0015,2024-10-30 13:52:27
2591,2591,medium,0.167,0.010409,0.029091,0.0015,2023-12-30 08:49:02
2592,2592,medium,0.1437,0.008968,0.014655,0.0015,2022-12-19 03:41:27
2593,2593,low,0.1061,0.003901,0.015468,0.0,2023-12-21 19:40:42
2594,2594,medium,0.1515,0.007872,0.028466,0.0015,2025-02-05 01:09:55
2595,2595,medium,0.1855,0.013733,0.022578,0.0015,2025-08-20 20:40:40
2596,2596,low,0.0779,0.005091,0.015763,0.0,2025-06-22 19:50:22
2597,2597,low,0.0577,0.002462,0.009702,0.0,2022-09-06 05:55:35
2598,2598,low,0.1183,0.006166,0.01761,0.0,2024-03-28 05:39:25
2599,2599,low,0.0737,0.003943,0.016106,0.0,2022-05-24 02:03:44
2600,2600,low,0.1141,0.008457,0.02014,0.0,2024-07-04 02:53:22
2601,2601,low,0.1142,0.008342,0.024101,0.0,2025-09-19 12:22:00
2602,2602,medium,0.2238,0.008523,0.049215,0.0015,2022-03-13 22:10:29
2603,2603,medium,0.2108,0.009615,0.032699,0.0015,2024-06-17 04:35:33
2604,2604,medium,0.1602,0.006073,0.022967,0.0015,2025-07-17 11:18:32
2605,2605,medium,0.1416,0.006056,0.028911,0.0015,2025-03-04 22:45:31
2606,2606,low,0.0915,0.004845,0.009259,0.0,2023-06-21 22:03:31
2607,2607,medium,0.1414,0.008346,0.021991,0.0015,2022-05-23 03:57:49
2608,2608,medium,0.1773,0.011964,0.031431,0.0015,2025-06-17 21:29:52
2609,2609,medium,0.2384,0.009175,0.047031,0.0015,2025-06-14 08:51:41
2610,2610,medium,0.148,0.006842,0.02696,0.0015,2024-03-03 00:59:24
2611,2611,medium,0.1741,0.010339,0.017827,0.0015,2025-09-01 03:04:16
2612,2612,medium,0.2087,0.011142,0.037778,0.0015,2022-01-07 07:38:39
2613,2613,low,0.1057,0.005004,0.018856,0.0,2024-04-23 12:33:36
2614,2614,medium,0.2213,0.009319,0.022374,0.0015,2022-02-22 17:24:39
2615,2615,medium,0.1347,0.008529,0.018299,0.0015,2025-07-04 00:42:52
2616,2616,medium,0.1972,0.008754,0.030838,0.0015,2024-07-19 19:30:36
2617,2617,low,0.1295,0.008079,0.022784,0.0,2025-06-03 13:41:24
2618,2618,medium,0.1702,0.012198,0.030918,0.0015,2024-02-09 17:30:58
2619,2619,high,0.2529,0.011033,0.04178,0.004,2022-04-24 21:41:40
2620,2620,medium,0.1738,0.0111,0.038089,0.0015,2022-02-06 07:06:46
2621,2621,high,0.2888,0.019357,0.052646,0.004,2023-04-05 01:32:51
2622,2622,high,0.343,0.020688,0.041099,0.004,2024-10-14 01:16:38
2623,2623,high,0.3472,0.016674,0.065076,0.004,2022-07-26 14:41:35
2624,2624,medium,0.2171,0.009681,0.027301,0.0015,2025-03-11 17:38:08
2625,2625,medium,0.1816,0.012077,0.021829,0.0015,2022-11-24 14:43:15
2626,2626,medium,0.1757,0.008442,0.030873,0.0015,2023-11-11 02:22:43
2627,2627,low,0.0182,0.001227,0.002951,0.0,2022-10-05 19:33:22
2628,2628,medium,0.2478,0.017009,0.052937,0.0015,2023-09-30 03:44:53
2629,2629,medium,0.1398,0.009756,0.023755,0.0015,2023-09-11 13:46:47
2630,2630,medium,0.1428,0.009665,0.023224,0.0015,2022-01-08 11:41:35
2631,2631,low,0.1225,0.008696,0.01425,0.0,2024-02-16 18:23:13
2632,2632,low,0.0983,0.007094,0.019986,0.0,2024-12-12 03:17:00
2633,2633,low,0.1157,0.006334,0.01597,0.0,2025-07-04 19:48:56
2634,2634,medium,0.1573,0.007339,0.023598,0.0015,2023-03-29 10:04:11
2635,2635,medium,0.1606,0.006838,0.025757,0.0015,2025-04-19 15:24:23
2636,2636,medium,0.2074,0.010502,0.044539,0.0015,2025-04-17 03:34:01
2637,2637,medium,0.1443,0.006514,0.018912,0.0015,2025-09-14 02:34:55
2638,2638,low,0.1047,0.00719,0.019071,0.0,2023-05-26 08:19:30
2639,2639,low,0.1209,0.008299,0.022324,0.0,2025-03-10 00:28:11
2640,2640,medium,0.1474,0.00777,0.015183,0.0015,2024-02-13 00:38:16
2641,2641,medium,0.186,0.012529,0.027363,0.0015,2022-03-21 17:08:37
2642,2642,medium,0.2077,0.012593,0.021784,0.0015,2023-01-05 19:51:41
2643,2643,medium,0.1957,0.011347,0.022978,0.0015,2024-07-08 08:47:29
2644,2644,medium,0.1342,0.009052,0.014672,0.0015,2022-08-08 16:26:07
2645,2645,low,0.0615,0.004132,0.008013,0.0,2023-08-18 17:07:09
2646,2646,medium,0.1842,0.012337,0.033746,0.0015,2024-11-26 01:46:34
2647,2647,high,0.287,0.016305,0.0338,0.004,2022-07-24 20:54:16
2648,2648,high,0.3919,0.018746,0.057772,0.004,2023-11-11 08:03:30
2649,2649,medium,0.182,0.009306,0.030714,0.0015,2022-10-21 22:14:22
2650,2650,medium,0.2118,0.013182,0.026376,0.0015,2024-01-04 21:58:17
2651,2651,low,0.0811,0.005793,0.010629,0.0,2022-11-26 07:02:20
2652,2652,medium,0.134,0.008562,0.022333,0.0015,2025-08-13 16:32:11
2653,2653,medium,0.152,0.010129,0.027962,0.0015,2022-04-15 22:15:08
2654,2654,low,0.0913,0.004264,0.01435,0.0,2025-08-11 04:15:20
2655,2655,high,0.3471,0.018235,0.04984,0.004,2024-12-19 06:50:18
2656,2656,high,0.252,0.016347,0.050892,0.004,2025-03-16 12:26:31
2657,2657,medium,0.1683,0.011755,0.033666,0.0015,2025-03-10 20:44:46
2658,2658,low,0.0769,0.004264,0.010189,0.0,2022-09-14 15:35:17
2659,2659,medium,0.1644,0.005874,0.030575,0.0015,2025-06-27 17:36:15
2660,2660,low,0.1285,0.009051,0.022468,0.0,2024-03-23 23:09:39
2661,2661,low,0.0586,0.00228,0.006358,0.0,2025-08-09 05:32:54
2662,2662,medium,0.2378,0.01336,0.025578,0.0015,2025-04-16 07:20:10
2663,2663,medium,0.2324,0.01259,0.02325,0.0015,2024-03-03 21:45:31
2664,2664,high,0.2528,0.018578,0.029714,0.004,2023-05-28 06:23:59
2665,2665,medium,0.1512,0.006045,0.017267,0.0015,2022-06-10 10:46:19
2666,2666,medium,0.217,0.01336,0.024361,0.0015,2022-05-19 07:31:03
2667,2667,low,0.0981,0.004652,0.014555,0.0,2023-06-18 02:56:45
2668,2668,low,0.1262,0.006609,0.023558,0.0,2025-01-14 09:32:02
2669,2669,low,0.1265,0.006536,0.019603,0.0,2023-11-23 07:26:51
2670,2670,medium,0.2324,0.011373,0.038625,0.0015,2023-10-22 01:15:39
2671,2671,low,0.0654,0.004591,0.009177,0.0,2022-12-01 09:54:17
2672,2672,medium,0.1498,0.009567,0.026808,0.0015,2024-02-12 02:08:25
2673,2673,low,0.1041,0.00739,0.014558,0.0,2024-05-22 21:17:23
2674,2674,medium,0.2249,0.015149,0.030855,0.0015,2025-09-05 13:45:41
2675,2675,low,0.0665,0.003435,0.014185,0.0,2024-09-24 20:12:59
2676,2676,medium,0.2495,0.009346,0.038092,0.0015,2024-04-10 15:57:56
2677,2677,low,0.01,0.00047,0.001536,0.0,2025-05-29 23:38:28
2678,2678,medium,0.2028,0.009904,0.022051,0.0015,2023-08-05 08:55:23
2679,2679,low,0.0172,0.000673,0.003624,0.0,2025-07-03 00:14:34
2680,2680,low,0.0395,0.001625,0.005693,0.0,2023-05-22 03:19:36
2681,2681,medium,0.2482,0.008915,0.045076,0.0015,2022-06-24 19:14:47
2682,2682,medium,0.1767,0.009285,0.031902,0.0015,2023-07-26 07:16:35
2683,2683,low,0.0962,0.004021,0.019853,0.0,2022-06-26 03:39:27
2684,2684,medium,0.1697,0.007784,0.034876,0.0015,2022-06-11 23:16:43
2685,2685,medium,0.1486,0.008058,0.017602,0.0015,2025-04-20 11:50:25
2686,2686,medium,0.2135,0.008875,0.024143,0.0015,2024-12-23 05:15:01
2687,2687,medium,0.2176,0.008184,0.04497,0.0015,2022-10-30 14:49:26
2688,2688,high,0.3572,0.023444,0.047462,0.004,2025-02-19 23:55:11
2689,2689,high,0.2723,0.019171,0.054555,0.004,2022-04-05 06:11:44
2690,2690,medium,0.1438,0.006976,0.021415,0.0015,2023-01-25 01:19:36
2691,2691,low,0.01,0.000535,0.001418,0.0,2024-08-23 22:44:03
2692,2692,high,0.3082,0.014342,0.037408,0.004,2023-02-20 14:15:02
2693,2693,high,0.2606,0.013936,0.056476,0.004,2024-09-26 07:53:38
2694,2694,high,0.2602,0.010032,0.028014,0.004,2025-04-11 02:08:32
2695,2695,medium,0.1992,0.010631,0.032428,0.0015,2022-04-01 08:56:14
2696,2696,medium,0.145,0.007751,0.027007,0.0015,2022-02-02 18:59:40
2697,2697,medium,0.2181,0.01031,0.032743,0.0015,2025-07-09 22:08:46
2698,2698,medium,0.2156,0.01503,0.029205,0.0015,2023-12-13 23:39:31
2699,2699,medium,0.1987,0.010293,0.023618,0.0015,2023-11-24 20:33:58
2700,2700,medium,0.1857,0.007602,0.022917,0.0015,2023-09-27 07:24:03
2701,2701,medium,0.2075,0.013491,0.044273,0.0015,2023-08-17 04:22:12
2702,2702,medium,0.1789,0.007308,0.026749,0.0015,2024-08-02 02:14:31
2703,2703,low,0.1084,0.004163,0.011263,0.0,2024-03-04 02:12:18
2704,2704,medium,0.2383,0.011854,0.035009,0.0015,2022-08-12 12:28:34
2705,2705,medium,0.1484,0.009927,0.025718,0.0015,2024-05-07 05:47:57
2706,2706,medium,0.2343,0.017115,0.040808,0.0015,2024-07-03 06:38:05
2707,2707,medium,0.1739,0.010665,0.019358,0.0015,2022-06-05 09:44:46
2708,2708,high,0.2862,0.020263,0.037589,0.004,2023-05-31 08:55:51
2709,2709,high,0.3574,0.02064,0.06727,0.004,2024-12-17 09:56:35
2710,2710,medium,0.19,0.008098,0.041495,0.0015,2024-04-26 09:38:36
2711,2711,low,0.107,0.006164,0.017282,0.0,2022-07-06 13:17:39
2712,2712,low,0.0857,0.005525,0.009456,0.0,2022-02-24 20:23:57
2713,2713,medium,0.2456,0.009333,0.050348,0.0015,2024-03-06 02:19:23
2714,2714,medium,0.1396,0.00723,0.021285,0.0015,2023-09-24 15:25:38
2715,2715,low,0.1156,0.004436,0.021743,0.0,2025-08-07 17:14:33
2716,2716,low,0.0662,0.003365,0.00856,0.0,2023-12-16 10:32:28
2717,2717,medium,0.1777,0.01022,0.036372,0.0015,2025-06-28 06:38:18
2718,2718,low,0.0696,0.004437,0.009194,0.0,2022-10-21 04:45:52
2719,2719,medium,0.1531,0.007534,0.028055,0.0015,2023-09-04 22:59:14
2720,2720,medium,0.1492,0.005954,0.022101,0.0015,2022-07-11 00:07:25
2721,2721,low,0.1106,0.006061,0.015918,0.0,2024-02-25 13:05:29
2722,2722,medium,0.2111,0.008482,0.025949,0.0015,2022-09-15 19:59:17
2723,2723,low,0.0927,0.003603,0.018603,0.0,2023-11-05 09:58:52
2724,2724,low,0.0934,0.006005,0.014279,0.0,2023-04-16 18:50:23
2725,2725,medium,0.1551,0.009204,0.023259,0.0015,2022-09-12 01:52:39
2726,2726,high,0.2602,0.014627,0.029476,0.004,2022-05-13 10:28:14
2727,2727,low,0.0659,0.002746,0.007715,0.0,2023-12-02 11:41:24
2728,2728,low,0.0928,0.006662,0.013394,0.0,2025-07-19 22:24:12
2729,2729,low,0.1146,0.007956,0.012054,0.0,2022-09-29 21:18:08
2730,2730,medium,0.2194,0.015076,0.03771,0.0015,2023-07-09 00:45:54
2731,2731,high,0.2764,0.010395,0.033843,0.004,2022-11-04 06:17:06
2732,2732,low,0.1251,0.004739,0.023425,0.0,2025-01-11 16:05:23
2733,2733,low,0.01,0.000539,0.001777,0.0,2023-07-22 14:04:43
2734,2734,medium,0.2296,0.010684,0.035953,0.0015,2025-08-26 00:03:46
2735,2735,medium,0.132,0.006393,0.016401,0.0015,2022-12-02 09:20:21
2736,2736,medium,0.232,0.014704,0.044752,0.0015,2022-04-21 10:42:02
2737,2737,medium,0.2486,0.018005,0.054469,0.0015,2024-03-07 21:18:09
2738,2738,low,0.0582,0.00344,0.010784,0.0,2024-06-10 11:36:43
2739,2739,medium,0.1346,0.004865,0.025183,0.0015,2025-09-17 08:01:07
2740,2740,low,0.1262,0.004618,0.015587,0.0,2025-04-07 02:06:11
2741,2741,medium,0.2394,0.010596,0.035514,0.0015,2025-04-24 13:04:02
2742,2742,low,0.0903,0.003193,0.009928,0.0,2024-05-17 15:11:05
2743,2743,low,0.1139,0.004617,0.012514,0.0,2023-05-08 05:26:29
2744,2744,medium,0.2446,0.00908,0.037571,0.0015,2023-08-10 21:47:08
2745,2745,medium,0.1508,0.006952,0.019608,0.0015,2022-07-02 23:06:38
2746,2746,high,0.2845,0.010479,0.050499,0.004,2023-08-13 17:05:56
2747,2747,low,0.0466,0.00333,0.009872,0.0,2023-05-14 13:14:48
2748,2748,medium,0.1432,0.008009,0.021696,0.0015,2022-10-07 17:05:07
2749,2749,high,0.3048,0.021173,0.035097,0.004,2024-01-02 08:00:42
2750,2750,medium,0.222,0.013795,0.0277,0.0015,2023-05-21 06:16:09
2751,2751,medium,0.143,0.007639,0.022153,0.0015,2025-09-21 04:00:13
2752,2752,medium,0.2369,0.012702,0.036848,0.0015,2023-10-17 15:01:20
2753,2753,medium,0.1915,0.012223,0.031697,0.0015,2025-08-04 12:17:07
2754,2754,medium,0.2007,0.009602,0.041798,0.0015,2024-06-22 20:28:10
2755,2755,low,0.01,0.000562,0.002094,0.0,2022-02-25 06:23:14
2756,2756,medium,0.1968,0.007811,0.034804,0.0015,2022-10-06 07:30:40
2757,2757,low,0.0183,0.001213,0.002166,0.0,2024-08-23 12:43:37
2758,2758,medium,0.1481,0.00713,0.017788,0.0015,2024-01-16 17:17:57
2759,2759,medium,0.1452,0.006119,0.019736,0.0015,2023-02-17 19:32:38
2760,2760,medium,0.1473,0.009518,0.027533,0.0015,2023-12-16 05:05:00
2761,2761,low,0.0564,0.002183,0.011322,0.0,2025-05-20 06:56:23
2762,2762,low,0.0948,0.006927,0.016923,0.0,2023-06-16 18:03:46
2763,2763,low,0.0897,0.005615,0.018068,0.0,2022-03-03 17:12:26
2764,2764,low,0.0577,0.00373,0.007433,0.0,2023-03-02 09:24:49
2765,2765,medium,0.1739,0.006655,0.031582,0.0015,2025-07-04 06:37:06
2766,2766,low,0.1099,0.006324,0.014588,0.0,2024-11-08 02:40:29
2767,2767,medium,0.2102,0.007609,0.037546,0.0015,2025-02-19 16:00:13
2768,2768,high,0.3178,0.015281,0.032857,0.004,2025-06-01 01:52:12
2769,2769,low,0.0897,0.005739,0.015538,0.0,2022-06-10 17:54:13
2770,2770,medium,0.1847,0.008056,0.038196,0.0015,2023-01-22 16:42:33
2771,2771,high,0.4115,0.025875,0.054076,0.004,2022-03-23 20:09:09
2772,2772,medium,0.2057,0.011731,0.041915,0.0015,2022-01-07 11:28:50
2773,2773,low,0.0206,0.001472,0.002196,0.0,2025-02-15 21:07:19
2774,2774,high,0.2902,0.015926,0.051852,0.004,2025-07-05 17:50:55
2775,2775,medium,0.2219,0.010438,0.033356,0.0015,2022-08-02 01:50:09
2776,2776,low,0.0162,0.001137,0.001679,0.0,2024-09-14 22:15:10
2777,2777,medium,0.1785,0.009658,0.031584,0.0015,2024-01-02 17:46:34
2778,2778,low,0.01,0.000465,0.001192,0.0,2022-04-05 16:48:44
2779,2779,medium,0.1337,0.006902,0.021337,0.0015,2025-06-06 17:44:06
2780,2780,low,0.093,0.004904,0.012054,0.0,2025-04-06 20:30:27
2781,2781,low,0.0424,0.001861,0.004872,0.0,2024-02-16 06:27:23
2782,2782,high,0.3718,0.024874,0.042158,0.004,2024-08-26 09:23:36
2783,2783,medium,0.2288,0.015514,0.040159,0.0015,2023-06-28 09:57:49
2784,2784,low,0.0699,0.003691,0.00865,0.0,2024-12-20 14:29:23
2785,2785,medium,0.1891,0.006745,0.025917,0.0015,2023-09-01 18:46:01
2786,2786,low,0.1257,0.004917,0.015617,0.0,2025-09-15 04:36:47
2787,2787,high,0.2922,0.016175,0.03365,0.004,2022-03-28 08:15:46
2788,2788,medium,0.243,0.011042,0.024384,0.0015,2022-08-24 12:00:48
2789,2789,low,0.0651,0.00314,0.010272,0.0,2025-08-18 06:04:34
2790,2790,low,0.0501,0.002817,0.009634,0.0,2023-01-31 01:16:48
2791,2791,medium,0.162,0.009965,0.017551,0.0015,2023-03-01 23:23:53
2792,2792,medium,0.1975,0.008391,0.023831,0.0015,2024-12-18 11:09:33
2793,2793,high,0.2549,0.015926,0.052682,0.004,2022-09-17 01:10:55
2794,2794,high,0.3035,0.011948,0.063609,0.004,2023-12-04 12:29:45
2795,2795,medium,0.1929,0.011107,0.041531,0.0015,2023-01-27 07:30:18
2796,2796,medium,0.1747,0.010796,0.030635,0.0015,2022-09-28 18:38:22
2797,2797,low,0.108,0.005041,0.011001,0.0,2025-08-12 06:18:02
2798,2798,low,0.1028,0.007037,0.011856,0.0,2022-10-01 11:01:16
2799,2799,high,0.2644,0.017591,0.033419,0.004,2022-05-09 23:35:58
2800,2800,medium,0.1315,0.009239,0.018707,0.0015,2024-07-10 22:43:21
2801,2801,medium,0.1504,0.00732,0.021361,0.0015,2025-04-01 11:17:36
2802,2802,medium,0.1568,0.011344,0.01903,0.0015,2022-06-24 09:56:30
2803,2803,high,0.318,0.01729,0.038554,0.004,2024-08-26 07:55:50
2804,2804,medium,0.1891,0.008971,0.040571,0.0015,2024-01-10 19:14:49
2805,2805,medium,0.1577,0.009452,0.017488,0.0015,2025-02-09 11:11:22
2806,2806,low,0.0561,0.003949,0.005742,0.0,2022-06-23 16:10:20
2807,2807,medium,0.1404,0.009909,0.014459,0.0015,2025-08-28 00:40:04
2808,2808,medium,0.1508,0.006742,0.025177,0.0015,2024-04-26 22:38:33
2809,2809,medium,0.1508,0.006197,0.019095,0.0015,2025-02-26 01:37:17
2810,2810,high,0.3338,0.017662,0.052617,0.004,2023-05-11 03:56:34
2811,2811,low,0.1056,0.007659,0.016449,0.0,2025-07-14 13:07:45
2812,2812,medium,0.2098,0.015441,0.043727,0.0015,2024-05-06 20:44:33
2813,2813,high,0.2895,0.013325,0.034561,0.004,2022-06-23 15:32:18
2814,2814,low,0.0742,0.002797,0.010198,0.0,2025-06-16 12:42:10
2815,2815,medium,0.1763,0.011176,0.032016,0.0015,2024-12-24 15:19:48
2816,2816,medium,0.158,0.006996,0.025832,0.0015,2023-02-15 16:12:35
2817,2817,low,0.0848,0.003683,0.014417,0.0,2024-01-17 11:37:27
2818,2818,low,0.1169,0.007529,0.018221,0.0,2023-06-15 20:47:34
2819,2819,medium,0.1362,0.005863,0.027033,0.0015,2024-01-14 12:02:50
2820,2820,low,0.109,0.007229,0.012475,0.0,2025-08-13 15:10:03
2821,2821,medium,0.1863,0.013419,0.039926,0.0015,2025-05-14 17:23:35
2822,2822,medium,0.181,0.007448,0.02205,0.0015,2022-10-22 20:36:44
2823,2823,high,0.3476,0.019776,0.042561,0.004,2025-08-22 10:15:46
2824,2824,low,0.0742,0.004677,0.009484,0.0,2023-08-23 02:37:25
2825,2825,medium,0.2317,0.013067,0.043773,0.0015,2024-08-22 05:15:06
2826,2826,medium,0.248,0.017708,0.042618,0.0015,2024-11-11 10:58:21
2827,2827,low,0.1247,0.004701,0.014007,0.0,2023-10-23 15:49:59
2828,2828,high,0.2861,0.021397,0.058594,0.004,2023-09-17 16:58:12
2829,2829,medium,0.2101,0.012064,0.045942,0.0015,2023-09-17 08:39:05
2830,2830,low,0.1058,0.004606,0.016899,0.0,2025-03-25 23:13:05
2831,2831,low,0.0625,0.003771,0.006422,0.0,2023-06-13 12:21:45
2832,2832,medium,0.1899,0.011695,0.03066,0.0015,2023-01-18 22:26:16
2833,2833,medium,0.13,0.004578,0.022043,0.0015,2023-05-10 16:01:09
2834,2834,medium,0.1948,0.013341,0.024066,0.0015,2022-09-24 14:23:26
2835,2835,medium,0.1436,0.005433,0.014945,0.0015,2023-06-20 13:57:09
2836,2836,medium,0.206,0.008981,0.032648,0.0015,2022-06-06 01:25:23
2837,2837,medium,0.1428,0.0084,0.029227,0.0015,2022-05-03 18:46:41
2838,2838,medium,0.2286,0.015084,0.029667,0.0015,2024-09-17 05:27:02
2839,2839,low,0.0279,0.001689,0.004025,0.0,2022-04-16 22:22:53
2840,2840,high,0.2607,0.0156,0.054371,0.004,2024-02-17 07:18:40
2841,2841,medium,0.2065,0.0113,0.035768,0.0015,2024-12-02 20:41:12
2842,2842,low,0.0987,0.00548,0.016609,0.0,2024-09-18 02:10:42
2843,2843,medium,0.1648,0.008604,0.022973,0.0015,2023-09-03 05:27:54
2844,2844,low,0.1134,0.005228,0.024434,0.0,2022-09-22 21:19:44
2845,2845,medium,0.2496,0.01236,0.045887,0.0015,2025-06-27 04:13:59
2846,2846,medium,0.2115,0.014832,0.023746,0.0015,2025-02-16 12:00:07
2847,2847,medium,0.1837,0.009245,0.019406,0.0015,2024-04-17 12:26:24
2848,2848,medium,0.1714,0.011217,0.029826,0.0015,2022-04-29 16:33:21
2849,2849,high,0.2682,0.015958,0.03548,0.004,2022-02-18 02:53:52
2850,2850,medium,0.1358,0.00597,0.015342,0.0015,2023-03-08 05:18:15
2851,2851,medium,0.1524,0.006271,0.028615,0.0015,2022-08-04 11:48:22
2852,2852,low,0.1281,0.005113,0.026112,0.0,2025-03-22 23:14:18
2853,2853,medium,0.1404,0.007696,0.021609,0.0015,2022-10-09 13:28:31
2854,2854,medium,0.1724,0.007437,0.023498,0.0015,2023-01-22 15:59:37
2855,2855,low,0.1014,0.004601,0.011793,0.0,2025-08-27 19:21:54
2856,2856,low,0.1244,0.008521,0.022553,0.0,2025-01-24 09:06:39
2857,2857,medium,0.1465,0.007988,0.014889,0.0015,2022-10-27 04:29:49
2858,2858,medium,0.16,0.007731,0.029097,0.0015,2023-06-09 16:29:13
2859,2859,low,0.0782,0.003316,0.016786,0.0,2023-12-07 13:17:25
2860,2860,low,0.1279,0.006715,0.018777,0.0,2024-06-27 17:19:20
2861,2861,low,0.1159,0.005278,0.021706,0.0,2025-07-04 16:33:39
2862,2862,medium,0.1935,0.007075,0.020659,0.0015,2025-04-06 16:48:07
2863,2863,medium,0.176,0.012266,0.024803,0.0015,2025-08-29 19:11:30
2864,2864,high,0.2778,0.016044,0.043017,0.004,2022-02-25 14:28:09
2865,2865,medium,0.1378,0.009405,0.024454,0.0015,2022-11-20 08:11:08
2866,2866,medium,0.1434,0.009265,0.019494,0.0015,2024-02-10 04:27:22
2867,2867,medium,0.1512,0.00538,0.026869,0.0015,2022-03-09 04:37:49
2868,2868,low,0.0986,0.006028,0.018419,0.0,2023-05-02 02:34:20
2869,2869,medium,0.1985,0.008061,0.023542,0.0015,2022-07-30 03:03:19
2870,2870,low,0.0619,0.002346,0.012447,0.0,2025-06-30 05:37:37
2871,2871,medium,0.1857,0.006716,0.033837,0.0015,2022-03-28 15:12:02
2872,2872,medium,0.1339,0.009212,0.029306,0.0015,2022-07-23 00:24:37
2873,2873,low,0.0558,0.003229,0.010791,0.0,2022-09-24 22:19:08
2874,2874,medium,0.2126,0.014013,0.040684,0.0015,2022-07-23 06:38:22
2875,2875,low,0.1181,0.007148,0.012074,0.0,2024-02-17 19:16:51
2876,2876,low,0.0249,0.001011,0.003757,0.0,2023-05-14 10:15:35
2877,2877,medium,0.2162,0.012823,0.029613,0.0015,2025-06-02 05:31:07
2878,2878,low,0.0885,0.003494,0.01707,0.0,2022-12-23 19:10:41
2879,2879,high,0.319,0.011837,0.057099,0.004,2024-01-05 21:58:13
2880,2880,low,0.1018,0.004951,0.016427,0.0,2024-06-22 00:03:52
2881,2881,high,0.2553,0.009955,0.03665,0.004,2024-05-06 08:29:20
2882,2882,medium,0.1542,0.009752,0.017277,0.0015,2024-12-25 10:50:23
2883,2883,medium,0.2132,0.012625,0.029326,0.0015,2022-10-04 03:42:20
2884,2884,medium,0.1438,0.008962,0.024794,0.0015,2023-11-26 04:47:59
2885,2885,medium,0.1388,0.009897,0.018781,0.0015,2024-12-31 04:45:41
2886,2886,medium,0.1572,0.007784,0.017902,0.0015,2025-03-26 14:33:04
2887,2887,high,0.2565,0.014706,0.026126,0.004,2024-04-25 03:14:43
2888,2888,medium,0.1713,0.008558,0.035795,0.0015,2024-06-10 18:53:45
2889,2889,low,0.0655,0.002658,0.008298,0.0,2025-03-28 03:20:25
2890,2890,high,0.2808,0.019282,0.059513,0.004,2024-05-04 19:46:28
2891,2891,medium,0.2152,0.012461,0.022104,0.0015,2025-07-22 00:25:00
2892,2892,low,0.1252,0.007505,0.018934,0.0,2022-06-24 13:09:33
2893,2893,medium,0.1882,0.008532,0.029996,0.0015,2023-04-21 22:16:41
2894,2894,high,0.2541,0.017307,0.037433,0.004,2022-06-03 11:09:45
2895,2895,low,0.1094,0.00606,0.01223,0.0,2022-05-04 21:53:29
2896,2896,medium,0.1818,0.006867,0.037289,0.0015,2023-10-08 14:46:20
2897,2897,medium,0.1333,0.006374,0.028024,0.0015,2022-11-06 01:41:58
2898,2898,low,0.0674,0.003585,0.012844,0.0,2023-07-11 23:47:09
2899,2899,medium,0.1996,0.009652,0.022545,0.0015,2023-08-22 23:12:51
2900,2900,high,0.2503,0.009909,0.032598,0.004,2024-04-29 10:09:43
2901,2901,low,0.082,0.003936,0.0111,0.0,2025-07-17 17:00:50
2902,2902,high,0.2792,0.009804,0.059547,0.004,2025-03-07 23:05:58
2903,2903,medium,0.2178,0.009469,0.04269,0.0015,2023-06-02 12:40:05
2904,2904,low,0.1246,0.007544,0.018976,0.0,2023-03-22 09:36:06
2905,2905,medium,0.2181,0.012341,0.034998,0.0015,2024-11-20 10:01:34
2906,2906,medium,0.1369,0.006846,0.02679,0.0015,2022-06-19 03:45:06
2907,2907,low,0.124,0.009099,0.013323,0.0,2024-01-10 08:55:50
2908,2908,low,0.1201,0.004425,0.017671,0.0,2023-08-02 16:28:32
2909,2909,high,0.2506,0.015185,0.026609,0.004,2022-09-08 01:58:39
2910,2910,low,0.0579,0.003467,0.012136,0.0,2024-04-23 07:14:50
2911,2911,medium,0.2445,0.013651,0.037407,0.0015,2023-03-15 18:20:33
2912,2912,low,0.01,0.000455,0.001215,0.0,2022-09-11 21:34:39
2913,2913,high,0.3384,0.018669,0.073609,0.004,2024-06-12 13:35:45
2914,2914,low,0.1086,0.005843,0.022294,0.0,2022-08-27 07:16:24
2915,2915,medium,0.1605,0.006554,0.025835,0.0015,2024-07-09 11:07:21
2916,2916,low,0.0499,0.002217,0.010516,0.0,2022-08-10 17:52:02
2917,2917,medium,0.223,0.011705,0.027182,0.0015,2023-08-18 18:01:55
2918,2918,medium,0.2431,0.012128,0.046621,0.0015,2025-01-10 08:01:28
2919,2919,medium,0.2123,0.008536,0.040937,0.0015,2022-11-09 18:53:32
2920,2920,medium,0.1454,0.006476,0.02488,0.0015,2024-11-16 02:45:26
2921,2921,high,0.2525,0.014816,0.037272,0.004,2024-09-14 13:38:36
2922,2922,low,0.0362,0.002287,0.004842,0.0,2025-05-19 20:02:13
2923,2923,medium,0.2062,0.013413,0.036537,0.0015,2022-08-20 00:26:22
2924,2924,low,0.0565,0.003194,0.007832,0.0,2024-09-05 06:42:11
2925,2925,low,0.0275,0.001024,0.003183,0.0,2025-07-05 08:44:21
2926,2926,high,0.2613,0.011562,0.052872,0.004,2024-11-09 19:25:48
2927,2927,low,0.0242,0.001552,0.004742,0.0,2022-09-15 01:15:01
2928,2928,low,0.0853,0.003971,0.011579,0.0,2025-01-29 17:11:55
2929,2929,medium,0.1642,0.010146,0.016572,0.0015,2022-05-27 19:16:46
2930,2930,low,0.0742,0.004518,0.009538,0.0,2024-03-16 12:56:06
2931,2931,high,0.3424,0.019051,0.057512,0.004,2023-11-12 18:46:09
2932,2932,medium,0.1608,0.007612,0.029347,0.0015,2023-12-28 12:24:00
2933,2933,low,0.0824,0.003147,0.012233,0.0,2023-12-12 17:51:08
2934,2934,high,0.3066,0.019674,0.062199,0.004,2022-02-13 01:26:34
2935,2935,high,0.2594,0.011644,0.034086,0.004,2023-11-27 04:59:23
2936,2936,low,0.0452,0.002093,0.009634,0.0,2025-07-05 11:11:31
2937,2937,low,0.129,0.005147,0.022923,0.0,2023-08-21 08:40:01
2938,2938,low,0.0447,0.002869,0.008498,0.0,2023-01-14 19:36:32
2939,2939,high,0.2982,0.021886,0.049145,0.004,2025-09-22 21:45:45
2940,2940,low,0.0916,0.004973,0.020157,0.0,2022-05-16 10:07:10
2941,2941,medium,0.1573,0.007781,0.018834,0.0015,2023-10-28 05:33:54
2942,2942,medium,0.2116,0.011776,0.032689,0.0015,2023-12-03 05:36:42
2943,2943,medium,0.1858,0.009411,0.024462,0.0015,2023-10-16 19:56:31
2944,2944,low,0.0238,0.001125,0.003147,0.0,2025-06-14 22:06:24
2945,2945,medium,0.1995,0.014735,0.039391,0.0015,2023-07-31 23:25:24
2946,2946,medium,0.2363,0.01711,0.039883,0.0015,2025-08-24 11:26:23
2947,2947,low,0.1151,0.006909,0.012942,0.0,2022-04-02 10:01:23
2948,2948,medium,0.2127,0.00761,0.044987,0.0015,2024-10-01 00:35:46
2949,2949,medium,0.1652,0.008236,0.019374,0.0015,2024-03-22 03:57:07
2950,2950,medium,0.1323,0.005682,0.024509,0.0015,2022-11-26 01:36:11
2951,2951,medium,0.1515,0.00884,0.027489,0.0015,2022-11-08 20:38:16
2952,2952,low,0.1188,0.006058,0.023667,0.0,2024-09-11 12:32:34
2953,2953,high,0.2616,0.013516,0.046189,0.004,2024-05-22 05:58:40
2954,2954,high,0.2564,0.018438,0.037362,0.004,2024-04-16 01:55:53
2955,2955,medium,0.1669,0.01188,0.020755,0.0015,2022-03-11 12:57:51
2956,2956,medium,0.1348,0.00618,0.022208,0.0015,2024-03-28 21:41:45
2957,2957,medium,0.2395,0.014352,0.024891,0.0015,2025-09-04 12:54:04
2958,2958,medium,0.1842,0.012829,0.029994,0.0015,2022-01-24 16:45:16
2959,2959,medium,0.2012,0.014769,0.024295,0.0015,2023-10-04 14:22:29
2960,2960,high,0.354,0.022927,0.062803,0.004,2023-11-08 07:24:18
2961,2961,medium,0.2484,0.009681,0.03712,0.0015,2025-05-11 18:16:20
2962,2962,low,0.0531,0.003302,0.010144,0.0,2023-01-22 22:23:50
2963,2963,high,0.2838,0.015514,0.048488,0.004,2023-10-13 13:37:27
2964,2964,medium,0.1913,0.008905,0.030579,0.0015,2024-09-08 02:50:51
2965,2965,medium,0.1916,0.013539,0.034284,0.0015,2022-03-24 12:46:53
2966,2966,medium,0.2008,0.012157,0.025424,0.0015,2024-12-31 21:21:49
2967,2967,high,0.2679,0.019158,0.05646,0.004,2025-01-29 18:54:54
2968,2968,medium,0.1356,0.00511,0.014709,0.0015,2024-09-11 11:27:00
2969,2969,low,0.0163,0.00108,0.002298,0.0,2024-06-05 17:10:05
2970,2970,low,0.1283,0.007503,0.013717,0.0,2024-10-19 17:33:53
2971,2971,low,0.0672,0.003163,0.011448,0.0,2024-12-05 10:38:50
2972,2972,medium,0.1624,0.01138,0.023661,0.0015,2025-05-20 20:15:52
2973,2973,medium,0.1866,0.012478,0.019931,0.0015,2023-08-09 17:40:22
2974,2974,medium,0.248,0.014319,0.04465,0.0015,2024-05-22 16:44:21
2975,2975,medium,0.1737,0.012835,0.03735,0.0015,2022-09-22 03:30:28
2976,2976,medium,0.2262,0.015136,0.025519,0.0015,2025-03-17 07:42:38
2977,2977,medium,0.171,0.009183,0.021627,0.0015,2024-11-20 01:29:37
2978,2978,low,0.1196,0.004448,0.015874,0.0,2024-05-13 07:08:26
2979,2979,low,0.0612,0.00363,0.011107,0.0,2023-02-17 15:49:08
2980,2980,low,0.01,0.000523,0.001464,0.0,2023-04-21 14:49:14
2981,2981,high,0.2517,0.014639,0.047956,0.004,2023-08-19 01:05:06
2982,2982,medium,0.1754,0.006471,0.027286,0.0015,2024-06-25 08:10:17
2983,2983,medium,0.1827,0.012415,0.018787,0.0015,2024-11-30 08:26:25
2984,2984,medium,0.2108,0.014166,0.025477,0.0015,2024-07-08 02:19:00
2985,2985,medium,0.2435,0.015872,0.033695,0.0015,2025-06-26 03:33:11
2986,2986,low,0.1298,0.008595,0.022864,0.0,2025-08-07 01:59:28
2987,2987,medium,0.1917,0.008101,0.034828,0.0015,2024-08-22 07:27:49
2988,2988,low,0.0923,0.00512,0.016317,0.0,2024-03-30 12:37:48
2989,2989,medium,0.1576,0.010293,0.016927,0.0015,2023-08-05 12:17:04
2990,2990,high,0.2682,0.016074,0.038703,0.004,2024-05-10 14:30:06
2991,2991,medium,0.1601,0.008919,0.028217,0.0015,2025-01-15 23:37:15
2992,2992,low,0.1028,0.005057,0.018165,0.0,2023-05-21 05:55:21
2993,2993,medium,0.1541,0.009477,0.02613,0.0015,2023-11-23 21:11:17
2994,2994,low,0.0212,0.000776,0.003208,0.0,2022-03-04 10:20:15
2995,2995,medium,0.1929,0.00697,0.019502,0.0015,2024-10-04 15:10:04
2996,2996,medium,0.1545,0.008105,0.025825,0.0015,2023-11-02 02:51:00
2997,2997,low,0.1052,0.005991,0.013825,0.0,2023-09-21 21:10:52
2998,2998,low,0.094,0.004507,0.01337,0.0,2023-12-30 08:45:59
2999,2999,low,0.1165,0.007254,0.019994,0.0,2022-10-22 19:08:11
3000,3000,medium,0.1989,0.014355,0.031312,0.0015,2024-03-29 00:28:06
3001,3001,medium,0.2253,0.009036,0.034213,0.0015,2024-10-16 10:31:57
3002,3002,medium,0.237,0.012793,0.035237,0.0015,2023-04-24 08:34:06
3003,3003,medium,0.2044,0.014863,0.039205,0.0015,2022-06-29 10:05:11
3004,3004,low,0.0841,0.006156,0.013403,0.0,2023-06-14 04:36:23
3005,3005,medium,0.209,0.011417,0.036439,0.0015,2022-09-29 15:53:55
3006,3006,low,0.0707,0.00465,0.007862,0.0,2023-05-27 13:10:21
3007,3007,medium,0.145,0.006191,0.025124,0.0015,2024-05-07 11:55:04
3008,3008,high,0.2683,0.018028,0.028668,0.004,2022-06-05 02:58:18
3009,3009,low,0.0486,0.003599,0.009364,0.0,2024-10-19 06:21:43
3010,3010,low,0.1013,0.004889,0.010256,0.0,2022-11-04 06:30:52
3011,3011,low,0.0902,0.004007,0.017089,0.0,2025-05-08 22:23:33
3012,3012,low,0.0819,0.003251,0.013387,0.0,2024-09-28 23:35:36
3013,3013,low,0.1013,0.005357,0.018723,0.0,2023-01-08 21:33:35
3014,3014,medium,0.1414,0.006795,0.018289,0.0015,2024-02-10 11:53:31
3015,3015,medium,0.1684,0.009252,0.027455,0.0015,2022-06-01 11:17:55
3016,3016,medium,0.1661,0.009254,0.033436,0.0015,2022-05-17 10:38:26
3017,3017,low,0.1226,0.008524,0.01539,0.0,2025-07-31 20:55:26
3018,3018,low,0.0789,0.005549,0.008137,0.0,2025-01-02 17:25:30
3019,3019,medium,0.1823,0.009574,0.034703,0.0015,2022-07-31 06:01:07
3020,3020,medium,0.1422,0.009293,0.026225,0.0015,2023-01-22 17:15:14
3021,3021,medium,0.206,0.011809,0.024308,0.0015,2022-09-28 09:48:08
3022,3022,medium,0.1989,0.012737,0.028046,0.0015,2023-06-25 13:55:54
3023,3023,medium,0.2185,0.013769,0.032787,0.0015,2023-02-03 12:55:43
3024,3024,low,0.01,0.000681,0.001047,0.0,2023-03-25 18:57:17
3025,3025,low,0.1025,0.004257,0.014935,0.0,2023-12-26 04:58:36
3026,3026,medium,0.1468,0.009813,0.016338,0.0015,2022-09-16 15:00:25
3027,3027,medium,0.1318,0.0058,0.028897,0.0015,2025-04-22 16:55:44
3028,3028,medium,0.1402,0.008761,0.030525,0.0015,2024-09-22 10:15:11
3029,3029,low,0.0279,0.002044,0.004679,0.0,2024-11-06 10:14:49
3030,3030,medium,0.1367,0.007981,0.02153,0.0015,2022-08-20 20:16:36
3031,3031,medium,0.2284,0.016085,0.049317,0.0015,2024-08-26 18:13:43
3032,3032,low,0.0818,0.005519,0.01474,0.0,2025-02-17 23:35:36
3033,3033,low,0.0156,0.000986,0.001812,0.0,2022-08-28 15:31:42
3034,3034,medium,0.1697,0.006447,0.021293,0.0015,2024-10-24 17:57:40
3035,3035,high,0.2627,0.009449,0.046937,0.004,2023-05-05 07:26:10
3036,3036,low,0.1204,0.008583,0.025742,0.0,2024-12-13 09:48:09
3037,3037,high,0.2632,0.016551,0.036815,0.004,2023-10-17 10:59:25
3038,3038,medium,0.2458,0.013985,0.028031,0.0015,2025-01-02 10:06:57
3039,3039,low,0.0644,0.002261,0.012303,0.0,2022-07-21 16:17:20
3040,3040,low,0.1105,0.004417,0.013777,0.0,2023-06-17 06:16:35
3041,3041,medium,0.2098,0.01313,0.023401,0.0015,2023-01-10 01:14:38
3042,3042,medium,0.1508,0.006694,0.027566,0.0015,2022-12-06 18:17:33
3043,3043,high,0.3079,0.015167,0.050971,0.004,2023-02-26 19:11:44
3044,3044,low,0.0108,0.000738,0.001653,0.0,2023-06-08 04:03:51
3045,3045,high,0.2518,0.012082,0.026795,0.004,2022-06-24 02:43:55
3046,3046,medium,0.173,0.009637,0.017571,0.0015,2024-08-25 06:56:09
3047,3047,medium,0.1474,0.005575,0.022108,0.0015,2024-01-23 17:28:10
3048,3048,low,0.01,0.000548,0.001723,0.0,2025-02-08 10:34:48
3049,3049,medium,0.174,0.011076,0.035702,0.0015,2024-08-22 11:29:08
3050,3050,medium,0.2073,0.009152,0.035566,0.0015,2022-07-23 21:23:46
3051,3051,low,0.0757,0.004404,0.011997,0.0,2022-04-06 15:59:43
3052,3052,medium,0.1324,0.007744,0.016029,0.0015,2023-08-02 09:39:08
3053,3053,medium,0.145,0.009805,0.017238,0.0015,2023-10-21 04:14:01
3054,3054,medium,0.1911,0.009447,0.033122,0.0015,2022-11-25 15:52:49
3055,3055,medium,0.2228,0.01577,0.031768,0.0015,2024-12-06 01:33:28
3056,3056,high,0.2652,0.014269,0.031475,0.004,2024-03-06 14:31:00
3057,3057,low,0.01,0.000363,0.001478,0.0,2024-10-20 06:00:42
3058,3058,medium,0.1806,0.00688,0.034017,0.0015,2022-05-30 03:01:55
3059,3059,medium,0.1309,0.00935,0.014311,0.0015,2025-01-20 00:28:47
3060,3060,medium,0.2218,0.008451,0.02572,0.0015,2022-10-09 22:21:40
3061,3061,medium,0.1973,0.013167,0.033581,0.0015,2023-09-06 04:38:11
3062,3062,low,0.0925,0.006885,0.015353,0.0,2023-08-25 01:26:46
3063,3063,low,0.0474,0.003248,0.005624,0.0,2025-01-27 12:31:48
3064,3064,low,0.0694,0.003555,0.011949,0.0,2023-01-14 17:25:52
3065,3065,medium,0.1353,0.005995,0.023795,0.0015,2022-11-26 08:24:17
3066,3066,low,0.1027,0.004255,0.01129,0.0,2023-04-10 14:40:14
3067,3067,medium,0.1413,0.00702,0.026426,0.0015,2023-05-09 14:07:56
3068,3068,medium,0.1357,0.007411,0.015402,0.0015,2022-09-06 13:06:02
3069,3069,low,0.0609,0.003288,0.01163,0.0,2022-08-30 06:06:22
3070,3070,low,0.0849,0.005074,0.010953,0.0,2022-11-13 11:18:27
3071,3071,medium,0.1615,0.010767,0.020517,0.0015,2023-10-02 12:27:08
3072,3072,medium,0.1328,0.005531,0.023962,0.0015,2023-04-15 17:03:17
3073,3073,medium,0.1309,0.006315,0.023485,0.0015,2023-06-21 08:06:52
3074,3074,medium,0.1997,0.012926,0.026447,0.0015,2024-09-10 16:02:47
3075,3075,medium,0.1936,0.013678,0.041784,0.0015,2022-11-26 14:07:08
3076,3076,medium,0.2287,0.01568,0.033527,0.0015,2025-05-29 17:35:04
3077,3077,medium,0.191,0.014091,0.028386,0.0015,2024-10-25 10:27:51
3078,3078,medium,0.1782,0.011925,0.022111,0.0015,2022-08-27 23:19:56
3079,3079,medium,0.1324,0.009783,0.014163,0.0015,2023-03-06 08:13:01
3080,3080,low,0.1149,0.008323,0.022788,0.0,2022-09-09 02:21:24
3081,3081,medium,0.1402,0.008582,0.019653,0.0015,2023-01-09 04:42:42
3082,3082,medium,0.1459,0.009226,0.023175,0.0015,2023-05-15 23:58:42
3083,3083,low,0.1184,0.005606,0.022984,0.0,2022-06-29 01:23:28
3084,3084,medium,0.1697,0.012038,0.019151,0.0015,2022-01-20 17:54:17
3085,3085,low,0.0461,0.002901,0.008023,0.0,2023-08-24 07:23:38
3086,3086,low,0.1137,0.008059,0.016332,0.0,2024-08-16 22:56:21
3087,3087,low,0.0951,0.004133,0.01904,0.0,2023-02-19 10:56:04
3088,3088,medium,0.1556,0.007742,0.022826,0.0015,2025-03-23 02:31:33
3089,3089,medium,0.1858,0.00713,0.039835,0.0015,2023-05-21 03:57:57
3090,3090,low,0.1259,0.009099,0.018228,0.0,2025-05-17 06:58:14
3091,3091,low,0.1158,0.007808,0.012017,0.0,2022-11-19 20:15:43
3092,3092,medium,0.2412,0.015797,0.039952,0.0015,2024-01-08 19:24:05
3093,3093,low,0.1139,0.005979,0.013157,0.0,2024-11-09 23:55:15
3094,3094,medium,0.1319,0.004672,0.015389,0.0015,2022-03-22 18:22:31
3095,3095,medium,0.1714,0.01265,0.027058,0.0015,2025-06-26 05:52:11
3096,3096,medium,0.1451,0.007309,0.019515,0.0015,2023-05-15 06:20:04
3097,3097,medium,0.1423,0.006392,0.023509,0.0015,2023-11-13 04:05:54
3098,3098,medium,0.2395,0.016562,0.042894,0.0015,2024-05-09 16:54:40
3099,3099,medium,0.2054,0.008882,0.042734,0.0015,2024-05-29 14:55:27
3100,3100,high,0.292,0.012222,0.039274,0.004,2022-02-02 09:05:04
3101,3101,medium,0.1528,0.008228,0.024639,0.0015,2025-04-01 07:00:00
3102,3102,low,0.082,0.004376,0.015699,0.0,2024-05-03 02:10:58
3103,3103,medium,0.1736,0.012219,0.029493,0.0015,2025-09-28 09:34:28
3104,3104,high,0.2628,0.01967,0.037666,0.004,2023-10-08 00:42:28
3105,3105,medium,0.1759,0.007979,0.019404,0.0015,2024-04-19 06:58:23
3106,3106,low,0.0358,0.001541,0.004399,0.0,2023-08-27 08:58:24
3107,3107,high,0.3353,0.018014,0.035014,0.004,2025-05-02 05:14:21
3108,3108,medium,0.1327,0.006992,0.023066,0.0015,2025-02-12 16:56:34
3109,3109,medium,0.1759,0.011943,0.02826,0.0015,2025-05-27 23:25:33
3110,3110,low,0.0198,0.000769,0.002688,0.0,2023-11-21 20:32:46
3111,3111,low,0.0785,0.003249,0.016785,0.0,2024-12-18 16:56:06
3112,3112,medium,0.2447,0.010563,0.03918,0.0015,2023-05-06 19:57:07
3113,3113,low,0.0925,0.003544,0.020244,0.0,2023-09-23 13:17:57
3114,3114,medium,0.1524,0.005729,0.021966,0.0015,2024-11-05 23:28:32
3115,3115,medium,0.1708,0.009495,0.029831,0.0015,2022-04-22 00:26:53
3116,3116,low,0.0246,0.001737,0.003376,0.0,2024-08-29 22:48:36
3117,3117,medium,0.133,0.009029,0.028172,0.0015,2022-01-22 14:55:40
3118,3118,high,0.2905,0.012407,0.037996,0.004,2024-03-05 07:55:37
3119,3119,medium,0.2089,0.008516,0.025816,0.0015,2023-10-15 19:27:04
3120,3120,low,0.1032,0.006136,0.018197,0.0,2023-10-04 03:39:48
3121,3121,low,0.1075,0.005176,0.014943,0.0,2023-11-08 05:20:05
3122,3122,medium,0.2129,0.011756,0.043567,0.0015,2023-11-04 23:09:39
3123,3123,medium,0.1464,0.009324,0.016778,0.0015,2023-07-12 06:31:18
3124,3124,high,0.3126,0.022181,0.033562,0.004,2023-09-10 10:51:47
3125,3125,high,0.3406,0.014466,0.035181,0.004,2024-02-17 06:04:13
3126,3126,low,0.0903,0.003413,0.012319,0.0,2024-11-10 10:06:34
3127,3127,medium,0.1461,0.006443,0.02874,0.0015,2024-01-26 08:36:21
3128,3128,medium,0.1748,0.009992,0.036829,0.0015,2024-05-28 23:18:29
3129,3129,medium,0.199,0.007681,0.041471,0.0015,2025-02-18 11:40:45
3130,3130,medium,0.2186,0.010516,0.046289,0.0015,2025-09-15 15:39:58
3131,3131,low,0.1031,0.004866,0.014002,0.0,2022-05-29 15:25:48
3132,3132,high,0.3199,0.012604,0.053198,0.004,2024-09-02 06:46:55
3133,3133,medium,0.1951,0.014475,0.027715,0.0015,2022-11-05 01:01:59
3134,3134,medium,0.1906,0.013185,0.035201,0.0015,2022-09-27 04:42:45
3135,3135,low,0.0776,0.004557,0.016227,0.0,2024-12-20 19:56:22
3136,3136,high,0.3185,0.02241,0.038145,0.004,2022-04-04 23:16:15
3137,3137,medium,0.2191,0.010168,0.034571,0.0015,2025-03-05 20:10:48
3138,3138,medium,0.1979,0.013611,0.030443,0.0015,2024-11-20 02:32:23
3139,3139,medium,0.2268,0.014093,0.047381,0.0015,2025-09-22 22:04:06
3140,3140,medium,0.1452,0.006435,0.029947,0.0015,2024-07-02 17:54:06
3141,3141,low,0.1157,0.007169,0.023525,0.0,2025-04-09 03:26:50
3142,3142,medium,0.138,0.007656,0.026161,0.0015,2022-06-12 03:44:03
3143,3143,medium,0.2204,0.012096,0.046284,0.0015,2025-05-02 09:09:51
3144,3144,medium,0.149,0.010758,0.032732,0.0015,2022-08-08 07:49:13
3145,3145,low,0.1278,0.006463,0.014778,0.0,2023-03-07 00:40:17
3146,3146,medium,0.1881,0.013493,0.039397,0.0015,2022-06-25 08:50:29
3147,3147,low,0.0888,0.00605,0.014763,0.0,2023-07-04 11:21:17
3148,3148,low,0.0833,0.004325,0.011019,0.0,2024-10-21 15:07:46
3149,3149,low,0.0837,0.005527,0.014091,0.0,2023-01-02 17:46:12
3150,3150,medium,0.1697,0.006719,0.027076,0.0015,2025-01-29 18:19:00
3151,3151,low,0.0565,0.003109,0.009316,0.0,2024-04-09 10:01:18
3152,3152,medium,0.1793,0.006725,0.025942,0.0015,2024-05-10 08:54:06
3153,3153,low,0.0787,0.003375,0.013979,0.0,2025-07-08 06:51:26
3154,3154,low,0.1128,0.005561,0.020446,0.0,2023-08-14 18:21:37
3155,3155,medium,0.1841,0.00712,0.019776,0.0015,2023-04-17 11:14:58
3156,3156,low,0.115,0.008128,0.022135,0.0,2025-09-22 13:12:47
3157,3157,medium,0.196,0.013728,0.032427,0.0015,2024-02-01 23:28:56
3158,3158,low,0.0997,0.003507,0.02043,0.0,2024-04-20 18:40:45
3159,3159,medium,0.1698,0.00662,0.030239,0.0015,2023-02-10 08:06:34
3160,3160,medium,0.1569,0.011393,0.034406,0.0015,2022-10-22 17:13:19
3161,3161,low,0.1268,0.004455,0.023984,0.0,2022-08-21 06:52:21
3162,3162,low,0.0488,0.003575,0.007472,0.0,2022-11-02 19:53:22
3163,3163,low,0.0837,0.004848,0.010769,0.0,2022-09-25 00:19:52
3164,3164,low,0.1233,0.007051,0.0217,0.0,2024-10-18 12:19:41
3165,3165,medium,0.2295,0.008354,0.036646,0.0015,2022-03-21 06:27:41
3166,3166,medium,0.2357,0.011668,0.03579,0.0015,2024-05-10 23:57:03
3167,3167,high,0.2752,0.018841,0.054876,0.004,2025-07-22 15:12:17
3168,3168,low,0.1057,0.005066,0.022197,0.0,2024-11-13 06:37:24
3169,3169,medium,0.1917,0.013649,0.029675,0.0015,2023-07-06 03:20:35
3170,3170,medium,0.1649,0.009167,0.017099,0.0015,2022-03-23 06:18:18
3171,3171,medium,0.1851,0.012683,0.038029,0.0015,2025-02-15 01:51:25
3172,3172,low,0.01,0.000663,0.001052,0.0,2022-01-05 07:22:48
3173,3173,medium,0.1512,0.008094,0.023267,0.0015,2024-07-21 01:24:33
3174,3174,medium,0.205,0.014024,0.028669,0.0015,2024-07-06 20:35:58
3175,3175,high,0.3578,0.024871,0.051272,0.004,2022-09-20 13:09:20
3176,3176,low,0.01,0.000735,0.001767,0.0,2024-10-09 03:25:24
3177,3177,medium,0.1522,0.005787,0.030847,0.0015,2022-08-29 00:46:35
3178,3178,medium,0.1744,0.011747,0.032512,0.0015,2022-11-05 16:28:25
3179,3179,medium,0.1959,0.012078,0.029838,0.0015,2025-01-15 19:11:47
3180,3180,low,0.0558,0.003514,0.010737,0.0,2025-09-01 10:45:52
3181,3181,low,0.0211,0.00152,0.003745,0.0,2022-12-29 03:00:53
3182,3182,medium,0.1579,0.005774,0.025099,0.0015,2025-06-14 09:22:28
3183,3183,medium,0.2053,0.01339,0.028766,0.0015,2025-06-03 08:58:44
3184,3184,low,0.1032,0.005163,0.016365,0.0,2024-11-18 13:11:30
3185,3185,medium,0.2152,0.012725,0.041829,0.0015,2022-07-11 14:17:56
3186,3186,medium,0.1789,0.007948,0.032607,0.0015,2023-02-14 14:32:56
3187,3187,medium,0.1716,0.008003,0.033797,0.0015,2024-07-16 02:31:45
3188,3188,low,0.127,0.007575,0.0277,0.0,2025-09-28 22:22:31
3189,3189,high,0.3622,0.018015,0.078395,0.004,2025-01-19 04:48:22
3190,3190,low,0.03,0.001407,0.006303,0.0,2023-07-29 22:16:00
3191,3191,low,0.1201,0.004377,0.02289,0.0,2022-11-18 19:56:15
3192,3192,medium,0.1828,0.007516,0.040068,0.0015,2025-08-06 17:46:40
3193,3193,low,0.077,0.004571,0.01209,0.0,2023-01-13 20:26:24
3194,3194,low,0.01,0.000512,0.001172,0.0,2023-04-14 03:44:13
3195,3195,high,0.2742,0.009921,0.053988,0.004,2025-08-12 11:05:02
3196,3196,medium,0.1414,0.006934,0.017081,0.0015,2024-02-08 08:34:48
3197,3197,low,0.1094,0.005429,0.017679,0.0,2022-12-28 23:16:06
3198,3198,low,0.1217,0.005376,0.025333,0.0,2022-01-08 07:30:12
3199,3199,high,0.2777,0.011568,0.053908,0.004,2023-08-12 04:20:59
3200,3200,low,0.01,0.000354,0.001379,0.0,2025-09-10 20:24:03
3201,3201,medium,0.2402,0.01445,0.030745,0.0015,2023-08-15 16:21:07
3202,3202,medium,0.2027,0.013319,0.035071,0.0015,2024-08-14 22:56:31
3203,3203,medium,0.1748,0.007742,0.033343,0.0015,2022-12-13 03:38:12
3204,3204,low,0.0831,0.00399,0.015936,0.0,2024-11-27 00:55:22
3205,3205,medium,0.2367,0.016805,0.04543,0.0015,2024-11-27 06:46:22
3206,3206,low,0.0812,0.005978,0.008144,0.0,2024-04-12 03:44:00
3207,3207,low,0.0907,0.005229,0.016696,0.0,2024-11-21 21:21:27
3208,3208,low,0.1197,0.006103,0.021419,0.0,2024-03-02 19:54:07
3209,3209,high,0.2605,0.019394,0.038588,0.004,2023-06-02 12:56:13
3210,3210,medium,0.2042,0.007624,0.044898,0.0015,2024-10-06 10:04:31
3211,3211,low,0.1111,0.0052,0.017087,0.0,2025-02-16 10:50:59
3212,3212,low,0.01,0.00056,0.001084,0.0,2025-02-24 13:42:36
3213,3213,low,0.0312,0.001399,0.003341,0.0,2022-10-19 11:40:34
3214,3214,medium,0.2467,0.017742,0.037275,0.0015,2024-07-14 13:53:17
3215,3215,low,0.0593,0.00332,0.010305,0.0,2022-01-06 21:22:01
3216,3216,medium,0.1587,0.011203,0.034888,0.0015,2024-02-22 11:52:57
3217,3217,high,0.271,0.013069,0.041268,0.004,2024-02-21 08:34:00
3218,3218,medium,0.1751,0.007288,0.029559,0.0015,2023-05-13 06:16:58
3219,3219,low,0.0492,0.003528,0.009907,0.0,2025-09-21 21:33:41
3220,3220,low,0.0956,0.005173,0.017694,0.0,2025-04-22 21:22:23
3221,3221,medium,0.2416,0.016118,0.050566,0.0015,2022-02-22 20:46:11
3222,3222,medium,0.1884,0.008973,0.033302,0.0015,2022-10-13 16:29:30
3223,3223,medium,0.2465,0.009704,0.052384,0.0015,2022-10-12 12:59:33
3224,3224,low,0.1248,0.007532,0.022085,0.0,2025-05-12 20:39:11
3225,3225,low,0.1216,0.005538,0.014032,0.0,2023-12-11 21:00:19
3226,3226,low,0.01,0.000717,0.001412,0.0,2024-09-24 02:24:50
3227,3227,low,0.0691,0.003233,0.01076,0.0,2025-01-12 23:58:27
3228,3228,medium,0.1798,0.008352,0.035258,0.0015,2024-11-16 02:29:35
3229,3229,medium,0.164,0.010683,0.02224,0.0015,2022-05-02 19:25:37
3230,3230,low,0.0692,0.003467,0.011015,0.0,2022-07-11 23:28:32
3231,3231,high,0.2655,0.01081,0.033693,0.004,2023-06-25 16:20:38
3232,3232,medium,0.1767,0.007875,0.02561,0.0015,2023-04-08 21:37:54
3233,3233,low,0.1123,0.006908,0.015002,0.0,2024-10-18 23:59:33
3234,3234,medium,0.21,0.008389,0.044679,0.0015,2022-08-02 17:31:34
3235,3235,medium,0.2362,0.014845,0.049248,0.0015,2023-05-24 06:30:23
3236,3236,medium,0.1453,0.010594,0.027264,0.0015,2022-11-20 15:12:44
3237,3237,medium,0.227,0.009184,0.026036,0.0015,2022-09-16 07:52:38
3238,3238,medium,0.2257,0.010413,0.048099,0.0015,2022-08-25 09:29:46
3239,3239,medium,0.1911,0.009291,0.022702,0.0015,2022-09-25 10:31:08
3240,3240,medium,0.1324,0.007743,0.014107,0.0015,2024-02-12 01:30:06
3241,3241,low,0.0947,0.005766,0.009968,0.0,2023-07-15 22:43:18
3242,3242,medium,0.1862,0.013701,0.024879,0.0015,2023-08-19 11:22:51
3243,3243,high,0.2959,0.022001,0.035315,0.004,2023-10-18 20:13:17
3244,3244,medium,0.1411,0.006744,0.016998,0.0015,2024-10-10 18:28:53
3245,3245,low,0.1093,0.004728,0.014649,0.0,2025-03-24 23:05:27
3246,3246,low,0.1228,0.005522,0.025274,0.0,2023-12-22 03:55:57
3247,3247,low,0.0709,0.004211,0.014784,0.0,2024-05-28 14:25:53
3248,3248,medium,0.1336,0.006109,0.027883,0.0015,2024-10-07 08:21:09
3249,3249,medium,0.2082,0.014078,0.040367,0.0015,2024-08-02 11:16:37
3250,3250,medium,0.2092,0.011196,0.037486,0.0015,2022-07-03 16:06:58
3251,3251,medium,0.1608,0.005699,0.027452,0.0015,2025-09-06 17:26:05
3252,3252,medium,0.1484,0.009862,0.032535,0.0015,2022-08-14 11:04:06
3253,3253,medium,0.2347,0.012183,0.032268,0.0015,2023-07-18 09:38:37
3254,3254,medium,0.2389,0.017848,0.044935,0.0015,2024-06-11 18:14:38
3255,3255,low,0.1147,0.007513,0.012365,0.0,2023-07-06 18:55:54
3256,3256,low,0.1228,0.007048,0.013575,0.0,2022-11-29 14:28:56
3257,3257,medium,0.2479,0.009884,0.0422,0.0015,2025-06-17 03:19:39
3258,3258,medium,0.184,0.010274,0.037314,0.0015,2022-04-08 20:27:56
3259,3259,medium,0.1621,0.009653,0.033757,0.0015,2022-12-03 08:35:14
3260,3260,low,0.0939,0.006494,0.009695,0.0,2025-09-20 10:05:22
3261,3261,high,0.394,0.026578,0.052845,0.004,2024-09-25 09:17:38
3262,3262,low,0.0534,0.003868,0.010819,0.0,2022-04-29 23:36:30
3263,3263,medium,0.1587,0.010058,0.026354,0.0015,2024-10-29 06:08:42
3264,3264,medium,0.2409,0.013053,0.028875,0.0015,2025-08-19 06:57:06
3265,3265,low,0.125,0.006433,0.019349,0.0,2022-05-14 18:34:31
3266,3266,high,0.2708,0.014638,0.05271,0.004,2023-07-21 10:09:10
3267,3267,low,0.01,0.000471,0.001933,0.0,2023-10-03 12:58:24
3268,3268,medium,0.1719,0.006985,0.034913,0.0015,2022-06-29 05:24:28
3269,3269,low,0.01,0.000452,0.001026,0.0,2022-10-02 08:52:01
3270,3270,low,0.0387,0.002427,0.005303,0.0,2022-08-26 16:42:29
3271,3271,low,0.1004,0.003831,0.01369,0.0,2022-09-11 14:14:27
3272,3272,low,0.0628,0.003183,0.008238,0.0,2023-07-07 00:39:33
3273,3273,high,0.2926,0.012305,0.04459,0.004,2023-09-27 12:24:16
3274,3274,medium,0.1735,0.010853,0.025982,0.0015,2022-11-22 13:30:47
3275,3275,medium,0.191,0.009245,0.028272,0.0015,2023-01-31 22:33:22
3276,3276,medium,0.1677,0.009383,0.025539,0.0015,2022-09-20 23:31:05
3277,3277,low,0.0686,0.004696,0.009431,0.0,2024-12-25 00:15:23
3278,3278,medium,0.1631,0.009157,0.035524,0.0015,2022-10-17 16:18:44
3279,3279,low,0.1083,0.005083,0.018242,0.0,2025-05-26 14:29:01
3280,3280,medium,0.1831,0.010783,0.028503,0.0015,2024-01-08 03:42:13
3281,3281,medium,0.1559,0.011535,0.020073,0.0015,2025-01-03 02:55:22
3282,3282,medium,0.1519,0.008775,0.019853,0.0015,2024-05-20 14:06:07
3283,3283,high,0.2675,0.013053,0.051132,0.004,2022-12-30 22:19:32
3284,3284,medium,0.1929,0.012696,0.028909,0.0015,2024-04-02 15:55:24
3285,3285,high,0.3442,0.020579,0.047876,0.004,2023-01-11 00:22:49
3286,3286,medium,0.154,0.011347,0.018836,0.0015,2022-06-12 04:34:43
3287,3287,high,0.2511,0.010369,0.055057,0.004,2022-12-15 11:14:28
3288,3288,high,0.2885,0.021498,0.041378,0.004,2023-01-13 01:49:43
3289,3289,low,0.123,0.007741,0.015144,0.0,2022-07-04 17:34:14
3290,3290,low,0.109,0.006493,0.020552,0.0,2022-02-02 07:08:32
3291,3291,low,0.1255,0.008214,0.026158,0.0,2025-07-15 02:47:16
3292,3292,high,0.287,0.011777,0.054752,0.004,2023-12-04 08:40:23
3293,3293,medium,0.1808,0.00818,0.026152,0.0015,2023-07-05 00:01:59
3294,3294,low,0.1252,0.004979,0.023536,0.0,2025-06-26 04:11:40
3295,3295,medium,0.1944,0.01063,0.026877,0.0015,2022-11-04 09:00:17
3296,3296,high,0.2693,0.014952,0.042691,0.004,2023-07-06 03:02:56
3297,3297,medium,0.1523,0.010826,0.017099,0.0015,2025-03-04 05:54:14
3298,3298,medium,0.2389,0.012587,0.032068,0.0015,2024-05-14 14:52:22
3299,3299,medium,0.1907,0.012162,0.030705,0.0015,2023-07-01 02:22:48
3300,3300,medium,0.2039,0.010429,0.022182,0.0015,2022-12-16 23:20:15
3301,3301,high,0.3001,0.020083,0.056446,0.004,2022-02-18 00:57:18
3302,3302,medium,0.204,0.00809,0.030506,0.0015,2022-04-27 08:26:41
3303,3303,medium,0.1404,0.005496,0.022969,0.0015,2022-08-10 12:51:56
3304,3304,low,0.0836,0.004004,0.012972,0.0,2024-12-12 02:17:20
3305,3305,medium,0.1475,0.01104,0.02734,0.0015,2024-05-24 11:52:01
3306,3306,low,0.0666,0.003754,0.011744,0.0,2023-08-16 23:37:07
3307,3307,medium,0.2386,0.014569,0.044047,0.0015,2024-12-07 00:20:45
3308,3308,medium,0.2477,0.009641,0.031671,0.0015,2022-08-08 22:46:03
3309,3309,high,0.2881,0.014575,0.050515,0.004,2022-10-16 13:23:52
3310,3310,low,0.1161,0.00839,0.018875,0.0,2023-06-22 06:05:16
3311,3311,low,0.1122,0.006482,0.012218,0.0,2025-06-08 23:55:55
3312,3312,medium,0.1682,0.006273,0.017943,0.0015,2024-04-20 06:28:18
3313,3313,medium,0.2203,0.015199,0.037383,0.0015,2025-03-10 03:56:14
3314,3314,medium,0.1838,0.007217,0.031269,0.0015,2022-12-06 11:39:06
3315,3315,high,0.2604,0.015555,0.050177,0.004,2025-03-06 14:02:12
3316,3316,medium,0.1323,0.005435,0.025381,0.0015,2022-04-10 03:39:20
3317,3317,high,0.2993,0.020918,0.046294,0.004,2022-11-08 10:34:14
3318,3318,medium,0.1546,0.011428,0.023414,0.0015,2023-12-17 11:58:12
3319,3319,high,0.3279,0.014871,0.048073,0.004,2022-03-11 03:11:51
3320,3320,low,0.1131,0.007791,0.024095,0.0,2025-03-20 02:27:23
3321,3321,medium,0.1644,0.011711,0.030036,0.0015,2025-04-01 15:14:58
3322,3322,medium,0.1964,0.012836,0.027857,0.0015,2024-01-11 17:26:06
3323,3323,low,0.1059,0.006996,0.019529,0.0,2023-02-23 08:01:59
3324,3324,high,0.2953,0.018617,0.04866,0.004,2022-05-16 09:11:00
3325,3325,low,0.0667,0.002519,0.011272,0.0,2024-04-26 16:15:45
3326,3326,low,0.084,0.004133,0.017611,0.0,2024-01-06 12:49:48
3327,3327,medium,0.2176,0.010288,0.037588,0.0015,2024-11-05 15:13:57
3328,3328,low,0.128,0.005547,0.02671,0.0,2024-04-04 06:25:25
3329,3329,low,0.1218,0.006502,0.01992,0.0,2022-06-25 12:07:27
3330,3330,low,0.11,0.004998,0.021119,0.0,2022-06-16 13:46:54
3331,3331,medium,0.1676,0.009392,0.027382,0.0015,2024-12-04 04:29:05
3332,3332,medium,0.1831,0.009931,0.030742,0.0015,2025-07-07 21:12:29
3333,3333,low,0.0683,0.002413,0.010361,0.0,2022-05-25 22:27:49
3334,3334,low,0.1087,0.004376,0.019453,0.0,2024-09-23 10:00:24
3335,3335,medium,0.1686,0.009861,0.018232,0.0015,2025-08-27 02:46:59
3336,3336,medium,0.1867,0.013844,0.03397,0.0015,2023-08-27 14:13:30
3337,3337,high,0.2869,0.016653,0.046666,0.004,2022-03-19 14:02:23
3338,3338,medium,0.1321,0.00954,0.024706,0.0015,2025-04-14 07:05:47
3339,3339,low,0.0358,0.002671,0.003622,0.0,2022-09-14 05:39:42
3340,3340,medium,0.1602,0.009991,0.021618,0.0015,2023-12-23 13:29:20
3341,3341,medium,0.2045,0.011983,0.034372,0.0015,2025-09-08 20:16:57
3342,3342,low,0.1298,0.007552,0.020206,0.0,2024-10-15 20:19:08
3343,3343,low,0.0491,0.002115,0.005555,0.0,2022-03-05 08:40:03
3344,3344,high,0.2607,0.010858,0.027751,0.004,2025-01-27 10:51:04
3345,3345,medium,0.15,0.007042,0.02227,0.0015,2022-08-09 13:53:36
3346,3346,high,0.2712,0.013078,0.040662,0.004,2024-10-22 02:45:11
3347,3347,low,0.062,0.002858,0.009025,0.0,2024-04-29 11:12:17
3348,3348,medium,0.1757,0.0075,0.037366,0.0015,2023-01-29 18:51:04
3349,3349,low,0.1079,0.007032,0.013457,0.0,2023-08-03 11:56:35
3350,3350,low,0.0767,0.00383,0.014261,0.0,2022-06-11 05:03:03
3351,3351,low,0.1167,0.006802,0.014217,0.0,2025-09-11 22:05:55
3352,3352,high,0.2521,0.012834,0.026562,0.004,2022-11-23 01:07:50
3353,3353,medium,0.1386,0.007288,0.024196,0.0015,2023-02-27 06:31:35
3354,3354,low,0.1064,0.005539,0.021415,0.0,2023-11-19 22:23:23
3355,3355,high,0.2567,0.014897,0.035846,0.004,2024-07-08 19:35:41
3356,3356,medium,0.1779,0.007873,0.029377,0.0015,2023-11-23 05:15:06
3357,3357,low,0.1132,0.008416,0.019886,0.0,2023-11-23 00:43:42
3358,3358,medium,0.208,0.012282,0.037495,0.0015,2024-03-08 01:22:45
3359,3359,low,0.1153,0.007242,0.019885,0.0,2025-03-19 07:53:28
3360,3360,medium,0.1708,0.008338,0.035452,0.0015,2023-06-25 11:59:00
3361,3361,medium,0.1799,0.01249,0.021945,0.0015,2025-02-12 08:30:21
3362,3362,medium,0.1304,0.006479,0.024642,0.0015,2024-12-12 11:13:04
3363,3363,medium,0.1997,0.013652,0.042672,0.0015,2025-08-07 15:45:40
3364,3364,medium,0.2074,0.00914,0.029438,0.0015,2025-06-03 04:39:50
3365,3365,medium,0.1329,0.009099,0.025708,0.0015,2024-12-27 21:50:59
3366,3366,low,0.0768,0.005612,0.013345,0.0,2022-12-04 12:28:37
3367,3367,medium,0.1352,0.005831,0.018004,0.0015,2024-11-25 05:44:05
3368,3368,medium,0.2286,0.008306,0.033964,0.0015,2024-10-04 13:31:48
3369,3369,high,0.3003,0.020406,0.061623,0.004,2023-02-01 00:54:47
3370,3370,medium,0.1608,0.009383,0.025363,0.0015,2024-07-16 11:10:18
3371,3371,medium,0.2287,0.01024,0.03091,0.0015,2022-12-13 01:29:22
3372,3372,low,0.0638,0.003601,0.014016,0.0,2023-12-17 14:06:26
3373,3373,low,0.0338,0.002511,0.0046,0.0,2024-12-25 22:53:11
3374,3374,low,0.1255,0.009123,0.013189,0.0,2022-09-15 21:49:28
3375,3375,medium,0.1722,0.008145,0.021337,0.0015,2023-04-06 22:50:05
3376,3376,medium,0.1825,0.011413,0.039404,0.0015,2024-12-23 21:03:55
3377,3377,low,0.0973,0.005395,0.013366,0.0,2023-09-13 18:53:10
3378,3378,medium,0.1634,0.007591,0.033218,0.0015,2025-08-07 03:16:55
3379,3379,low,0.0967,0.003937,0.019783,0.0,2022-01-11 21:21:26
3380,3380,medium,0.1796,0.007197,0.018421,0.0015,2024-09-14 11:19:49
3381,3381,medium,0.1797,0.006464,0.033808,0.0015,2025-01-18 19:45:25
3382,3382,high,0.3117,0.018872,0.051496,0.004,2025-06-09 15:10:45
3383,3383,high,0.2713,0.012437,0.047477,0.004,2022-08-03 10:33:27
3384,3384,low,0.0628,0.00367,0.009576,0.0,2025-09-08 08:46:14
3385,3385,low,0.0829,0.005407,0.009535,0.0,2023-06-21 15:16:35
3386,3386,low,0.1196,0.00421,0.013951,0.0,2023-04-27 14:31:39
3387,3387,low,0.0751,0.00396,0.007744,0.0,2023-05-02 09:09:47
3388,3388,medium,0.228,0.010458,0.029953,0.0015,2024-05-23 02:09:20
3389,3389,low,0.1269,0.007554,0.022662,0.0,2024-06-20 21:55:22
3390,3390,low,0.1087,0.004428,0.014539,0.0,2023-10-11 08:09:34
3391,3391,low,0.0629,0.003638,0.009158,0.0,2022-04-08 04:15:42
3392,3392,medium,0.2018,0.011791,0.034426,0.0015,2025-09-11 16:59:42
3393,3393,low,0.1267,0.007678,0.022333,0.0,2022-10-31 20:04:20
3394,3394,medium,0.2148,0.008388,0.043673,0.0015,2022-05-09 07:53:54
3395,3395,low,0.0817,0.006063,0.01171,0.0,2024-03-28 05:15:50
3396,3396,medium,0.1351,0.007089,0.025336,0.0015,2023-07-19 03:05:35
3397,3397,low,0.1257,0.006705,0.017772,0.0,2024-04-22 02:18:09
3398,3398,low,0.0611,0.003892,0.011317,0.0,2025-04-12 17:41:52
3399,3399,high,0.2589,0.018631,0.054823,0.004,2022-05-14 03:21:43
3400,3400,low,0.0815,0.005083,0.011435,0.0,2023-01-24 13:58:21
3401,3401,medium,0.1945,0.011997,0.031016,0.0015,2023-12-08 16:04:33
3402,3402,low,0.0383,0.002408,0.004978,0.0,2024-12-13 16:48:53
3403,3403,medium,0.1422,0.008839,0.023141,0.0015,2024-04-01 16:18:40
3404,3404,medium,0.1772,0.010031,0.02872,0.0015,2023-06-08 15:32:12
3405,3405,medium,0.1635,0.009094,0.032289,0.0015,2024-04-14 13:31:53
3406,3406,low,0.0522,0.002819,0.010106,0.0,2025-09-02 14:39:19
3407,3407,high,0.295,0.019321,0.044162,0.004,2023-10-19 17:07:09
3408,3408,low,0.1033,0.005545,0.012455,0.0,2025-04-23 16:03:05
3409,3409,high,0.294,0.011906,0.038332,0.004,2024-12-02 23:31:23
3410,3410,medium,0.1399,0.007632,0.022421,0.0015,2023-02-17 04:56:59
3411,3411,low,0.0447,0.002703,0.009674,0.0,2022-12-08 07:41:08
3412,3412,medium,0.2497,0.014382,0.045315,0.0015,2024-11-19 14:58:49
3413,3413,medium,0.1806,0.010783,0.02386,0.0015,2022-10-11 19:58:25
3414,3414,low,0.0253,0.001274,0.00555,0.0,2023-04-06 19:40:26
3415,3415,medium,0.1727,0.007252,0.034584,0.0015,2022-11-19 00:33:01
3416,3416,medium,0.1515,0.009671,0.023202,0.0015,2024-04-09 12:06:17
3417,3417,high,0.2739,0.009999,0.049878,0.004,2023-02-07 09:11:48
3418,3418,medium,0.2196,0.009926,0.025001,0.0015,2024-06-19 19:14:26
3419,3419,medium,0.1735,0.012542,0.037813,0.0015,2025-07-02 20:48:18
3420,3420,low,0.0675,0.003356,0.008053,0.0,2025-02-08 21:16:35
3421,3421,low,0.0874,0.004226,0.01768,0.0,2025-07-20 19:13:21
3422,3422,medium,0.1873,0.007491,0.029444,0.0015,2023-09-16 01:30:28
3423,3423,low,0.0982,0.004422,0.018641,0.0,2022-10-29 04:13:25
3424,3424,medium,0.1948,0.009463,0.027174,0.0015,2025-06-09 15:27:26
3425,3425,medium,0.1809,0.008355,0.029137,0.0015,2024-08-31 21:41:07
3426,3426,low,0.1115,0.005012,0.01912,0.0,2023-03-15 01:29:47
3427,3427,medium,0.1348,0.009733,0.020157,0.0015,2024-02-10 21:35:41
3428,3428,low,0.01,0.000574,0.001559,0.0,2024-04-08 05:32:56
3429,3429,high,0.3107,0.011491,0.067459,0.004,2023-11-09 23:42:21
3430,3430,medium,0.1513,0.010934,0.023371,0.0015,2023-10-11 21:55:54
3431,3431,high,0.2802,0.018878,0.033425,0.004,2022-03-17 12:39:11
3432,3432,high,0.2956,0.011532,0.046812,0.004,2023-09-11 23:13:38
3433,3433,medium,0.2343,0.010405,0.048879,0.0015,2023-04-22 10:35:37
3434,3434,medium,0.2265,0.00967,0.029517,0.0015,2025-01-24 08:47:45
3435,3435,high,0.2838,0.01777,0.038775,0.004,2025-03-29 10:58:14
3436,3436,low,0.1083,0.006397,0.014333,0.0,2024-10-23 13:39:21
3437,3437,low,0.0191,0.001252,0.002759,0.0,2022-02-12 06:16:25
3438,3438,low,0.0814,0.004499,0.012748,0.0,2025-02-24 19:09:53
3439,3439,low,0.1012,0.004766,0.014187,0.0,2023-06-27 07:47:40
3440,3440,medium,0.246,0.010996,0.030102,0.0015,2023-07-24 14:13:22
3441,3441,medium,0.1962,0.012078,0.027622,0.0015,2025-07-16 23:06:30
3442,3442,medium,0.2102,0.0105,0.031491,0.0015,2025-04-01 11:02:55
3443,3443,medium,0.1725,0.008803,0.027387,0.0015,2022-03-11 14:30:58
3444,3444,medium,0.1629,0.007073,0.029106,0.0015,2023-05-08 06:01:56
3445,3445,medium,0.2408,0.016005,0.045435,0.0015,2024-10-22 14:20:21
3446,3446,high,0.3171,0.018822,0.063139,0.004,2024-01-08 03:25:38
3447,3447,medium,0.2238,0.009814,0.02912,0.0015,2022-12-19 09:56:14
3448,3448,low,0.0579,0.002995,0.010073,0.0,2023-12-19 21:27:48
3449,3449,medium,0.1813,0.01146,0.022127,0.0015,2025-03-31 12:30:04
3450,3450,low,0.1096,0.006864,0.019109,0.0,2022-11-02 11:02:05
3451,3451,medium,0.1742,0.009235,0.036634,0.0015,2024-10-17 14:54:13
3452,3452,medium,0.1307,0.007998,0.026734,0.0015,2024-10-02 03:40:14
3453,3453,medium,0.1447,0.008665,0.025027,0.0015,2025-04-26 15:28:19
3454,3454,low,0.0856,0.00329,0.011405,0.0,2023-02-12 14:01:00
3455,3455,medium,0.1587,0.009258,0.018517,0.0015,2022-10-23 09:14:33
3456,3456,low,0.0412,0.001521,0.006318,0.0,2024-01-20 04:35:52
3457,3457,medium,0.1936,0.012965,0.028624,0.0015,2023-12-28 19:24:13
3458,3458,low,0.0765,0.005206,0.013839,0.0,2023-07-15 05:51:01
3459,3459,low,0.0908,0.003368,0.010239,0.0,2024-12-02 00:59:26
3460,3460,low,0.0966,0.004662,0.010198,0.0,2024-12-29 02:21:48
3461,3461,medium,0.2339,0.015509,0.043764,0.0015,2022-12-03 02:48:50
3462,3462,medium,0.1405,0.008647,0.024201,0.0015,2024-12-24 06:49:38
3463,3463,medium,0.1452,0.007325,0.020693,0.0015,2022-11-12 15:51:45
3464,3464,low,0.088,0.003999,0.016659,0.0,2023-07-12 15:25:57
3465,3465,medium,0.2131,0.009972,0.032642,0.0015,2022-02-07 04:26:37
3466,3466,low,0.0478,0.001906,0.009318,0.0,2023-04-11 15:48:56
3467,3467,medium,0.1763,0.01321,0.035356,0.0015,2025-08-04 05:58:26
3468,3468,medium,0.1821,0.011302,0.034517,0.0015,2023-08-29 10:12:32
3469,3469,low,0.0794,0.004523,0.016827,0.0,2024-08-29 07:16:27
3470,3470,medium,0.1794,0.013344,0.019485,0.0015,2022-05-28 15:27:05
3471,3471,low,0.0987,0.004919,0.011373,0.0,2024-05-19 10:43:03
3472,3472,medium,0.1487,0.010381,0.028985,0.0015,2023-05-24 07:33:28
3473,3473,low,0.0923,0.006522,0.017309,0.0,2024-10-14 18:50:05
3474,3474,medium,0.1565,0.006234,0.023646,0.0015,2025-06-23 12:43:32
3475,3475,low,0.0505,0.003769,0.008277,0.0,2023-12-29 05:54:55
3476,3476,low,0.0526,0.00342,0.00655,0.0,2022-05-21 16:02:22
3477,3477,medium,0.1599,0.007801,0.022533,0.0015,2023-10-14 08:25:32
3478,3478,medium,0.2333,0.01193,0.02551,0.0015,2022-06-18 09:54:30
3479,3479,low,0.0839,0.003173,0.008732,0.0,2023-09-07 23:02:33
3480,3480,low,0.0733,0.004866,0.013129,0.0,2022-03-25 15:34:44
3481,3481,medium,0.1569,0.007402,0.026842,0.0015,2024-05-26 02:54:00
3482,3482,low,0.1067,0.005194,0.019642,0.0,2023-03-01 16:42:49
3483,3483,medium,0.2104,0.011712,0.030766,0.0015,2022-10-03 16:47:46
3484,3484,high,0.2718,0.015012,0.053445,0.004,2022-01-24 16:06:37
3485,3485,medium,0.1587,0.006866,0.023043,0.0015,2025-04-29 20:44:35
3486,3486,high,0.2912,0.010324,0.039879,0.004,2025-02-19 06:48:48
3487,3487,medium,0.211,0.013409,0.036247,0.0015,2025-01-15 11:27:13
3488,3488,low,0.1131,0.005935,0.018709,0.0,2022-03-21 12:44:52
3489,3489,medium,0.1788,0.011398,0.033382,0.0015,2023-04-24 04:52:20
3490,3490,medium,0.2315,0.011695,0.035883,0.0015,2025-08-21 19:20:47
3491,3491,low,0.0984,0.004907,0.021023,0.0,2024-03-02 12:54:01
3492,3492,low,0.01,0.000713,0.001588,0.0,2022-06-25 18:45:54
3493,3493,low,0.1109,0.005072,0.011305,0.0,2022-07-12 22:12:29
3494,3494,low,0.0413,0.002077,0.006992,0.0,2022-12-26 22:28:42
3495,3495,medium,0.1419,0.006976,0.02717,0.0015,2025-08-23 04:04:19
3496,3496,low,0.0833,0.003565,0.013322,0.0,2022-08-21 00:41:42
3497,3497,high,0.2585,0.011143,0.035382,0.004,2025-05-20 03:46:21
3498,3498,medium,0.2387,0.017389,0.039638,0.0015,2024-07-16 12:32:11
3499,3499,medium,0.1395,0.005418,0.025258,0.0015,2025-06-15 03:44:20
3500,3500,medium,0.201,0.012752,0.035213,0.0015,2025-02-03 23:39:07
3501,3501,medium,0.2158,0.008537,0.032136,0.0015,2023-03-31 09:34:37
3502,3502,medium,0.1501,0.0062,0.021884,0.0015,2025-02-06 13:27:46
3503,3503,medium,0.1365,0.008776,0.026921,0.0015,2022-08-20 09:01:50
3504,3504,low,0.0378,0.002276,0.004968,0.0,2023-02-03 01:06:06
3505,3505,medium,0.1325,0.006512,0.019369,0.0015,2022-10-17 16:54:13
3506,3506,medium,0.1308,0.00586,0.023478,0.0015,2022-07-02 04:11:15
3507,3507,medium,0.1791,0.009264,0.026824,0.0015,2022-05-04 02:55:32
3508,3508,low,0.0555,0.003878,0.008189,0.0,2022-09-14 08:41:30
3509,3509,low,0.1036,0.006634,0.011914,0.0,2022-06-14 07:28:19
3510,3510,medium,0.1712,0.012139,0.027677,0.0015,2023-06-05 10:06:55
3511,3511,low,0.0606,0.002817,0.013244,0.0,2022-04-08 13:04:13
3512,3512,low,0.1051,0.005638,0.021314,0.0,2022-03-25 19:50:14
3513,3513,medium,0.183,0.011287,0.035509,0.0015,2025-09-16 01:52:15
3514,3514,low,0.1298,0.009065,0.020534,0.0,2022-04-30 23:10:48
3515,3515,medium,0.1779,0.010558,0.035344,0.0015,2022-04-12 07:27:42
3516,3516,medium,0.1691,0.00625,0.035441,0.0015,2022-02-11 04:26:36
3517,3517,medium,0.169,0.008931,0.021323,0.0015,2022-07-01 07:37:17
3518,3518,low,0.0636,0.004415,0.010149,0.0,2023-12-24 04:38:28
3519,3519,low,0.0981,0.00653,0.019901,0.0,2025-02-05 16:25:22
3520,3520,medium,0.1429,0.010469,0.028386,0.0015,2024-10-02 07:59:32
3521,3521,high,0.2814,0.018263,0.057974,0.004,2024-03-04 18:26:48
3522,3522,medium,0.1687,0.006993,0.036266,0.0015,2022-04-27 07:31:39
3523,3523,high,0.3638,0.015664,0.048912,0.004,2024-11-25 09:39:56
3524,3524,medium,0.2138,0.010437,0.036392,0.0015,2022-02-20 23:02:11
3525,3525,medium,0.1631,0.00646,0.01943,0.0015,2024-05-13 02:06:10
3526,3526,low,0.0734,0.004606,0.01197,0.0,2023-07-14 23:11:04
3527,3527,low,0.01,0.000493,0.001088,0.0,2025-04-21 19:34:18
3528,3528,low,0.1108,0.00475,0.016665,0.0,2023-02-25 16:55:34
3529,3529,medium,0.1779,0.007904,0.028903,0.0015,2024-05-23 10:09:57
3530,3530,medium,0.1403,0.010187,0.025744,0.0015,2023-08-25 21:54:58
3531,3531,medium,0.1872,0.012312,0.02354,0.0015,2023-12-16 06:24:39
3532,3532,medium,0.1327,0.00635,0.027243,0.0015,2025-07-08 06:36:49
3533,3533,low,0.075,0.004971,0.007746,0.0,2024-09-02 00:59:52
3534,3534,medium,0.2038,0.014632,0.035405,0.0015,2023-07-22 02:42:06
3535,3535,low,0.127,0.008356,0.026614,0.0,2023-09-05 00:47:55
3536,3536,medium,0.1448,0.007326,0.029515,0.0015,2024-08-21 20:29:15
3537,3537,high,0.3254,0.0137,0.053013,0.004,2023-04-19 09:58:02
3538,3538,medium,0.2016,0.01341,0.023621,0.0015,2022-08-18 15:06:33
3539,3539,low,0.0927,0.003451,0.010359,0.0,2023-10-02 17:57:55
3540,3540,medium,0.1912,0.008891,0.035452,0.0015,2022-04-04 07:57:57
3541,3541,low,0.048,0.001829,0.005519,0.0,2022-08-21 04:03:12
3542,3542,high,0.3338,0.014973,0.035768,0.004,2023-07-30 12:41:54
3543,3543,medium,0.1369,0.006515,0.021052,0.0015,2024-12-25 17:02:34
3544,3544,medium,0.1772,0.008784,0.021652,0.0015,2024-12-04 23:29:58
3545,3545,low,0.0803,0.003268,0.015806,0.0,2022-12-23 15:25:35
3546,3546,high,0.2646,0.015752,0.043662,0.004,2023-08-01 04:44:13
3547,3547,low,0.0887,0.006522,0.017979,0.0,2022-07-30 00:44:51
3548,3548,medium,0.196,0.007764,0.028759,0.0015,2024-10-30 04:10:35
3549,3549,medium,0.171,0.010849,0.036021,0.0015,2022-12-04 00:14:12
3550,3550,high,0.4105,0.017333,0.08919,0.004,2024-12-29 18:02:55
3551,3551,low,0.1192,0.007239,0.019824,0.0,2025-02-25 22:50:49
3552,3552,medium,0.174,0.007234,0.02131,0.0015,2024-07-31 16:02:32
3553,3553,medium,0.1724,0.012158,0.018348,0.0015,2023-03-28 17:10:08
3554,3554,low,0.0922,0.003314,0.019377,0.0,2025-07-27 13:54:45
3555,3555,low,0.0805,0.003518,0.012966,0.0,2024-07-27 12:23:21
3556,3556,high,0.2604,0.015936,0.032347,0.004,2024-06-02 12:12:11
3557,3557,low,0.0972,0.006023,0.01409,0.0,2025-03-17 13:38:27
3558,3558,low,0.0855,0.004558,0.018103,0.0,2025-04-20 20:23:48
3559,3559,low,0.0828,0.00371,0.017829,0.0,2022-04-17 08:30:46
3560,3560,medium,0.2024,0.012118,0.025245,0.0015,2025-04-20 22:58:03
3561,3561,medium,0.1553,0.011593,0.024942,0.0015,2024-11-12 13:16:52
3562,3562,medium,0.1398,0.00847,0.027504,0.0015,2022-10-10 12:31:42
3563,3563,low,0.1247,0.005254,0.023281,0.0,2023-02-25 21:16:21
3564,3564,medium,0.1363,0.009764,0.024347,0.0015,2024-10-26 15:30:11
3565,3565,medium,0.2179,0.013848,0.043448,0.0015,2022-10-24 08:08:43
3566,3566,low,0.1133,0.006681,0.022402,0.0,2023-09-11 21:41:16
3567,3567,high,0.2796,0.011766,0.048255,0.004,2024-07-31 10:00:44
3568,3568,medium,0.1718,0.008056,0.027312,0.0015,2024-06-08 20:52:23
3569,3569,medium,0.1692,0.009156,0.033546,0.0015,2025-05-29 14:26:33
3570,3570,medium,0.2194,0.012904,0.042038,0.0015,2022-06-02 13:58:53
3571,3571,medium,0.2357,0.011564,0.029114,0.0015,2023-02-08 14:04:14
3572,3572,medium,0.242,0.014741,0.038853,0.0015,2025-09-09 07:33:29
3573,3573,high,0.2713,0.011284,0.046404,0.004,2024-02-18 03:57:05
3574,3574,low,0.0843,0.005715,0.018194,0.0,2022-12-07 05:32:53
3575,3575,medium,0.2031,0.0085,0.031956,0.0015,2023-02-01 11:50:01
3576,3576,medium,0.1927,0.014112,0.02559,0.0015,2023-04-10 01:01:36
3577,3577,low,0.0766,0.004898,0.009415,0.0,2024-01-29 06:18:15
3578,3578,low,0.01,0.000658,0.002118,0.0,2023-01-25 06:05:26
3579,3579,low,0.0754,0.003631,0.012517,0.0,2024-04-30 16:58:27
3580,3580,low,0.0422,0.002003,0.005494,0.0,2023-09-02 03:01:06
3581,3581,low,0.1281,0.008657,0.019292,0.0,2024-04-14 22:31:53
3582,3582,low,0.0652,0.004459,0.006754,0.0,2022-08-01 04:56:16
3583,3583,medium,0.154,0.008996,0.015466,0.0015,2024-05-03 00:16:27
3584,3584,medium,0.2219,0.011182,0.03132,0.0015,2025-06-19 01:07:02
3585,3585,high,0.333,0.019106,0.06158,0.004,2022-07-04 18:56:23
3586,3586,medium,0.1596,0.010077,0.029987,0.0015,2023-03-24 22:36:58
3587,3587,medium,0.1426,0.009487,0.01434,0.0015,2024-08-06 18:19:14
3588,3588,medium,0.1353,0.007176,0.024629,0.0015,2024-04-24 14:37:21
3589,3589,low,0.1227,0.008191,0.02344,0.0,2024-07-12 01:24:13
3590,3590,medium,0.1615,0.009803,0.020639,0.0015,2024-02-05 11:37:24
3591,3591,medium,0.2324,0.015979,0.027512,0.0015,2024-07-22 18:43:59
3592,3592,medium,0.2188,0.014679,0.040425,0.0015,2024-04-13 15:24:22
3593,3593,medium,0.2413,0.012422,0.040562,0.0015,2022-04-12 07:53:03
3594,3594,high,0.2979,0.019591,0.043975,0.004,2024-10-24 18:08:24
3595,3595,medium,0.2499,0.014792,0.042339,0.0015,2023-09-04 06:36:46
3596,3596,high,0.3157,0.019426,0.062268,0.004,2022-03-12 09:13:56
3597,3597,medium,0.1456,0.00642,0.016184,0.0015,2023-07-14 13:26:29
3598,3598,low,0.0764,0.005041,0.012344,0.0,2023-08-19 07:49:10
3599,3599,medium,0.154,0.006101,0.020508,0.0015,2022-04-29 14:54:41
3600,3600,low,0.0923,0.003949,0.012381,0.0,2025-09-24 15:34:13
3601,3601,high,0.3157,0.015478,0.060869,0.004,2022-11-01 04:47:01
3602,3602,low,0.088,0.005758,0.015655,0.0,2023-03-29 08:09:26
3603,3603,medium,0.1702,0.008785,0.03515,0.0015,2023-08-27 05:41:06
3604,3604,medium,0.1618,0.009662,0.023284,0.0015,2025-02-12 20:50:27
3605,3605,low,0.102,0.007314,0.016385,0.0,2024-10-13 07:05:59
3606,3606,low,0.078,0.004954,0.009152,0.0,2024-11-20 16:15:34
3607,3607,medium,0.1557,0.01063,0.031505,0.0015,2022-11-21 07:13:19
3608,3608,high,0.2699,0.010885,0.047021,0.004,2025-03-02 13:18:32
3609,3609,low,0.1261,0.00472,0.02639,0.0,2025-02-09 02:20:56
3610,3610,medium,0.1923,0.008593,0.033823,0.0015,2023-09-27 13:25:12
3611,3611,medium,0.1907,0.013515,0.022134,0.0015,2024-01-17 15:38:57
3612,3612,high,0.2592,0.01664,0.043443,0.004,2022-02-20 19:22:52
3613,3613,medium,0.1347,0.006769,0.028825,0.0015,2024-11-06 06:09:53
3614,3614,low,0.01,0.000714,0.001201,0.0,2025-08-07 13:00:35
3615,3615,low,0.0799,0.004891,0.011135,0.0,2023-10-09 10:57:28
3616,3616,medium,0.1711,0.011463,0.030365,0.0015,2024-01-10 09:44:30
3617,3617,medium,0.1884,0.007258,0.031724,0.0015,2023-11-14 21:32:41
3618,3618,low,0.1065,0.00727,0.012988,0.0,2022-04-24 01:23:43
3619,3619,medium,0.1706,0.009311,0.020351,0.0015,2024-04-27 18:37:37
3620,3620,medium,0.1514,0.005813,0.017814,0.0015,2024-09-13 22:30:16
3621,3621,medium,0.1321,0.004829,0.021703,0.0015,2025-06-23 11:07:51
3622,3622,medium,0.2098,0.012094,0.043935,0.0015,2025-06-25 22:43:54
3623,3623,high,0.3278,0.019172,0.052521,0.004,2023-11-04 19:11:26
3624,3624,high,0.3042,0.012852,0.045382,0.004,2025-08-04 21:21:06
3625,3625,high,0.3211,0.015179,0.040173,0.004,2023-12-25 04:53:03
3626,3626,medium,0.1656,0.008408,0.034166,0.0015,2024-05-28 07:35:50
3627,3627,high,0.2896,0.010262,0.063254,0.004,2024-04-03 12:45:51
3628,3628,low,0.1036,0.007645,0.019186,0.0,2025-09-28 04:43:45
3629,3629,low,0.1125,0.007673,0.018215,0.0,2024-10-05 22:05:49
3630,3630,medium,0.1682,0.007569,0.035246,0.0015,2022-06-14 03:59:37
3631,3631,medium,0.19,0.013069,0.030975,0.0015,2022-04-09 06:59:24
3632,3632,low,0.0989,0.005869,0.013982,0.0,2023-07-15 17:12:18
3633,3633,low,0.1009,0.004255,0.012359,0.0,2023-12-07 11:02:59
3634,3634,medium,0.1483,0.009877,0.017284,0.0015,2024-07-03 16:14:55
3635,3635,medium,0.2065,0.008022,0.031773,0.0015,2023-10-21 19:36:54
3636,3636,medium,0.1805,0.009376,0.02648,0.0015,2023-12-06 00:41:12
3637,3637,low,0.1007,0.006566,0.012578,0.0,2025-06-14 20:45:41
3638,3638,medium,0.2035,0.014427,0.032764,0.0015,2023-04-04 02:44:13
3639,3639,medium,0.2445,0.011368,0.045838,0.0015,2023-11-07 02:48:28
3640,3640,low,0.0191,0.001129,0.003319,0.0,2024-02-02 12:04:19
3641,3641,medium,0.2115,0.014527,0.040774,0.0015,2023-10-03 15:53:59
3642,3642,medium,0.2264,0.015764,0.044626,0.0015,2025-08-17 09:19:26
3643,3643,medium,0.1505,0.005288,0.017507,0.0015,2025-08-09 06:57:00
3644,3644,low,0.039,0.001512,0.008535,0.0,2023-12-03 22:47:19
3645,3645,medium,0.2303,0.009804,0.027556,0.0015,2023-09-09 09:19:35
3646,3646,medium,0.173,0.006142,0.032626,0.0015,2024-03-16 17:01:34
3647,3647,high,0.3628,0.025672,0.061062,0.004,2022-09-05 10:47:51
3648,3648,medium,0.1395,0.005254,0.022632,0.0015,2023-08-06 17:48:23
3649,3649,medium,0.2492,0.017844,0.051885,0.0015,2022-10-24 17:47:24
3650,3650,medium,0.1334,0.006303,0.025985,0.0015,2022-07-17 01:27:25
3651,3651,low,0.1041,0.003952,0.011116,0.0,2022-05-11 05:11:50
3652,3652,medium,0.1328,0.006657,0.023285,0.0015,2024-03-14 02:35:56
3653,3653,low,0.1273,0.008164,0.020289,0.0,2022-01-01 18:39:10
3654,3654,low,0.0747,0.003017,0.011173,0.0,2024-06-02 23:08:39
3655,3655,low,0.1119,0.008186,0.011642,0.0,2023-08-14 21:38:23
3656,3656,medium,0.154,0.006479,0.031627,0.0015,2023-05-17 08:21:38
3657,3657,low,0.107,0.00759,0.014897,0.0,2024-11-18 07:46:20
3658,3658,high,0.2548,0.009065,0.056037,0.004,2024-01-08 00:14:00
3659,3659,low,0.1206,0.007771,0.023852,0.0,2024-09-30 09:10:12
3660,3660,low,0.1006,0.005478,0.019755,0.0,2024-08-28 13:27:49
3661,3661,medium,0.2348,0.015426,0.040168,0.0015,2022-02-13 23:31:07
3662,3662,medium,0.1347,0.008255,0.026881,0.0015,2022-10-22 19:02:36
3663,3663,medium,0.1756,0.007518,0.022849,0.0015,2024-02-19 17:40:43
3664,3664,high,0.2698,0.009974,0.046159,0.004,2025-08-27 13:07:42
3665,3665,medium,0.2088,0.010687,0.035503,0.0015,2022-07-31 01:25:24
3666,3666,medium,0.1446,0.008414,0.021943,0.0015,2022-05-25 09:41:02
3667,3667,medium,0.1476,0.010184,0.024801,0.0015,2025-07-11 09:24:59
3668,3668,high,0.2648,0.011771,0.0505,0.004,2025-08-15 14:02:31
3669,3669,low,0.1248,0.005873,0.015283,0.0,2022-08-17 22:55:39
3670,3670,medium,0.1855,0.009016,0.040287,0.0015,2023-07-04 12:52:23
3671,3671,medium,0.1624,0.010389,0.02538,0.0015,2024-05-07 05:49:07
3672,3672,high,0.2584,0.010342,0.047318,0.004,2022-09-25 01:43:16
3673,3673,medium,0.1603,0.008959,0.033479,0.0015,2023-03-23 07:03:28
3674,3674,low,0.01,0.000586,0.002162,0.0,2023-06-25 18:07:06
3675,3675,medium,0.2083,0.011636,0.035492,0.0015,2024-05-27 15:44:29
3676,3676,low,0.1143,0.006489,0.024589,0.0,2023-02-26 10:22:02
3677,3677,high,0.3309,0.017327,0.055959,0.004,2023-07-18 23:16:27
3678,3678,low,0.0947,0.007053,0.012375,0.0,2023-02-01 03:35:33
3679,3679,medium,0.1838,0.009744,0.030537,0.0015,2024-11-05 04:36:02
3680,3680,low,0.0336,0.002301,0.003837,0.0,2022-07-29 08:26:32
3681,3681,medium,0.2341,0.013387,0.043809,0.0015,2022-11-12 13:39:25
3682,3682,medium,0.1836,0.010913,0.02352,0.0015,2022-12-08 23:39:25
3683,3683,low,0.0325,0.002196,0.004875,0.0,2025-05-24 02:57:29
3684,3684,low,0.1279,0.009502,0.018574,0.0,2025-07-16 01:02:46
3685,3685,medium,0.1329,0.005402,0.017051,0.0015,2023-11-16 06:52:59
3686,3686,medium,0.1785,0.010397,0.03327,0.0015,2022-08-02 22:56:08
3687,3687,medium,0.1767,0.007472,0.024428,0.0015,2024-10-31 08:03:00
3688,3688,low,0.0955,0.003525,0.020343,0.0,2023-11-05 04:19:21
3689,3689,medium,0.1725,0.012233,0.017384,0.0015,2025-03-08 10:20:29
3690,3690,medium,0.1825,0.013642,0.028183,0.0015,2023-05-08 11:20:23
3691,3691,medium,0.2427,0.015193,0.037787,0.0015,2025-09-28 09:32:27
3692,3692,low,0.0641,0.003282,0.010902,0.0,2025-01-08 23:32:05
3693,3693,medium,0.2314,0.015097,0.026469,0.0015,2022-11-03 08:35:02
3694,3694,medium,0.1533,0.011417,0.03116,0.0015,2024-09-19 13:07:07
3695,3695,medium,0.2313,0.016559,0.029299,0.0015,2023-01-28 11:15:06
3696,3696,low,0.1016,0.007063,0.014829,0.0,2023-04-24 12:22:14
3697,3697,medium,0.1714,0.009523,0.028745,0.0015,2022-12-09 14:13:08
3698,3698,medium,0.2365,0.010314,0.023782,0.0015,2024-07-22 06:38:08
3699,3699,medium,0.1595,0.006436,0.027872,0.0015,2022-12-26 14:35:29
3700,3700,medium,0.1738,0.006577,0.021616,0.0015,2024-05-23 21:03:11
3701,3701,medium,0.1735,0.008439,0.033182,0.0015,2024-03-07 18:49:32
3702,3702,medium,0.135,0.004942,0.01816,0.0015,2024-10-24 02:13:51
3703,3703,high,0.2867,0.017781,0.049355,0.004,2025-09-21 03:19:53
3704,3704,high,0.3516,0.023913,0.056251,0.004,2022-01-13 01:35:18
3705,3705,low,0.0864,0.005776,0.017767,0.0,2025-09-16 16:48:36
3706,3706,medium,0.1509,0.005794,0.021536,0.0015,2022-05-30 14:17:35
3707,3707,high,0.2599,0.011175,0.041654,0.004,2023-12-22 15:01:07
3708,3708,medium,0.1636,0.01206,0.026857,0.0015,2023-04-12 08:05:38
3709,3709,medium,0.1986,0.014871,0.022496,0.0015,2024-05-24 04:32:28
3710,3710,medium,0.2375,0.017548,0.039231,0.0015,2024-09-14 08:03:29
3711,3711,medium,0.1641,0.011801,0.026036,0.0015,2025-03-22 10:33:10
3712,3712,medium,0.184,0.007511,0.022178,0.0015,2023-07-04 21:47:39
3713,3713,medium,0.1436,0.009558,0.025065,0.0015,2025-06-30 06:04:16
3714,3714,medium,0.2357,0.010253,0.038037,0.0015,2023-03-18 02:11:45
3715,3715,low,0.1124,0.005093,0.01315,0.0,2022-10-06 21:09:07
3716,3716,medium,0.1875,0.010243,0.032877,0.0015,2023-06-03 15:39:53
3717,3717,high,0.2603,0.01747,0.040698,0.004,2023-12-25 01:04:55
3718,3718,medium,0.2218,0.011695,0.04628,0.0015,2024-07-03 01:01:21
3719,3719,low,0.0779,0.003429,0.012829,0.0,2025-02-13 07:42:22
3720,3720,high,0.2974,0.021231,0.038439,0.004,2022-11-04 14:30:32
3721,3721,low,0.1162,0.005397,0.021957,0.0,2023-02-19 18:43:50
3722,3722,low,0.1055,0.006954,0.015914,0.0,2025-07-08 02:43:01
3723,3723,medium,0.2252,0.014776,0.04508,0.0015,2023-08-25 15:48:37
3724,3724,high,0.2536,0.009798,0.039076,0.004,2022-11-27 11:15:17
3725,3725,low,0.1108,0.005854,0.013886,0.0,2025-09-10 07:54:43
3726,3726,medium,0.2131,0.00858,0.034051,0.0015,2023-09-07 04:37:37
3727,3727,medium,0.1802,0.011525,0.020258,0.0015,2025-09-09 13:03:11
3728,3728,low,0.0653,0.004226,0.009623,0.0,2025-06-11 14:58:44
3729,3729,medium,0.1832,0.008621,0.030752,0.0015,2025-05-24 13:17:55
3730,3730,low,0.0694,0.004323,0.012085,0.0,2024-03-06 22:55:21
3731,3731,medium,0.1635,0.00844,0.023729,0.0015,2024-12-28 06:39:21
3732,3732,medium,0.2102,0.012071,0.024962,0.0015,2025-08-07 00:57:07
3733,3733,medium,0.1699,0.010608,0.023523,0.0015,2023-01-04 04:05:33
3734,3734,medium,0.1573,0.010787,0.025338,0.0015,2022-02-21 15:20:42
3735,3735,medium,0.1677,0.009176,0.027757,0.0015,2023-03-15 22:08:58
3736,3736,medium,0.2451,0.015461,0.049247,0.0015,2024-05-21 06:38:55
3737,3737,low,0.0608,0.002804,0.006471,0.0,2024-01-19 16:23:24
3738,3738,medium,0.1448,0.007774,0.023803,0.0015,2022-04-21 05:45:20
3739,3739,low,0.1052,0.004048,0.012853,0.0,2024-02-07 03:26:33
3740,3740,medium,0.2386,0.012957,0.049164,0.0015,2022-08-27 13:51:15
3741,3741,medium,0.2487,0.012407,0.045339,0.0015,2023-11-23 12:40:06
3742,3742,medium,0.149,0.010708,0.019744,0.0015,2024-02-27 13:23:50
3743,3743,low,0.104,0.004729,0.017644,0.0,2024-05-20 23:09:31
3744,3744,medium,0.1575,0.011776,0.032103,0.0015,2023-07-19 08:59:58
3745,3745,low,0.0986,0.00428,0.011579,0.0,2023-07-13 14:03:41
3746,3746,low,0.1077,0.00635,0.014875,0.0,2024-07-17 06:55:04
3747,3747,low,0.0306,0.001471,0.004812,0.0,2024-10-21 20:53:09
3748,3748,medium,0.2146,0.015239,0.02787,0.0015,2023-04-02 07:06:40
3749,3749,low,0.0228,0.001239,0.002648,0.0,2023-08-04 03:16:19
3750,3750,medium,0.2138,0.009738,0.026286,0.0015,2023-03-29 08:47:13
3751,3751,low,0.0739,0.003086,0.01033,0.0,2023-12-23 16:19:17
3752,3752,medium,0.1321,0.008572,0.025256,0.0015,2022-06-24 01:04:57
3753,3753,medium,0.1802,0.012743,0.039275,0.0015,2023-08-12 08:45:41
3754,3754,high,0.2794,0.018349,0.035164,0.004,2022-09-16 03:47:57
3755,3755,medium,0.2049,0.01142,0.040478,0.0015,2023-12-30 07:59:29
3756,3756,low,0.0535,0.003844,0.008215,0.0,2025-03-09 12:18:05
3757,3757,low,0.064,0.003553,0.007307,0.0,2025-09-10 00:30:23
3758,3758,high,0.2802,0.012289,0.048135,0.004,2023-09-03 12:20:30
3759,3759,low,0.0337,0.001495,0.004955,0.0,2022-03-19 01:25:30
3760,3760,low,0.0753,0.004567,0.010307,0.0,2022-11-08 17:21:18
3761,3761,medium,0.2125,0.014359,0.03072,0.0015,2022-05-24 09:24:41
3762,3762,low,0.1002,0.006306,0.016168,0.0,2024-11-04 18:41:13
3763,3763,low,0.1095,0.004371,0.017506,0.0,2025-09-09 00:46:36
3764,3764,low,0.0283,0.001514,0.004177,0.0,2024-01-28 20:18:29
3765,3765,high,0.2681,0.010073,0.030278,0.004,2022-08-30 22:16:58
3766,3766,medium,0.2423,0.017401,0.039267,0.0015,2022-01-29 22:35:38
3767,3767,high,0.2524,0.009875,0.052452,0.004,2025-08-28 07:01:30
3768,3768,low,0.124,0.008864,0.018294,0.0,2023-03-09 18:46:45
3769,3769,low,0.1035,0.005104,0.017078,0.0,2022-06-03 05:32:19
3770,3770,medium,0.2039,0.011908,0.035919,0.0015,2022-08-31 03:18:37
3771,3771,low,0.0346,0.002184,0.005234,0.0,2022-12-16 04:31:40
3772,3772,high,0.2563,0.017516,0.050074,0.004,2024-06-16 05:37:03
3773,3773,low,0.0644,0.00409,0.006698,0.0,2025-05-04 23:01:48
3774,3774,low,0.0608,0.003357,0.006943,0.0,2023-01-12 05:49:08
3775,3775,low,0.0905,0.004113,0.009342,0.0,2024-07-29 03:29:45
3776,3776,low,0.1179,0.005075,0.025071,0.0,2022-03-30 20:19:57
3777,3777,low,0.0829,0.005162,0.009261,0.0,2022-01-14 19:42:06
3778,3778,medium,0.1916,0.009769,0.037786,0.0015,2022-03-17 03:37:32
3779,3779,medium,0.1396,0.008924,0.015562,0.0015,2025-06-16 20:09:10
3780,3780,low,0.0229,0.001515,0.003491,0.0,2024-03-06 19:16:14
3781,3781,low,0.1239,0.005577,0.02047,0.0,2025-01-06 11:20:02
3782,3782,high,0.4015,0.01445,0.078141,0.004,2022-01-30 17:13:28
3783,3783,low,0.0252,0.001386,0.002992,0.0,2022-01-31 09:57:45
3784,3784,medium,0.1784,0.008559,0.031757,0.0015,2025-03-07 03:32:33
3785,3785,medium,0.1488,0.005821,0.03038,0.0015,2022-05-21 08:54:56
3786,3786,low,0.1277,0.006671,0.027311,0.0,2022-08-01 13:59:53
3787,3787,medium,0.2017,0.010205,0.043967,0.0015,2023-12-11 22:00:16
3788,3788,low,0.0997,0.004391,0.021074,0.0,2024-04-09 18:47:09
3789,3789,low,0.0626,0.003014,0.008875,0.0,2022-11-10 02:45:16
3790,3790,medium,0.1739,0.006404,0.021495,0.0015,2023-09-01 07:59:50
3791,3791,low,0.1087,0.007992,0.01638,0.0,2024-07-12 05:22:29
3792,3792,medium,0.1773,0.011297,0.022273,0.0015,2023-08-29 19:42:04
3793,3793,high,0.2686,0.011366,0.056774,0.004,2023-06-08 11:16:22
3794,3794,medium,0.1373,0.007907,0.021298,0.0015,2022-04-09 05:14:37
3795,3795,low,0.1159,0.007106,0.0159,0.0,2023-09-11 03:58:07
3796,3796,medium,0.1414,0.00795,0.029759,0.0015,2025-01-03 03:57:42
3797,3797,low,0.087,0.005151,0.011819,0.0,2024-05-07 09:44:34
3798,3798,medium,0.1415,0.009869,0.022577,0.0015,2025-05-06 16:41:57
3799,3799,medium,0.2179,0.01539,0.033784,0.0015,2022-06-22 14:27:32
3800,3800,high,0.2588,0.00934,0.051909,0.004,2022-01-16 01:41:57
3801,3801,medium,0.1787,0.009933,0.028259,0.0015,2024-01-20 21:09:16
3802,3802,medium,0.1565,0.008344,0.022266,0.0015,2022-09-02 07:55:56
3803,3803,high,0.2774,0.010166,0.031876,0.004,2024-03-23 13:55:24
3804,3804,low,0.039,0.002783,0.00643,0.0,2025-05-21 12:58:56
3805,3805,low,0.0864,0.006449,0.015535,0.0,2023-04-07 04:53:15
3806,3806,medium,0.2404,0.015239,0.031497,0.0015,2024-01-22 16:58:27
3807,3807,medium,0.2108,0.009676,0.037878,0.0015,2024-07-21 13:26:01
3808,3808,high,0.266,0.010012,0.041351,0.004,2022-07-25 06:05:57
3809,3809,high,0.2555,0.01183,0.026885,0.004,2025-05-12 14:37:27
3810,3810,low,0.1086,0.006434,0.011433,0.0,2022-10-05 10:00:58
3811,3811,medium,0.1625,0.007552,0.017411,0.0015,2025-01-10 17:15:37
3812,3812,high,0.2605,0.016859,0.039029,0.004,2024-06-21 20:40:06
3813,3813,medium,0.2109,0.015662,0.041845,0.0015,2022-07-12 20:09:52
3814,3814,medium,0.1966,0.008557,0.02726,0.0015,2024-09-18 13:11:09
3815,3815,low,0.0656,0.004902,0.011512,0.0,2022-09-26 18:38:23
3816,3816,high,0.2629,0.014458,0.052946,0.004,2024-03-31 00:22:51
3817,3817,low,0.1265,0.006538,0.021144,0.0,2025-08-05 20:16:13
3818,3818,high,0.3309,0.014192,0.069762,0.004,2025-07-27 21:46:03
3819,3819,high,0.3179,0.012042,0.04347,0.004,2025-04-06 20:30:17
3820,3820,medium,0.1468,0.009512,0.023647,0.0015,2023-11-07 21:05:46
3821,3821,low,0.1248,0.007718,0.020636,0.0,2024-02-05 10:44:28
3822,3822,medium,0.1707,0.011208,0.020656,0.0015,2023-02-15 18:31:38
3823,3823,medium,0.1503,0.006563,0.024035,0.0015,2025-06-13 20:54:13
3824,3824,medium,0.1469,0.009534,0.026186,0.0015,2023-10-15 20:30:39
3825,3825,high,0.3208,0.019294,0.035914,0.004,2024-11-21 14:01:46
3826,3826,low,0.0449,0.002288,0.007956,0.0,2023-05-08 00:33:49
3827,3827,low,0.0906,0.003799,0.014776,0.0,2024-10-09 21:36:19
3828,3828,medium,0.2369,0.01459,0.034237,0.0015,2022-11-04 00:01:21
3829,3829,medium,0.1334,0.009525,0.019447,0.0015,2024-09-30 19:58:33
3830,3830,low,0.0502,0.003367,0.010177,0.0,2022-03-04 21:03:55
3831,3831,low,0.1236,0.009194,0.026642,0.0,2022-05-24 09:24:45
3832,3832,high,0.2816,0.011559,0.040117,0.004,2023-04-27 19:50:26
3833,3833,low,0.1129,0.006878,0.017504,0.0,2023-10-22 10:11:46
3834,3834,low,0.01,0.000492,0.001579,0.0,2024-08-31 04:59:30
3835,3835,low,0.1227,0.005986,0.021902,0.0,2023-05-07 04:24:19
3836,3836,medium,0.1555,0.007529,0.020045,0.0015,2022-01-26 05:20:59
3837,3837,low,0.1235,0.007592,0.017633,0.0,2023-03-22 03:19:37
3838,3838,medium,0.1845,0.012246,0.02154,0.0015,2023-08-24 19:06:32
3839,3839,low,0.0947,0.005405,0.009559,0.0,2024-01-14 19:24:45
3840,3840,medium,0.1752,0.011035,0.021457,0.0015,2024-05-31 00:06:59
3841,3841,low,0.0992,0.004872,0.010461,0.0,2022-12-05 19:16:29
3842,3842,medium,0.1788,0.009828,0.023078,0.0015,2024-04-15 00:47:15
3843,3843,medium,0.2371,0.009829,0.033967,0.0015,2024-05-14 00:16:52
3844,3844,medium,0.1857,0.006894,0.019999,0.0015,2024-11-28 10:55:17
3845,3845,low,0.0681,0.003625,0.014667,0.0,2023-12-16 03:56:32
3846,3846,medium,0.2351,0.017409,0.027313,0.0015,2025-01-13 18:58:59
3847,3847,medium,0.1812,0.01303,0.036737,0.0015,2022-10-31 03:41:40
3848,3848,medium,0.131,0.009286,0.024332,0.0015,2024-08-31 14:43:31
3849,3849,medium,0.1981,0.009823,0.038099,0.0015,2022-03-04 17:09:54
3850,3850,low,0.0954,0.006198,0.012077,0.0,2022-05-21 15:03:14
3851,3851,low,0.122,0.008842,0.025952,0.0,2025-03-28 22:30:44
3852,3852,medium,0.2326,0.008707,0.029691,0.0015,2023-10-12 19:56:12
3853,3853,low,0.1166,0.006162,0.011968,0.0,2024-04-29 07:36:28
3854,3854,medium,0.1312,0.006543,0.015544,0.0015,2024-04-05 11:01:27
3855,3855,medium,0.1771,0.012171,0.025161,0.0015,2024-08-08 13:42:18
3856,3856,medium,0.2435,0.014154,0.026707,0.0015,2022-12-02 22:25:27
3857,3857,medium,0.196,0.014684,0.038684,0.0015,2022-09-01 20:39:53
3858,3858,low,0.079,0.002944,0.013216,0.0,2022-02-28 05:03:40
3859,3859,medium,0.1774,0.008427,0.037457,0.0015,2025-03-29 00:03:43
3860,3860,medium,0.2275,0.012999,0.038794,0.0015,2022-11-02 20:55:02
3861,3861,low,0.0105,0.000459,0.001129,0.0,2024-02-26 19:58:28
3862,3862,medium,0.1639,0.012081,0.026931,0.0015,2023-09-15 07:05:34
3863,3863,low,0.1125,0.007059,0.01231,0.0,2022-08-11 02:29:35
3864,3864,low,0.1172,0.006946,0.024918,0.0,2023-07-21 06:09:36
3865,3865,medium,0.1431,0.005789,0.025579,0.0015,2022-04-24 19:41:12
3866,3866,high,0.3151,0.021002,0.044671,0.004,2022-08-30 16:19:49
3867,3867,low,0.0433,0.003196,0.007493,0.0,2022-07-11 02:25:54
3868,3868,medium,0.1588,0.010651,0.030207,0.0015,2025-02-01 19:12:39
3869,3869,low,0.117,0.006741,0.024892,0.0,2024-02-16 05:27:57
3870,3870,high,0.268,0.016713,0.046941,0.004,2025-06-20 08:08:40
3871,3871,high,0.267,0.015038,0.04833,0.004,2023-08-20 10:16:45
3872,3872,low,0.1112,0.004056,0.01647,0.0,2022-10-03 10:40:04
3873,3873,medium,0.24,0.016763,0.030475,0.0015,2024-04-12 13:06:23
3874,3874,low,0.0877,0.003889,0.012473,0.0,2025-06-25 15:44:16
3875,3875,high,0.312,0.014831,0.055971,0.004,2023-12-30 14:05:17
3876,3876,low,0.0778,0.005571,0.015919,0.0,2022-01-25 10:24:39
3877,3877,low,0.028,0.001819,0.00504,0.0,2023-02-20 08:33:56
3878,3878,medium,0.157,0.008954,0.033728,0.0015,2025-06-19 08:22:04
3879,3879,medium,0.1341,0.006059,0.024234,0.0015,2023-12-11 02:26:21
3880,3880,medium,0.16,0.010873,0.028083,0.0015,2025-07-26 05:43:33
3881,3881,medium,0.148,0.008345,0.015025,0.0015,2023-11-28 16:22:56
3882,3882,medium,0.2157,0.012264,0.037366,0.0015,2022-01-17 11:41:12
3883,3883,high,0.2991,0.01274,0.032519,0.004,2025-04-09 08:01:42
3884,3884,medium,0.1859,0.009771,0.030234,0.0015,2024-11-09 19:26:58
3885,3885,medium,0.1438,0.007086,0.024497,0.0015,2024-09-05 11:01:40
3886,3886,high,0.2941,0.013748,0.052219,0.004,2025-08-20 05:39:28
3887,3887,medium,0.154,0.008306,0.031495,0.0015,2022-09-26 09:26:39
3888,3888,medium,0.1591,0.010923,0.024947,0.0015,2025-05-24 06:34:53
3889,3889,medium,0.1653,0.007874,0.026059,0.0015,2022-11-15 05:29:44
3890,3890,low,0.1194,0.005352,0.019798,0.0,2025-08-20 22:21:21
3891,3891,low,0.0809,0.005683,0.011331,0.0,2022-09-19 21:03:39
3892,3892,medium,0.228,0.015029,0.030231,0.0015,2024-01-23 20:13:16
3893,3893,medium,0.1867,0.010759,0.02107,0.0015,2024-12-15 19:44:41
3894,3894,high,0.2972,0.018486,0.059667,0.004,2022-04-17 22:01:20
3895,3895,low,0.01,0.000384,0.00105,0.0,2022-04-02 06:04:11
3896,3896,low,0.0899,0.005799,0.019567,0.0,2025-03-08 12:16:44
3897,3897,low,0.0542,0.003829,0.0073,0.0,2022-03-24 15:55:49
3898,3898,low,0.0711,0.003833,0.013098,0.0,2024-04-19 17:12:33
3899,3899,low,0.0588,0.004038,0.011039,0.0,2025-07-07 11:38:23
3900,3900,medium,0.1371,0.00792,0.020242,0.0015,2024-04-20 23:02:12
3901,3901,medium,0.246,0.008965,0.036719,0.0015,2023-07-25 19:16:13
3902,3902,low,0.1178,0.004184,0.020234,0.0,2024-05-23 00:11:14
3903,3903,medium,0.212,0.008495,0.022967,0.0015,2024-02-22 06:42:56
3904,3904,low,0.1178,0.008665,0.01209,0.0,2023-11-18 10:00:51
3905,3905,medium,0.2319,0.016991,0.043293,0.0015,2022-07-30 02:19:52
3906,3906,medium,0.1386,0.005082,0.022501,0.0015,2024-06-25 12:41:27
3907,3907,medium,0.1892,0.009418,0.041593,0.0015,2024-10-09 00:07:46
3908,3908,high,0.3086,0.022487,0.041925,0.004,2024-08-27 17:07:25
3909,3909,medium,0.1796,0.010259,0.025997,0.0015,2022-04-13 14:58:05
3910,3910,medium,0.2254,0.015029,0.039708,0.0015,2024-08-19 13:00:30
3911,3911,medium,0.1712,0.00739,0.031243,0.0015,2024-09-25 08:09:43
3912,3912,medium,0.159,0.00622,0.023276,0.0015,2022-09-08 21:52:30
3913,3913,low,0.1057,0.005097,0.012118,0.0,2025-03-07 09:39:34
3914,3914,medium,0.1651,0.010351,0.017856,0.0015,2023-12-18 14:54:21
3915,3915,medium,0.2094,0.015115,0.02098,0.0015,2023-10-09 08:05:29
3916,3916,medium,0.1569,0.01039,0.022668,0.0015,2024-09-15 16:51:31
3917,3917,medium,0.1505,0.007732,0.020083,0.0015,2023-11-29 10:45:02
3918,3918,medium,0.2168,0.010822,0.022242,0.0015,2024-01-16 05:03:45
3919,3919,medium,0.2397,0.016734,0.042937,0.0015,2023-03-04 02:37:08
3920,3920,high,0.2727,0.015189,0.038884,0.004,2025-06-23 08:02:33
3921,3921,low,0.0898,0.004785,0.014858,0.0,2025-08-19 05:15:51
3922,3922,high,0.2706,0.012561,0.05511,0.004,2022-06-28 10:19:07
3923,3923,high,0.2754,0.017238,0.039556,0.004,2024-09-29 21:56:33
3924,3924,medium,0.1576,0.006473,0.019849,0.0015,2022-02-01 22:07:07
3925,3925,medium,0.1518,0.007667,0.020242,0.0015,2023-05-20 18:37:55
3926,3926,medium,0.1625,0.010578,0.017024,0.0015,2025-08-19 22:57:50
3927,3927,medium,0.2267,0.014053,0.028792,0.0015,2022-08-28 03:16:33
3928,3928,medium,0.1739,0.007013,0.036217,0.0015,2023-05-31 17:37:53
3929,3929,medium,0.182,0.008978,0.020953,0.0015,2022-10-28 09:14:13
3930,3930,medium,0.1485,0.007541,0.020742,0.0015,2024-09-23 04:55:28
3931,3931,medium,0.1313,0.005822,0.015155,0.0015,2023-09-27 15:29:47
3932,3932,low,0.064,0.002754,0.006855,0.0,2024-03-22 09:13:55
3933,3933,medium,0.1584,0.008771,0.023046,0.0015,2025-07-13 10:24:20
3934,3934,low,0.088,0.004258,0.017481,0.0,2023-12-14 19:09:38
3935,3935,medium,0.2115,0.012536,0.022116,0.0015,2024-10-01 07:29:34
3936,3936,high,0.2636,0.015987,0.048059,0.004,2022-05-14 22:31:23
3937,3937,medium,0.1893,0.013859,0.020062,0.0015,2022-10-22 10:52:57
3938,3938,high,0.2767,0.01622,0.051769,0.004,2025-07-19 07:18:12
3939,3939,medium,0.1775,0.012041,0.038309,0.0015,2025-03-21 21:06:40
3940,3940,high,0.2895,0.020675,0.038542,0.004,2024-06-17 07:59:41
3941,3941,low,0.039,0.002026,0.006035,0.0,2023-06-02 09:04:46
3942,3942,medium,0.1949,0.00818,0.032297,0.0015,2022-10-01 07:56:19
3943,3943,medium,0.1883,0.008695,0.023968,0.0015,2025-03-11 03:44:33
3944,3944,low,0.0926,0.005777,0.009775,0.0,2024-12-10 07:08:11
3945,3945,low,0.0421,0.002015,0.004552,0.0,2022-11-27 15:28:52
3946,3946,medium,0.185,0.007444,0.026719,0.0015,2024-03-17 21:21:24
3947,3947,medium,0.2268,0.009203,0.0283,0.0015,2024-04-26 07:51:54
3948,3948,medium,0.135,0.006531,0.021821,0.0015,2023-10-16 04:05:48
3949,3949,medium,0.2301,0.009386,0.024787,0.0015,2025-06-21 16:26:43
3950,3950,low,0.0555,0.003979,0.010121,0.0,2022-06-19 18:28:28
3951,3951,low,0.1243,0.004382,0.014707,0.0,2022-12-19 19:10:33
3952,3952,low,0.1017,0.004503,0.010578,0.0,2022-05-10 23:58:47
3953,3953,low,0.104,0.007507,0.013549,0.0,2024-08-05 22:09:56
3954,3954,low,0.0845,0.005687,0.015406,0.0,2024-05-31 00:07:35
3955,3955,medium,0.2178,0.015683,0.024777,0.0015,2025-09-12 15:26:52
3956,3956,low,0.0876,0.006142,0.016904,0.0,2024-01-12 21:16:11
3957,3957,medium,0.2161,0.011196,0.037859,0.0015,2022-07-26 00:26:34
3958,3958,medium,0.1341,0.005194,0.018363,0.0015,2023-09-09 19:20:40
3959,3959,medium,0.2471,0.016867,0.027386,0.0015,2022-05-01 22:25:26
3960,3960,low,0.01,0.0005,0.002092,0.0,2024-07-06 19:22:59
3961,3961,low,0.1036,0.004104,0.013259,0.0,2024-07-11 07:10:35
3962,3962,medium,0.1504,0.009916,0.026455,0.0015,2025-03-19 06:23:04
3963,3963,medium,0.2376,0.008558,0.043473,0.0015,2023-04-10 18:12:38
3964,3964,medium,0.1514,0.006619,0.024809,0.0015,2023-03-01 05:54:33
3965,3965,medium,0.2094,0.012823,0.035613,0.0015,2022-04-08 11:05:55
3966,3966,low,0.1234,0.005503,0.016724,0.0,2023-07-22 22:17:39
3967,3967,medium,0.1647,0.006202,0.028083,0.0015,2023-10-13 05:14:02
3968,3968,medium,0.1676,0.010441,0.033327,0.0015,2024-10-29 03:11:12
3969,3969,low,0.119,0.005611,0.023,0.0,2024-10-28 03:47:56
3970,3970,medium,0.2278,0.016328,0.028877,0.0015,2022-07-11 20:46:23
3971,3971,medium,0.1619,0.006076,0.031396,0.0015,2023-01-26 01:08:19
3972,3972,high,0.3667,0.017959,0.066591,0.004,2023-12-01 16:38:53
3973,3973,low,0.1137,0.008062,0.017319,0.0,2023-04-04 08:15:32
3974,3974,high,0.2706,0.010332,0.042845,0.004,2022-02-04 22:45:15
3975,3975,medium,0.2493,0.017461,0.040372,0.0015,2025-03-02 22:00:09
3976,3976,medium,0.1321,0.009047,0.025564,0.0015,2024-09-27 09:08:59
3977,3977,low,0.0932,0.003755,0.016163,0.0,2023-12-13 11:00:03
3978,3978,low,0.098,0.005618,0.01976,0.0,2023-03-11 07:49:47
3979,3979,low,0.0705,0.002802,0.013984,0.0,2025-02-26 20:34:33
3980,3980,medium,0.1715,0.012362,0.035953,0.0015,2022-02-18 06:21:10
3981,3981,medium,0.1558,0.0116,0.031944,0.0015,2023-09-03 15:51:35
3982,3982,low,0.1298,0.006346,0.013308,0.0,2024-12-31 17:08:37
3983,3983,low,0.0782,0.005744,0.011227,0.0,2025-07-27 16:04:49
3984,3984,medium,0.1671,0.007682,0.024202,0.0015,2022-12-10 22:32:33
3985,3985,medium,0.1483,0.008766,0.027056,0.0015,2024-06-09 06:53:16
3986,3986,medium,0.1477,0.006596,0.024819,0.0015,2022-09-17 11:44:22
3987,3987,medium,0.162,0.005808,0.03546,0.0015,2022-06-08 13:11:29
3988,3988,medium,0.1612,0.007903,0.028083,0.0015,2023-04-28 22:25:51
3989,3989,low,0.0755,0.003974,0.012684,0.0,2025-04-25 19:22:22
3990,3990,low,0.082,0.003503,0.016562,0.0,2024-08-01 04:51:46
3991,3991,medium,0.1469,0.008179,0.028622,0.0015,2023-11-01 07:33:17
3992,3992,medium,0.1437,0.010378,0.017136,0.0015,2023-01-22 21:29:39
3993,3993,medium,0.1881,0.012709,0.029732,0.0015,2022-07-13 18:17:26
3994,3994,medium,0.1556,0.008015,0.034082,0.0015,2023-01-06 09:45:11
3995,3995,medium,0.1445,0.007484,0.026729,0.0015,2022-07-28 21:07:20
3996,3996,medium,0.1928,0.013437,0.01982,0.0015,2022-09-13 22:23:53
3997,3997,medium,0.1868,0.010805,0.020064,0.0015,2024-07-29 13:06:50
3998,3998,low,0.1031,0.005334,0.019367,0.0,2022-07-01 12:45:32
3999,3999,medium,0.1314,0.006052,0.02533,0.0015,2022-03-06 19:20:02
4000,4000,medium,0.152,0.011023,0.030141,0.0015,2024-01-12 22:07:12
4001,4001,medium,0.1836,0.010008,0.024804,0.0015,2023-01-28 01:26:47
4002,4002,medium,0.1897,0.009116,0.037327,0.0015,2023-09-15 01:32:17
4003,4003,medium,0.1775,0.012599,0.03889,0.0015,2022-07-11 05:30:22
4004,4004,low,0.1108,0.00689,0.018734,0.0,2022-10-15 05:59:29
4005,4005,low,0.085,0.005982,0.014595,0.0,2024-08-01 22:49:10
4006,4006,high,0.257,0.012079,0.033226,0.004,2023-07-21 20:03:46
4007,4007,high,0.3426,0.025383,0.043125,0.004,2024-01-12 01:37:32
4008,4008,low,0.086,0.006012,0.008685,0.0,2023-12-15 22:14:49
4009,4009,low,0.0487,0.002947,0.006133,0.0,2023-01-03 19:13:31
4010,4010,medium,0.1954,0.014461,0.023098,0.0015,2023-01-18 13:01:11
4011,4011,high,0.3169,0.016661,0.056886,0.004,2023-08-06 09:22:16
4012,4012,medium,0.1777,0.009788,0.018645,0.0015,2022-02-13 20:03:18
4013,4013,low,0.0276,0.001625,0.005968,0.0,2024-07-26 14:53:24
4014,4014,low,0.1266,0.008385,0.026638,0.0,2024-04-20 11:31:28
4015,4015,low,0.0996,0.006279,0.013724,0.0,2023-02-23 18:57:30
4016,4016,medium,0.2088,0.014974,0.043737,0.0015,2023-05-27 05:54:34
4017,4017,medium,0.1451,0.007806,0.022839,0.0015,2023-03-26 15:54:21
4018,4018,low,0.1293,0.007462,0.026257,0.0,2024-06-10 00:37:50
4019,4019,medium,0.1605,0.008282,0.029299,0.0015,2024-11-05 07:08:00
4020,4020,high,0.3176,0.021144,0.035301,0.004,2022-05-29 15:45:14
4021,4021,medium,0.1532,0.009764,0.028439,0.0015,2023-07-20 10:05:11
4022,4022,low,0.0533,0.003899,0.009417,0.0,2022-01-19 20:20:17
4023,4023,low,0.0847,0.006243,0.016659,0.0,2023-09-11 16:16:09
4024,4024,medium,0.1411,0.008097,0.027075,0.0015,2022-12-06 15:59:48
4025,4025,high,0.3258,0.011903,0.061221,0.004,2023-04-05 09:05:49
4026,4026,medium,0.1798,0.010514,0.03192,0.0015,2023-09-17 13:21:42
4027,4027,high,0.2527,0.0154,0.051296,0.004,2023-03-19 20:30:00
4028,4028,low,0.0944,0.003557,0.018259,0.0,2023-06-24 02:10:15
4029,4029,low,0.1034,0.004366,0.019467,0.0,2024-11-12 04:57:06
4030,4030,medium,0.1432,0.009977,0.016422,0.0015,2025-01-13 11:51:12
4031,4031,high,0.3003,0.015699,0.065064,0.004,2022-01-09 00:30:03
4032,4032,low,0.067,0.004823,0.013752,0.0,2023-06-01 21:09:55
4033,4033,medium,0.233,0.011164,0.038274,0.0015,2025-03-04 12:58:07
4034,4034,medium,0.1616,0.011994,0.033611,0.0015,2023-12-27 15:26:41
4035,4035,medium,0.1621,0.010045,0.026681,0.0015,2022-10-08 19:46:09
4036,4036,medium,0.2298,0.014927,0.038153,0.0015,2024-03-22 22:18:14
4037,4037,high,0.2798,0.016505,0.056266,0.004,2022-07-18 06:18:21
4038,4038,medium,0.2285,0.012965,0.033454,0.0015,2022-01-30 20:46:05
4039,4039,low,0.1209,0.007747,0.022528,0.0,2024-05-15 03:47:47
4040,4040,low,0.01,0.00043,0.001964,0.0,2023-12-06 16:51:32
4041,4041,medium,0.1404,0.007652,0.029196,0.0015,2024-10-31 21:27:27
4042,4042,high,0.2826,0.020632,0.049504,0.004,2023-04-17 17:29:59
4043,4043,high,0.315,0.022294,0.0424,0.004,2025-03-14 15:49:33
4044,4044,low,0.1063,0.007679,0.020603,0.0,2023-07-31 07:28:08
4045,4045,medium,0.1611,0.010801,0.017896,0.0015,2024-10-06 14:39:29
4046,4046,medium,0.2098,0.013925,0.037324,0.0015,2022-05-18 04:38:09
4047,4047,low,0.0432,0.003109,0.007981,0.0,2022-05-13 21:42:10
4048,4048,low,0.0913,0.00599,0.018727,0.0,2024-12-06 21:33:53
4049,4049,low,0.0146,0.000566,0.002158,0.0,2025-02-14 21:25:48
4050,4050,medium,0.1914,0.011109,0.036467,0.0015,2025-07-13 05:00:58
4051,4051,medium,0.1485,0.005425,0.02491,0.0015,2023-03-21 01:59:57
4052,4052,medium,0.2325,0.009789,0.040777,0.0015,2022-01-31 11:07:47
4053,4053,medium,0.1614,0.010028,0.029406,0.0015,2025-09-02 12:13:34
4054,4054,medium,0.1459,0.010488,0.01734,0.0015,2024-04-02 16:16:13
4055,4055,low,0.1203,0.004279,0.022709,0.0,2022-12-05 01:29:44
4056,4056,medium,0.2078,0.013562,0.023158,0.0015,2024-11-10 22:31:42
4057,4057,low,0.1034,0.005509,0.022424,0.0,2025-05-21 12:42:34
4058,4058,medium,0.1305,0.008859,0.015273,0.0015,2023-01-25 14:48:09
4059,4059,low,0.1193,0.0072,0.026053,0.0,2024-11-18 21:45:33
4060,4060,medium,0.2037,0.011919,0.026502,0.0015,2024-12-13 09:01:29
4061,4061,low,0.0485,0.002525,0.007226,0.0,2023-11-18 07:17:25
4062,4062,low,0.01,0.000489,0.001685,0.0,2024-05-15 01:28:51
4063,4063,medium,0.1435,0.007911,0.022614,0.0015,2023-01-04 16:52:36
4064,4064,low,0.1037,0.006421,0.019171,0.0,2025-06-25 02:16:03
4065,4065,medium,0.1537,0.007709,0.027851,0.0015,2025-09-06 21:15:51
4066,4066,medium,0.1704,0.00929,0.024543,0.0015,2025-09-04 00:20:59
4067,4067,high,0.2834,0.016675,0.05442,0.004,2024-10-05 09:17:17
4068,4068,medium,0.1979,0.006949,0.031389,0.0015,2022-02-27 22:18:27
4069,4069,low,0.0802,0.003494,0.013976,0.0,2023-05-17 07:27:20
4070,4070,medium,0.2452,0.010389,0.045269,0.0015,2023-09-01 16:11:47
4071,4071,low,0.0346,0.00242,0.006017,0.0,2025-08-06 01:32:37
4072,4072,medium,0.1991,0.014129,0.021772,0.0015,2024-01-19 06:42:10
4073,4073,medium,0.1376,0.005804,0.026237,0.0015,2024-01-04 11:29:57
4074,4074,low,0.0864,0.005434,0.013562,0.0,2022-07-20 17:52:25
4075,4075,medium,0.1577,0.008148,0.018255,0.0015,2024-12-21 19:25:49
4076,4076,high,0.2602,0.014815,0.031984,0.004,2023-04-06 00:56:10
4077,4077,medium,0.1595,0.008198,0.020211,0.0015,2022-05-06 16:20:29
4078,4078,low,0.0625,0.003357,0.012896,0.0,2025-09-13 02:26:27
4079,4079,medium,0.1676,0.010489,0.028882,0.0015,2022-09-18 00:24:31
4080,4080,medium,0.2181,0.010165,0.023267,0.0015,2022-01-23 04:52:42
4081,4081,medium,0.1742,0.006245,0.034196,0.0015,2022-04-17 11:33:32
4082,4082,high,0.2575,0.014189,0.047298,0.004,2023-09-12 00:44:25
4083,4083,high,0.2662,0.010361,0.043056,0.004,2022-05-21 18:32:24
4084,4084,high,0.2553,0.018713,0.05084,0.004,2025-02-26 18:02:11
4085,4085,medium,0.2187,0.010649,0.042037,0.0015,2023-12-03 00:41:29
4086,4086,medium,0.1313,0.004707,0.021063,0.0015,2023-03-20 02:19:34
4087,4087,medium,0.2132,0.011561,0.040183,0.0015,2022-01-05 07:24:55
4088,4088,low,0.0329,0.001575,0.003383,0.0,2023-10-19 08:44:39
4089,4089,medium,0.1778,0.011101,0.02851,0.0015,2022-07-26 23:36:52
4090,4090,medium,0.1302,0.008235,0.018803,0.0015,2025-08-30 23:11:52
4091,4091,high,0.2956,0.018605,0.037757,0.004,2023-02-03 05:00:45
4092,4092,medium,0.2026,0.010265,0.031458,0.0015,2023-10-12 15:09:22
4093,4093,medium,0.2109,0.014618,0.03102,0.0015,2022-01-26 11:22:24
4094,4094,high,0.3669,0.013538,0.044834,0.004,2022-06-29 02:24:30
4095,4095,medium,0.1893,0.010185,0.041634,0.0015,2022-10-11 20:11:42
4096,4096,medium,0.1617,0.011786,0.017176,0.0015,2022-03-12 18:07:12
4097,4097,high,0.2531,0.013092,0.050749,0.004,2024-09-20 03:49:29
4098,4098,medium,0.1899,0.014105,0.036167,0.0015,2025-07-17 07:55:00
4099,4099,medium,0.1385,0.008791,0.015091,0.0015,2025-09-09 23:11:18
4100,4100,medium,0.1483,0.007615,0.020894,0.0015,2022-12-30 15:03:16
4101,4101,low,0.0706,0.0044,0.012269,0.0,2024-12-15 00:07:07
4102,4102,low,0.0916,0.006673,0.010861,0.0,2023-11-21 13:25:34
4103,4103,low,0.1286,0.008867,0.02432,0.0,2022-03-04 17:35:22
4104,4104,low,0.01,0.000428,0.001422,0.0,2022-05-05 01:55:13
4105,4105,medium,0.1446,0.009782,0.016921,0.0015,2024-01-20 08:55:49
4106,4106,medium,0.2403,0.010596,0.043961,0.0015,2023-08-03 13:26:41
4107,4107,medium,0.1381,0.005386,0.017974,0.0015,2022-01-12 11:11:07
4108,4108,low,0.0186,0.00095,0.002641,0.0,2025-06-26 09:13:27
4109,4109,medium,0.1628,0.009552,0.024771,0.0015,2024-09-26 02:25:17
4110,4110,medium,0.1444,0.006859,0.021934,0.0015,2023-11-19 07:13:24
4111,4111,medium,0.1794,0.012357,0.034956,0.0015,2025-09-12 04:59:11
4112,4112,medium,0.2043,0.009817,0.036299,0.0015,2025-08-21 12:18:33
4113,4113,medium,0.1657,0.006596,0.033522,0.0015,2025-08-25 08:47:00
4114,4114,medium,0.2163,0.011885,0.041648,0.0015,2022-12-21 02:05:29
4115,4115,medium,0.215,0.012975,0.045664,0.0015,2025-04-20 01:24:41
4116,4116,low,0.1222,0.005627,0.017341,0.0,2023-11-22 05:13:45
4117,4117,medium,0.1885,0.013341,0.031939,0.0015,2024-09-20 05:14:19
4118,4118,low,0.1108,0.004149,0.022265,0.0,2025-03-21 20:06:53
4119,4119,medium,0.1333,0.007845,0.026406,0.0015,2022-08-12 10:20:21
4120,4120,medium,0.1429,0.009816,0.028179,0.0015,2023-09-06 05:01:16
4121,4121,low,0.1179,0.007951,0.017884,0.0,2022-06-26 08:01:00
4122,4122,low,0.0893,0.005454,0.014145,0.0,2023-01-18 08:07:46
4123,4123,low,0.0453,0.001662,0.004963,0.0,2023-07-20 16:34:55
4124,4124,high,0.2572,0.009835,0.031107,0.004,2025-03-16 06:58:01
4125,4125,medium,0.1409,0.007644,0.021542,0.0015,2025-03-26 03:02:37
4126,4126,medium,0.1693,0.012324,0.023247,0.0015,2023-06-18 08:51:03
4127,4127,medium,0.15,0.005719,0.019338,0.0015,2023-03-27 08:07:49
4128,4128,high,0.2511,0.017351,0.029622,0.004,2023-12-28 00:42:25
4129,4129,medium,0.1956,0.013206,0.037241,0.0015,2025-06-01 10:32:25
4130,4130,medium,0.2393,0.017503,0.047206,0.0015,2025-08-28 21:20:11
4131,4131,medium,0.1367,0.005614,0.021732,0.0015,2022-11-07 05:07:14
4132,4132,low,0.1236,0.004843,0.02459,0.0,2022-09-13 02:37:10
4133,4133,medium,0.2457,0.012326,0.051531,0.0015,2024-08-24 20:49:28
4134,4134,low,0.0672,0.003747,0.007951,0.0,2023-02-17 07:35:08
4135,4135,medium,0.1462,0.010134,0.029194,0.0015,2022-10-01 06:35:46
4136,4136,medium,0.2373,0.017043,0.02452,0.0015,2022-02-12 12:04:37
4137,4137,medium,0.2358,0.011272,0.026779,0.0015,2023-07-06 14:15:04
4138,4138,high,0.2689,0.01827,0.040163,0.004,2023-06-21 00:48:56
4139,4139,high,0.3383,0.023173,0.061067,0.004,2024-02-10 06:19:45
4140,4140,medium,0.1735,0.008932,0.027531,0.0015,2022-10-01 20:25:20
4141,4141,medium,0.235,0.012527,0.029397,0.0015,2024-09-04 06:03:56
4142,4142,low,0.0954,0.0067,0.016757,0.0,2024-07-19 06:54:25
4143,4143,low,0.1248,0.008747,0.025494,0.0,2023-09-25 11:50:16
4144,4144,medium,0.1895,0.013918,0.037031,0.0015,2022-09-06 01:08:46
4145,4145,low,0.1046,0.006221,0.014183,0.0,2023-11-25 12:22:56
4146,4146,low,0.1249,0.006806,0.026019,0.0,2024-07-12 03:27:08
4147,4147,low,0.063,0.00429,0.009226,0.0,2023-05-25 21:00:42
4148,4148,medium,0.2219,0.008482,0.04612,0.0015,2022-12-27 10:25:30
4149,4149,medium,0.1414,0.009882,0.015893,0.0015,2023-11-24 21:36:15
4150,4150,high,0.2564,0.011196,0.054424,0.004,2023-05-01 22:30:42
4151,4151,low,0.0644,0.003466,0.009136,0.0,2023-07-02 21:38:27
4152,4152,medium,0.1904,0.011893,0.029078,0.0015,2023-04-23 05:47:34
4153,4153,low,0.1169,0.004221,0.02344,0.0,2023-02-20 03:21:39
4154,4154,medium,0.174,0.008808,0.031798,0.0015,2024-09-07 12:23:36
4155,4155,low,0.0885,0.004134,0.014745,0.0,2023-09-22 14:40:07
4156,4156,low,0.1136,0.004287,0.020615,0.0,2023-10-01 04:25:55
4157,4157,low,0.0784,0.003272,0.012745,0.0,2024-06-12 10:06:46
4158,4158,low,0.1284,0.005312,0.013241,0.0,2023-05-10 06:09:55
4159,4159,medium,0.2266,0.014739,0.035445,0.0015,2022-05-19 05:08:54
4160,4160,high,0.2752,0.014084,0.047484,0.004,2025-03-12 09:18:32
4161,4161,medium,0.2321,0.008551,0.026867,0.0015,2022-03-18 04:54:19
4162,4162,high,0.2656,0.01166,0.033752,0.004,2024-02-22 10:16:58
4163,4163,medium,0.1948,0.012456,0.024844,0.0015,2022-12-30 15:27:14
4164,4164,medium,0.1736,0.007624,0.028623,0.0015,2022-10-20 12:29:36
4165,4165,low,0.01,0.000525,0.001271,0.0,2022-02-27 09:30:48
4166,4166,medium,0.1795,0.011008,0.022851,0.0015,2025-05-16 07:47:48
4167,4167,low,0.0811,0.005957,0.012253,0.0,2023-08-11 03:39:48
4168,4168,low,0.1278,0.004783,0.024875,0.0,2023-04-14 17:53:40
4169,4169,low,0.0224,0.000981,0.002987,0.0,2024-10-11 00:00:52
4170,4170,low,0.101,0.004434,0.013155,0.0,2022-02-23 07:46:15
4171,4171,high,0.3301,0.023217,0.052913,0.004,2024-02-12 07:19:45
4172,4172,high,0.2535,0.014461,0.036078,0.004,2023-11-08 14:42:52
4173,4173,medium,0.1971,0.012822,0.04292,0.0015,2024-01-28 02:28:02
4174,4174,low,0.0941,0.005019,0.018507,0.0,2022-06-19 13:08:03
4175,4175,medium,0.1329,0.007165,0.019535,0.0015,2025-07-27 01:45:54
4176,4176,low,0.01,0.000739,0.001144,0.0,2022-11-23 05:19:48
4177,4177,medium,0.2256,0.009386,0.028464,0.0015,2024-07-17 02:53:08
4178,4178,low,0.1046,0.005322,0.020288,0.0,2023-04-16 13:40:32
4179,4179,medium,0.2437,0.01815,0.037732,0.0015,2022-06-28 20:50:36
4180,4180,low,0.1199,0.005448,0.014806,0.0,2023-02-10 20:16:21
4181,4181,medium,0.2155,0.008501,0.037717,0.0015,2025-01-08 21:35:33
4182,4182,medium,0.2174,0.010187,0.038425,0.0015,2025-05-25 02:02:57
4183,4183,medium,0.1497,0.010245,0.020886,0.0015,2025-07-05 16:32:24
4184,4184,medium,0.1498,0.011206,0.017566,0.0015,2022-11-06 14:14:56
4185,4185,medium,0.1997,0.011964,0.033473,0.0015,2024-04-09 17:39:42
4186,4186,high,0.3167,0.023622,0.053099,0.004,2022-07-26 14:48:32
4187,4187,medium,0.139,0.005853,0.021516,0.0015,2024-08-29 18:30:46
4188,4188,low,0.0488,0.002935,0.010556,0.0,2023-07-23 21:46:00
4189,4189,medium,0.1521,0.00893,0.021064,0.0015,2024-09-03 04:28:32
4190,4190,medium,0.1629,0.006557,0.026113,0.0015,2024-07-26 06:04:39
4191,4191,medium,0.1672,0.009973,0.029474,0.0015,2025-09-20 03:52:15
4192,4192,low,0.0795,0.00449,0.014543,0.0,2023-10-31 11:08:17
4193,4193,medium,0.2333,0.015224,0.046998,0.0015,2023-04-13 05:23:03
4194,4194,low,0.1247,0.00851,0.01578,0.0,2023-12-22 14:26:07
4195,4195,low,0.1287,0.005657,0.026183,0.0,2022-08-11 18:54:22
4196,4196,medium,0.2186,0.008611,0.024512,0.0015,2022-06-02 21:18:52
4197,4197,medium,0.223,0.016051,0.024037,0.0015,2023-12-12 05:17:55
4198,4198,medium,0.1313,0.008484,0.026849,0.0015,2025-02-03 03:44:19
4199,4199,low,0.0734,0.003632,0.0102,0.0,2023-12-31 11:39:27
4200,4200,low,0.078,0.004403,0.015251,0.0,2024-12-05 16:07:09
4201,4201,medium,0.1388,0.009425,0.026776,0.0015,2022-09-01 09:13:22
4202,4202,medium,0.1825,0.007576,0.033048,0.0015,2023-09-07 18:23:53
4203,4203,low,0.127,0.004452,0.015818,0.0,2024-04-18 17:36:30
4204,4204,medium,0.2025,0.011512,0.030565,0.0015,2023-04-21 14:53:23
4205,4205,medium,0.1587,0.006146,0.031281,0.0015,2022-01-20 07:44:35
4206,4206,medium,0.1397,0.010264,0.015612,0.0015,2022-04-11 11:26:08
4207,4207,low,0.0901,0.003889,0.014485,0.0,2025-06-23 01:12:32
4208,4208,medium,0.1525,0.009827,0.018058,0.0015,2024-04-07 19:51:24
4209,4209,medium,0.1764,0.011192,0.019805,0.0015,2022-12-28 22:30:09
4210,4210,medium,0.141,0.005871,0.021563,0.0015,2022-12-21 01:32:36
4211,4211,medium,0.1471,0.005299,0.020177,0.0015,2022-02-24 02:50:26
4212,4212,low,0.1226,0.005418,0.024326,0.0,2025-07-16 10:55:46
4213,4213,medium,0.2437,0.013801,0.038634,0.0015,2022-05-29 02:02:44
4214,4214,low,0.0807,0.003231,0.01524,0.0,2024-11-04 22:29:15
4215,4215,medium,0.2387,0.017333,0.042819,0.0015,2022-11-25 15:51:12
4216,4216,low,0.0779,0.005164,0.01668,0.0,2023-04-05 03:17:00
4217,4217,low,0.1148,0.005049,0.015065,0.0,2023-01-10 16:53:14
4218,4218,medium,0.2135,0.008437,0.041348,0.0015,2025-02-01 22:40:46
4219,4219,medium,0.2387,0.008999,0.029241,0.0015,2022-02-14 21:13:04
4220,4220,medium,0.1472,0.009975,0.029942,0.0015,2023-04-27 22:21:17
4221,4221,low,0.1136,0.007985,0.023269,0.0,2023-01-18 03:46:37
4222,4222,low,0.0551,0.00309,0.010924,0.0,2023-01-09 09:40:33
4223,4223,medium,0.2021,0.011639,0.027999,0.0015,2022-09-21 22:39:47
4224,4224,low,0.1114,0.005783,0.013107,0.0,2025-06-02 05:26:59
4225,4225,medium,0.2176,0.014568,0.043783,0.0015,2023-06-02 22:52:56
4226,4226,medium,0.1321,0.009241,0.022559,0.0015,2023-07-27 02:31:23
4227,4227,low,0.1293,0.00615,0.019881,0.0,2023-06-11 21:49:37
4228,4228,low,0.0538,0.00382,0.008041,0.0,2025-09-02 22:29:44
4229,4229,medium,0.1828,0.008166,0.020505,0.0015,2023-04-09 18:18:07
4230,4230,medium,0.1898,0.008316,0.033714,0.0015,2023-04-13 10:15:55
4231,4231,medium,0.1612,0.011134,0.0262,0.0015,2023-03-25 14:23:48
4232,4232,medium,0.1409,0.007862,0.030334,0.0015,2023-03-24 06:58:36
4233,4233,medium,0.2072,0.007684,0.037497,0.0015,2022-05-03 18:03:26
4234,4234,high,0.2815,0.011,0.060767,0.004,2024-04-06 15:34:52
4235,4235,medium,0.211,0.009815,0.024635,0.0015,2022-02-04 11:31:43
4236,4236,low,0.111,0.004678,0.020197,0.0,2022-11-06 02:27:23
4237,4237,low,0.0435,0.00326,0.00861,0.0,2022-10-04 11:49:00
4238,4238,medium,0.2493,0.015878,0.043211,0.0015,2023-02-03 18:09:53
4239,4239,medium,0.2012,0.010573,0.034968,0.0015,2024-11-01 02:18:50
4240,4240,medium,0.247,0.016618,0.029318,0.0015,2024-03-31 02:41:04
4241,4241,low,0.01,0.000468,0.001385,0.0,2025-09-17 10:15:58
4242,4242,medium,0.1575,0.005696,0.027707,0.0015,2023-04-26 10:34:32
4243,4243,low,0.1155,0.005727,0.018099,0.0,2025-06-24 05:22:16
4244,4244,medium,0.1951,0.009622,0.039716,0.0015,2022-03-03 10:35:35
4245,4245,low,0.1196,0.004855,0.02311,0.0,2023-11-21 18:31:47
4246,4246,medium,0.1725,0.010386,0.028319,0.0015,2024-12-28 19:47:37
4247,4247,medium,0.2251,0.011359,0.039036,0.0015,2023-12-29 12:50:26
4248,4248,high,0.3502,0.016438,0.062604,0.004,2025-06-30 18:26:29
4249,4249,low,0.1107,0.006549,0.019769,0.0,2023-03-07 08:20:31
4250,4250,high,0.274,0.017511,0.050288,0.004,2022-02-15 14:22:52
4251,4251,medium,0.1734,0.012937,0.027678,0.0015,2024-11-24 17:58:46
4252,4252,low,0.01,0.000704,0.001149,0.0,2022-04-04 00:42:31
4253,4253,high,0.3959,0.014102,0.084972,0.004,2024-11-12 04:29:29
4254,4254,high,0.3263,0.013403,0.033279,0.004,2024-09-30 07:33:22
4255,4255,medium,0.1559,0.008859,0.015904,0.0015,2025-02-28 23:09:00
4256,4256,medium,0.1745,0.009343,0.037106,0.0015,2023-10-18 04:06:02
4257,4257,low,0.0921,0.006438,0.014671,0.0,2025-05-10 01:12:22
4258,4258,low,0.0597,0.004038,0.011837,0.0,2022-08-21 07:54:48
4259,4259,medium,0.1996,0.011209,0.029201,0.0015,2023-08-18 04:33:16
4260,4260,high,0.2907,0.02121,0.044101,0.004,2022-06-16 16:04:01
4261,4261,medium,0.2466,0.012177,0.045533,0.0015,2024-11-15 02:03:31
4262,4262,low,0.0505,0.003087,0.00814,0.0,2024-09-04 02:59:17
4263,4263,medium,0.1348,0.008473,0.028055,0.0015,2025-01-08 03:40:59
4264,4264,medium,0.1894,0.010484,0.034665,0.0015,2024-11-11 14:54:55
4265,4265,medium,0.1782,0.007777,0.029103,0.0015,2023-02-26 23:20:46
4266,4266,medium,0.2068,0.008519,0.041266,0.0015,2022-04-04 02:45:28
4267,4267,low,0.0854,0.003539,0.014116,0.0,2025-06-25 04:52:52
4268,4268,high,0.2762,0.013954,0.037554,0.004,2023-11-06 04:12:29
4269,4269,high,0.251,0.015523,0.028727,0.004,2022-05-10 01:25:12
4270,4270,medium,0.1613,0.007644,0.022911,0.0015,2025-06-22 05:22:48
4271,4271,high,0.3055,0.021209,0.053815,0.004,2025-09-22 03:50:44
4272,4272,low,0.073,0.004296,0.015904,0.0,2023-09-02 10:34:59
4273,4273,medium,0.2218,0.01179,0.042017,0.0015,2024-11-19 11:37:06
4274,4274,low,0.1279,0.00612,0.022286,0.0,2022-02-19 15:44:12
4275,4275,high,0.3186,0.012597,0.0396,0.004,2022-05-08 14:16:13
4276,4276,medium,0.1941,0.011064,0.035878,0.0015,2023-01-14 08:13:10
4277,4277,high,0.2852,0.014296,0.046418,0.004,2024-06-16 17:19:54
4278,4278,medium,0.1878,0.013804,0.035429,0.0015,2022-07-02 12:32:13
4279,4279,low,0.075,0.004854,0.010794,0.0,2022-02-16 18:10:42
4280,4280,medium,0.1372,0.005544,0.02159,0.0015,2024-07-03 21:05:08
4281,4281,low,0.0972,0.005566,0.015862,0.0,2024-11-19 14:46:40
4282,4282,low,0.1001,0.007,0.014353,0.0,2024-10-08 05:49:54
4283,4283,high,0.3006,0.021815,0.050936,0.004,2024-12-29 08:05:13
4284,4284,medium,0.1951,0.014098,0.02598,0.0015,2025-01-03 07:12:28
4285,4285,medium,0.1926,0.013039,0.021029,0.0015,2024-04-04 02:20:00
4286,4286,medium,0.1519,0.007002,0.018444,0.0015,2023-12-12 13:22:54
4287,4287,low,0.0532,0.00321,0.008483,0.0,2025-03-18 04:26:25
4288,4288,medium,0.196,0.012425,0.021177,0.0015,2023-04-22 02:24:46
4289,4289,low,0.0832,0.005686,0.012176,0.0,2022-05-14 21:42:13
4290,4290,high,0.3075,0.021662,0.055677,0.004,2024-10-25 16:26:46
4291,4291,low,0.091,0.005121,0.014699,0.0,2023-01-13 11:07:53
4292,4292,low,0.1123,0.005385,0.018695,0.0,2025-09-01 01:43:45
4293,4293,medium,0.1705,0.009559,0.03188,0.0015,2023-07-21 14:16:34
4294,4294,medium,0.1946,0.013991,0.022288,0.0015,2025-03-11 06:03:59
4295,4295,high,0.3484,0.019527,0.045871,0.004,2022-02-28 01:58:46
4296,4296,low,0.1275,0.00518,0.019212,0.0,2024-06-20 19:51:49
4297,4297,medium,0.1396,0.007314,0.01845,0.0015,2023-09-06 03:49:50
4298,4298,high,0.3408,0.022302,0.05202,0.004,2023-09-25 20:09:16
4299,4299,medium,0.1984,0.014667,0.041107,0.0015,2022-12-29 19:29:17
4300,4300,medium,0.1922,0.009973,0.021855,0.0015,2025-08-21 14:13:43
4301,4301,low,0.114,0.007624,0.015428,0.0,2023-06-22 06:16:33
4302,4302,medium,0.1475,0.00677,0.030093,0.0015,2025-03-09 10:57:08
4303,4303,low,0.0766,0.003797,0.012859,0.0,2023-08-05 12:58:10
4304,4304,low,0.0814,0.003817,0.017606,0.0,2022-03-08 00:59:35
4305,4305,high,0.2712,0.016849,0.032732,0.004,2025-04-18 00:50:45
4306,4306,medium,0.1337,0.009588,0.025503,0.0015,2022-09-11 05:31:08
4307,4307,low,0.12,0.008131,0.024083,0.0,2023-01-05 19:50:05
4308,4308,medium,0.2458,0.014439,0.052863,0.0015,2025-03-23 23:51:42
4309,4309,medium,0.1674,0.009442,0.019912,0.0015,2025-05-07 15:22:27
4310,4310,high,0.2579,0.017797,0.042366,0.004,2025-06-08 02:52:50
4311,4311,medium,0.1511,0.010956,0.022417,0.0015,2023-08-06 17:28:43
4312,4312,medium,0.2249,0.01488,0.03884,0.0015,2024-11-01 12:55:37
4313,4313,low,0.1076,0.006592,0.011788,0.0,2023-03-25 10:34:59
4314,4314,medium,0.2026,0.013551,0.031782,0.0015,2024-10-09 20:30:41
4315,4315,low,0.0978,0.005327,0.010116,0.0,2023-11-19 10:28:32
4316,4316,medium,0.1357,0.007053,0.018609,0.0015,2022-03-13 01:55:22
4317,4317,low,0.1168,0.008591,0.0232,0.0,2023-07-26 11:20:51
4318,4318,medium,0.2221,0.012677,0.034662,0.0015,2023-10-02 20:23:31
4319,4319,medium,0.1338,0.00776,0.02704,0.0015,2023-05-28 06:35:09
4320,4320,medium,0.1899,0.007535,0.020311,0.0015,2023-11-19 15:58:03
4321,4321,medium,0.1355,0.007535,0.024938,0.0015,2022-03-09 23:48:50
4322,4322,low,0.0456,0.002288,0.004891,0.0,2022-07-27 15:57:16
4323,4323,medium,0.187,0.008636,0.022191,0.0015,2024-11-14 23:01:30
4324,4324,low,0.019,0.0014,0.003737,0.0,2023-04-27 10:33:49
4325,4325,medium,0.1565,0.011293,0.016017,0.0015,2024-04-12 06:29:37
4326,4326,medium,0.1898,0.014067,0.027651,0.0015,2024-02-14 00:01:28
4327,4327,medium,0.1718,0.008416,0.036478,0.0015,2024-01-25 01:35:56
4328,4328,low,0.0839,0.005121,0.009957,0.0,2023-07-20 13:01:10
4329,4329,medium,0.1851,0.008761,0.039573,0.0015,2023-10-24 04:11:56
4330,4330,low,0.1174,0.006194,0.014492,0.0,2025-02-01 02:41:26
4331,4331,low,0.0996,0.004549,0.013191,0.0,2025-08-13 04:30:52
4332,4332,medium,0.1799,0.010504,0.03177,0.0015,2022-12-18 04:41:19
4333,4333,medium,0.1579,0.007351,0.015916,0.0015,2024-07-04 20:10:34
4334,4334,low,0.0756,0.003532,0.013989,0.0,2025-08-19 15:32:25
4335,4335,medium,0.2153,0.011162,0.044868,0.0015,2022-01-11 09:00:27
4336,4336,low,0.01,0.000359,0.001427,0.0,2024-12-09 11:59:36
4337,4337,high,0.3189,0.022617,0.055048,0.004,2023-11-11 15:37:28
4338,4338,low,0.1181,0.005185,0.01688,0.0,2025-08-16 16:00:51
4339,4339,medium,0.1396,0.008408,0.02555,0.0015,2024-03-02 01:40:46
4340,4340,high,0.2669,0.010069,0.043564,0.004,2025-02-20 13:41:57
4341,4341,medium,0.1604,0.008065,0.025722,0.0015,2022-08-16 02:35:22
4342,4342,high,0.2567,0.009437,0.027284,0.004,2022-07-14 09:33:21
4343,4343,low,0.1292,0.009676,0.023173,0.0,2025-06-21 13:28:24
4344,4344,medium,0.1386,0.00967,0.02228,0.0015,2023-12-22 04:44:15
4345,4345,low,0.0522,0.003609,0.007235,0.0,2024-02-03 19:30:04
4346,4346,low,0.0963,0.004164,0.015171,0.0,2022-08-21 12:44:05
4347,4347,medium,0.1644,0.009496,0.022966,0.0015,2022-11-07 04:00:24
4348,4348,medium,0.1962,0.013676,0.025998,0.0015,2025-01-24 08:02:25
4349,4349,medium,0.1666,0.008358,0.019088,0.0015,2023-02-19 22:54:09
4350,4350,high,0.3074,0.011191,0.038854,0.004,2024-03-10 03:12:42
4351,4351,medium,0.2141,0.011094,0.024744,0.0015,2023-03-10 00:26:10
4352,4352,medium,0.1862,0.013157,0.018841,0.0015,2022-12-27 09:34:04
4353,4353,low,0.1065,0.004202,0.020084,0.0,2022-08-16 02:47:01
4354,4354,low,0.0729,0.002808,0.008121,0.0,2025-06-25 16:35:36
4355,4355,medium,0.1985,0.011698,0.029254,0.0015,2025-07-10 00:07:50
4356,4356,high,0.2822,0.012439,0.050155,0.004,2022-06-07 13:47:18
4357,4357,medium,0.1679,0.008489,0.031055,0.0015,2023-04-29 05:55:28
4358,4358,low,0.0622,0.00317,0.006791,0.0,2024-02-11 08:43:49
4359,4359,high,0.2807,0.017686,0.05777,0.004,2023-06-09 08:03:07
4360,4360,high,0.3531,0.012758,0.039107,0.004,2024-09-13 09:12:12
4361,4361,low,0.1066,0.006539,0.017219,0.0,2022-12-22 23:52:20
4362,4362,low,0.0413,0.002254,0.008199,0.0,2022-03-22 12:06:54
4363,4363,medium,0.1662,0.009228,0.025756,0.0015,2023-04-06 22:14:45
4364,4364,medium,0.2341,0.014815,0.051494,0.0015,2024-03-28 20:48:33
4365,4365,low,0.1291,0.007831,0.023847,0.0,2022-09-05 02:44:30
4366,4366,medium,0.2474,0.015357,0.034802,0.0015,2025-01-21 03:40:07
4367,4367,medium,0.1847,0.008675,0.020162,0.0015,2022-01-17 18:09:11
4368,4368,low,0.0918,0.006344,0.018271,0.0,2022-04-03 09:03:24
4369,4369,low,0.0918,0.005475,0.018774,0.0,2023-11-28 02:06:47
4370,4370,medium,0.1649,0.00881,0.028978,0.0015,2023-12-02 17:57:40
4371,4371,medium,0.2352,0.01295,0.032848,0.0015,2023-02-08 09:38:53
4372,4372,low,0.089,0.003988,0.014946,0.0,2022-12-20 16:56:57
4373,4373,medium,0.1464,0.009744,0.014692,0.0015,2022-04-06 12:04:16
4374,4374,medium,0.1878,0.008661,0.02818,0.0015,2024-06-25 21:08:08
4375,4375,low,0.0884,0.005142,0.019298,0.0,2023-06-03 12:11:36
4376,4376,medium,0.1485,0.010743,0.018646,0.0015,2022-06-12 08:24:55
4377,4377,medium,0.1465,0.008362,0.026664,0.0015,2023-07-01 23:30:40
4378,4378,low,0.0877,0.003202,0.009871,0.0,2025-07-05 21:16:21
4379,4379,medium,0.1691,0.012467,0.03172,0.0015,2022-12-24 08:55:51
4380,4380,low,0.0982,0.005652,0.014999,0.0,2025-05-08 23:43:43
4381,4381,medium,0.1771,0.007489,0.024951,0.0015,2022-12-20 23:03:36
4382,4382,medium,0.1685,0.009248,0.027077,0.0015,2022-09-12 09:54:43
4383,4383,low,0.106,0.005277,0.021023,0.0,2022-12-23 13:24:42
4384,4384,medium,0.14,0.007249,0.028084,0.0015,2023-03-19 05:27:55
4385,4385,low,0.0416,0.00226,0.005919,0.0,2022-06-14 23:50:19
4386,4386,medium,0.1739,0.011844,0.030602,0.0015,2024-03-14 21:13:53
4387,4387,low,0.1166,0.005204,0.016181,0.0,2023-04-02 03:46:42
4388,4388,low,0.1258,0.007727,0.0194,0.0,2024-09-09 07:25:21
4389,4389,low,0.01,0.000638,0.001788,0.0,2023-11-03 16:10:19
4390,4390,low,0.1261,0.009359,0.016482,0.0,2023-08-29 13:16:56
4391,4391,medium,0.2346,0.011159,0.032608,0.0015,2023-10-07 07:41:52
4392,4392,low,0.0553,0.00238,0.006633,0.0,2022-08-02 19:21:24
4393,4393,medium,0.225,0.016292,0.038749,0.0015,2024-09-02 05:17:27
4394,4394,medium,0.2374,0.017341,0.047831,0.0015,2022-05-23 11:30:06
4395,4395,low,0.0594,0.00393,0.01249,0.0,2024-09-14 01:14:07
4396,4396,medium,0.1741,0.008792,0.037113,0.0015,2025-09-29 16:17:43
4397,4397,low,0.0744,0.005499,0.014409,0.0,2024-11-11 03:35:15
4398,4398,low,0.0556,0.003243,0.008714,0.0,2023-09-15 22:07:15
4399,4399,low,0.01,0.000437,0.001975,0.0,2023-03-07 04:51:55
4400,4400,high,0.3939,0.026795,0.051478,0.004,2025-04-08 14:57:44
4401,4401,medium,0.2106,0.011429,0.033972,0.0015,2022-12-18 20:06:03
4402,4402,medium,0.1614,0.006023,0.033939,0.0015,2023-10-22 21:22:08
4403,4403,low,0.0992,0.006557,0.016795,0.0,2024-11-20 13:18:34
4404,4404,low,0.053,0.003588,0.009191,0.0,2025-06-15 18:50:45
4405,4405,medium,0.2413,0.016704,0.042119,0.0015,2025-06-13 20:49:44
4406,4406,medium,0.2369,0.009831,0.04653,0.0015,2022-05-01 01:18:57
4407,4407,low,0.1113,0.005394,0.012257,0.0,2025-05-13 19:46:47
4408,4408,medium,0.1363,0.009085,0.019739,0.0015,2022-06-05 23:28:41
4409,4409,medium,0.2153,0.014092,0.045717,0.0015,2024-03-10 13:31:18
4410,4410,high,0.2989,0.021049,0.064496,0.004,2025-06-25 17:41:02
4411,4411,low,0.079,0.004496,0.013199,0.0,2024-06-14 18:35:51
4412,4412,low,0.0786,0.003726,0.010684,0.0,2025-07-20 04:05:29
4413,4413,low,0.0972,0.005001,0.019662,0.0,2023-04-17 01:10:35
4414,4414,medium,0.1856,0.008679,0.038404,0.0015,2023-03-07 12:48:11
4415,4415,medium,0.1732,0.010514,0.023503,0.0015,2023-03-23 06:18:35
4416,4416,medium,0.1797,0.009844,0.033796,0.0015,2023-05-01 20:46:24
4417,4417,medium,0.1703,0.009826,0.036473,0.0015,2024-07-23 01:53:10
4418,4418,high,0.3647,0.022572,0.05538,0.004,2023-09-11 22:50:45
4419,4419,low,0.01,0.000446,0.001098,0.0,2024-10-05 19:17:15
4420,4420,low,0.124,0.008775,0.024797,0.0,2023-07-24 07:25:12
4421,4421,medium,0.1437,0.005299,0.025986,0.0015,2023-02-25 23:14:13
4422,4422,medium,0.1326,0.00594,0.025327,0.0015,2022-09-17 23:33:52
4423,4423,medium,0.166,0.006637,0.029749,0.0015,2024-01-24 20:19:10
4424,4424,medium,0.156,0.008028,0.023461,0.0015,2025-05-13 23:27:38
4425,4425,low,0.0877,0.006383,0.01892,0.0,2025-03-21 01:35:04
4426,4426,low,0.0976,0.006647,0.017055,0.0,2022-12-13 12:35:42
4427,4427,low,0.09,0.004925,0.014669,0.0,2023-10-16 09:41:09
4428,4428,medium,0.1827,0.009333,0.030469,0.0015,2024-08-22 19:30:13
4429,4429,low,0.0183,0.000671,0.003515,0.0,2024-04-17 19:06:34
4430,4430,high,0.2862,0.015631,0.049535,0.004,2022-04-02 20:51:18
4431,4431,low,0.1192,0.005385,0.01297,0.0,2024-03-19 13:37:33
4432,4432,low,0.1051,0.003683,0.014011,0.0,2022-02-23 00:17:01
4433,4433,medium,0.1607,0.011056,0.025967,0.0015,2022-06-09 08:53:47
4434,4434,high,0.3004,0.019197,0.035997,0.004,2024-06-13 07:16:43
4435,4435,medium,0.247,0.01793,0.050071,0.0015,2022-05-21 06:50:04
4436,4436,low,0.1155,0.006203,0.022304,0.0,2023-04-09 18:34:07
4437,4437,low,0.0815,0.00447,0.015542,0.0,2024-03-15 23:12:51
4438,4438,medium,0.1342,0.00771,0.020959,0.0015,2024-06-15 16:02:33
4439,4439,high,0.3822,0.026862,0.051514,0.004,2023-09-02 18:14:00
4440,4440,low,0.0632,0.002731,0.01267,0.0,2022-05-09 14:54:14
4441,4441,medium,0.1794,0.00677,0.025531,0.0015,2024-12-29 04:12:01
4442,4442,medium,0.2352,0.01448,0.039283,0.0015,2025-07-23 09:31:13
4443,4443,medium,0.142,0.007864,0.019193,0.0015,2025-04-30 18:27:05
4444,4444,high,0.2738,0.01607,0.059654,0.004,2024-10-20 23:13:37
4445,4445,medium,0.1794,0.012645,0.03317,0.0015,2023-07-05 05:39:40
4446,4446,low,0.0738,0.00526,0.015927,0.0,2025-04-13 17:36:20
4447,4447,medium,0.1918,0.009617,0.04129,0.0015,2023-10-30 19:45:41
4448,4448,medium,0.1331,0.008325,0.016654,0.0015,2022-07-06 16:36:04
4449,4449,high,0.385,0.021055,0.072271,0.004,2025-03-09 13:10:31
4450,4450,medium,0.222,0.012704,0.034601,0.0015,2023-03-14 23:31:29
4451,4451,medium,0.1405,0.009487,0.024677,0.0015,2025-07-08 03:27:12
4452,4452,low,0.1177,0.005438,0.018357,0.0,2023-05-19 21:28:32
4453,4453,medium,0.2072,0.008008,0.022135,0.0015,2025-04-04 07:58:14
4454,4454,low,0.0665,0.004142,0.012084,0.0,2024-01-05 20:27:08
4455,4455,medium,0.1989,0.009389,0.03152,0.0015,2023-10-02 09:30:02
4456,4456,medium,0.1711,0.008025,0.019851,0.0015,2025-02-17 05:47:48
4457,4457,low,0.0764,0.003056,0.013645,0.0,2022-03-24 22:37:42
4458,4458,medium,0.2251,0.016451,0.02682,0.0015,2023-10-04 10:02:29
4459,4459,low,0.0912,0.006237,0.018719,0.0,2023-05-20 15:00:53
4460,4460,low,0.1115,0.007162,0.011432,0.0,2024-01-14 08:37:44
4461,4461,low,0.0831,0.004713,0.012503,0.0,2022-12-15 05:21:47
4462,4462,low,0.0932,0.003371,0.013152,0.0,2024-06-28 03:53:12
4463,4463,medium,0.168,0.012408,0.034615,0.0015,2023-06-12 22:34:04
4464,4464,low,0.0208,0.000892,0.003942,0.0,2022-09-15 08:42:58
4465,4465,low,0.0369,0.002348,0.004862,0.0,2022-09-27 10:34:32
4466,4466,high,0.2683,0.015262,0.037742,0.004,2024-08-10 19:39:42
4467,4467,medium,0.1575,0.007284,0.02778,0.0015,2022-12-25 06:34:54
4468,4468,medium,0.2168,0.011545,0.046852,0.0015,2023-02-25 07:43:51
4469,4469,medium,0.2381,0.013821,0.035416,0.0015,2024-05-07 16:05:57
4470,4470,medium,0.2027,0.012785,0.040567,0.0015,2023-03-28 03:27:54
4471,4471,medium,0.1619,0.010489,0.030128,0.0015,2023-06-15 23:52:00
4472,4472,medium,0.2394,0.00871,0.044223,0.0015,2022-12-01 10:43:09
4473,4473,medium,0.2144,0.014975,0.027586,0.0015,2023-04-18 11:37:39
4474,4474,high,0.3337,0.021289,0.034565,0.004,2024-08-05 17:20:14
4475,4475,medium,0.1816,0.012038,0.028389,0.0015,2024-01-01 09:11:23
4476,4476,low,0.0937,0.004583,0.016226,0.0,2025-09-26 15:01:41
4477,4477,medium,0.1795,0.011266,0.028237,0.0015,2024-11-21 21:43:30
4478,4478,medium,0.1496,0.008898,0.021855,0.0015,2022-01-24 00:37:33
4479,4479,low,0.1229,0.005963,0.016541,0.0,2023-06-03 06:59:33
4480,4480,low,0.0557,0.002322,0.011304,0.0,2023-02-01 12:22:43
4481,4481,medium,0.1518,0.00885,0.018268,0.0015,2024-03-14 17:26:23
4482,4482,medium,0.2486,0.016355,0.025016,0.0015,2022-12-30 10:03:41
4483,4483,low,0.1075,0.005247,0.012149,0.0,2025-08-14 18:21:52
4484,4484,medium,0.1646,0.011475,0.025209,0.0015,2023-02-14 13:06:44
4485,4485,low,0.1178,0.008217,0.0197,0.0,2023-12-16 01:39:03
4486,4486,low,0.1217,0.007969,0.022357,0.0,2022-06-18 03:25:40
4487,4487,medium,0.2152,0.008631,0.035997,0.0015,2025-05-29 14:28:26
4488,4488,medium,0.2138,0.011874,0.037669,0.0015,2025-06-01 09:52:00
4489,4489,high,0.298,0.02214,0.033978,0.004,2024-12-21 17:51:34
4490,4490,low,0.0265,0.001201,0.004041,0.0,2023-04-27 00:40:08
4491,4491,low,0.01,0.000364,0.001852,0.0,2022-03-22 07:51:06
4492,4492,medium,0.1639,0.009133,0.022761,0.0015,2024-08-30 14:26:01
4493,4493,low,0.1092,0.004987,0.014295,0.0,2023-08-11 00:10:26
4494,4494,medium,0.2051,0.01325,0.027294,0.0015,2024-08-13 07:11:23
4495,4495,low,0.01,0.000727,0.001455,0.0,2024-01-07 20:26:02
4496,4496,low,0.1238,0.00647,0.01244,0.0,2025-09-11 19:43:31
4497,4497,low,0.1231,0.008241,0.025671,0.0,2024-12-31 01:02:38
4498,4498,medium,0.1422,0.009048,0.017736,0.0015,2023-09-20 01:24:37
4499,4499,medium,0.1902,0.011765,0.038582,0.0015,2022-01-26 19:01:43
4500,4500,medium,0.1501,0.005446,0.016016,0.0015,2022-05-07 22:19:55
4501,4501,medium,0.1748,0.01119,0.023339,0.0015,2023-08-31 00:08:21
4502,4502,medium,0.2292,0.015153,0.037866,0.0015,2024-02-08 19:53:06
4503,4503,medium,0.1716,0.00652,0.020132,0.0015,2022-02-11 05:56:59
4504,4504,low,0.0391,0.002789,0.008543,0.0,2022-06-23 03:20:32
4505,4505,medium,0.2203,0.011789,0.036876,0.0015,2024-08-21 11:25:08
4506,4506,medium,0.2399,0.015802,0.04723,0.0015,2024-10-25 01:53:24
4507,4507,low,0.0592,0.003726,0.007896,0.0,2022-02-10 18:45:59
4508,4508,medium,0.1928,0.012914,0.023679,0.0015,2023-11-26 12:03:04
4509,4509,medium,0.1843,0.006616,0.037178,0.0015,2022-04-21 18:33:20
4510,4510,low,0.0948,0.00576,0.011997,0.0,2024-09-16 15:41:55
4511,4511,low,0.1184,0.005648,0.017279,0.0,2025-02-15 00:17:51
4512,4512,medium,0.249,0.012454,0.047018,0.0015,2025-04-04 06:53:14
4513,4513,low,0.0476,0.001925,0.006096,0.0,2024-03-29 07:16:38
4514,4514,medium,0.2113,0.012222,0.037729,0.0015,2024-05-10 09:37:16
4515,4515,medium,0.1816,0.011597,0.038986,0.0015,2025-06-21 13:50:07
4516,4516,medium,0.2191,0.009803,0.036056,0.0015,2024-04-17 19:36:28
4517,4517,medium,0.2239,0.009236,0.029655,0.0015,2023-09-03 12:04:43
4518,4518,medium,0.2192,0.016011,0.04664,0.0015,2024-10-29 06:03:06
4519,4519,medium,0.1476,0.006594,0.030984,0.0015,2024-03-19 06:25:59
4520,4520,medium,0.1742,0.008383,0.030466,0.0015,2025-02-26 11:28:57
4521,4521,low,0.0211,0.001481,0.004008,0.0,2023-12-19 18:58:12
4522,4522,low,0.1185,0.006132,0.022547,0.0,2025-04-03 20:46:26
4523,4523,medium,0.1413,0.00682,0.021684,0.0015,2022-03-03 08:58:51
4524,4524,medium,0.1329,0.005021,0.017519,0.0015,2022-02-19 20:04:34
4525,4525,low,0.0953,0.006338,0.010289,0.0,2022-05-16 11:38:07
4526,4526,medium,0.238,0.015335,0.025155,0.0015,2024-01-31 20:50:23
4527,4527,medium,0.1513,0.006945,0.016093,0.0015,2024-08-27 21:05:50
4528,4528,low,0.0793,0.004708,0.010204,0.0,2022-10-23 20:33:14
4529,4529,low,0.035,0.001306,0.003975,0.0,2022-08-02 01:30:31
4530,4530,low,0.0618,0.002739,0.006538,0.0,2025-03-22 22:52:34
4531,4531,medium,0.1908,0.012865,0.03243,0.0015,2024-10-23 17:42:26
4532,4532,high,0.276,0.020124,0.038859,0.004,2024-06-06 00:11:34
4533,4533,high,0.2939,0.019353,0.064636,0.004,2023-10-31 02:05:17
4534,4534,low,0.1069,0.006825,0.019262,0.0,2023-07-29 20:44:39
4535,4535,low,0.1258,0.00776,0.026752,0.0,2022-01-29 01:58:10
4536,4536,high,0.2524,0.009576,0.027202,0.004,2022-09-15 07:50:16
4537,4537,medium,0.207,0.011843,0.027205,0.0015,2025-05-12 02:04:01
4538,4538,medium,0.1652,0.010236,0.032009,0.0015,2023-04-09 18:49:25
4539,4539,medium,0.1556,0.010199,0.02711,0.0015,2024-08-21 19:32:30
4540,4540,medium,0.1645,0.010437,0.023597,0.0015,2024-08-20 18:25:45
4541,4541,medium,0.2411,0.011614,0.048427,0.0015,2023-02-28 06:56:47
4542,4542,high,0.3516,0.02046,0.056268,0.004,2022-10-07 13:31:57
4543,4543,medium,0.2247,0.015122,0.047178,0.0015,2024-08-04 04:48:02
4544,4544,medium,0.1744,0.00956,0.028892,0.0015,2022-05-09 00:30:54
4545,4545,medium,0.1938,0.009977,0.033043,0.0015,2023-11-08 22:01:34
4546,4546,medium,0.1341,0.005178,0.018398,0.0015,2025-04-29 19:45:36
4547,4547,low,0.1001,0.005695,0.010971,0.0,2024-08-31 02:21:47
4548,4548,high,0.2626,0.016635,0.026685,0.004,2024-11-11 10:33:15
4549,4549,medium,0.2214,0.010885,0.029813,0.0015,2022-04-24 21:50:23
4550,4550,medium,0.1332,0.008674,0.026916,0.0015,2022-10-01 07:40:01
4551,4551,low,0.1107,0.008277,0.015566,0.0,2023-01-12 08:01:21
4552,4552,high,0.267,0.01156,0.053403,0.004,2023-02-04 21:10:21
4553,4553,low,0.0247,0.001477,0.005401,0.0,2022-09-23 12:04:56
4554,4554,low,0.1072,0.005191,0.016262,0.0,2025-08-22 19:00:28
4555,4555,medium,0.2367,0.01058,0.036038,0.0015,2022-08-14 15:47:10
4556,4556,low,0.0732,0.004198,0.014798,0.0,2024-08-26 19:06:47
4557,4557,medium,0.1572,0.007917,0.026291,0.0015,2024-03-13 16:13:37
4558,4558,low,0.0167,0.001,0.003341,0.0,2024-04-15 04:39:30
4559,4559,high,0.2711,0.016677,0.049954,0.004,2022-10-21 15:29:07
4560,4560,medium,0.1402,0.007218,0.020316,0.0015,2023-02-25 20:03:30
4561,4561,low,0.1214,0.004315,0.021546,0.0,2024-04-09 16:33:17
4562,4562,medium,0.1643,0.011746,0.016978,0.0015,2023-02-14 04:52:36
4563,4563,medium,0.2466,0.01812,0.039498,0.0015,2024-08-07 13:09:39
4564,4564,low,0.1014,0.004664,0.011228,0.0,2022-02-24 01:38:21
4565,4565,medium,0.1328,0.00922,0.022064,0.0015,2022-04-10 14:50:36
4566,4566,low,0.0613,0.004383,0.012104,0.0,2024-09-23 13:30:59
4567,4567,medium,0.2006,0.008791,0.023911,0.0015,2024-04-23 17:26:13
4568,4568,medium,0.2461,0.013381,0.036279,0.0015,2022-03-01 01:31:44
4569,4569,medium,0.1393,0.005322,0.023059,0.0015,2025-05-14 21:15:22
4570,4570,high,0.2768,0.014601,0.034386,0.004,2022-01-07 15:28:33
4571,4571,medium,0.1838,0.008686,0.019103,0.0015,2025-07-31 04:41:56
4572,4572,high,0.2667,0.011076,0.026717,0.004,2024-09-24 22:46:57
4573,4573,medium,0.2157,0.012345,0.028179,0.0015,2025-09-13 18:36:40
4574,4574,medium,0.1856,0.007452,0.025397,0.0015,2025-07-22 01:25:23
4575,4575,medium,0.1471,0.007225,0.022908,0.0015,2023-03-05 08:32:35
4576,4576,high,0.2661,0.0185,0.053696,0.004,2024-10-31 21:30:29
4577,4577,low,0.0876,0.005447,0.013135,0.0,2022-10-16 12:40:42
4578,4578,low,0.1177,0.007914,0.01295,0.0,2023-10-08 04:53:26
4579,4579,high,0.256,0.011351,0.035635,0.004,2022-11-25 11:13:48
4580,4580,medium,0.2138,0.012289,0.029229,0.0015,2023-10-27 21:50:15
4581,4581,medium,0.2324,0.010858,0.039132,0.0015,2025-04-08 08:42:37
4582,4582,medium,0.2274,0.012078,0.040446,0.0015,2023-08-20 15:13:51
4583,4583,medium,0.2414,0.014331,0.024159,0.0015,2022-05-07 09:28:44
4584,4584,medium,0.1758,0.008829,0.028966,0.0015,2023-03-21 02:42:03
4585,4585,high,0.2654,0.014904,0.034377,0.004,2024-12-11 23:07:12
4586,4586,high,0.2824,0.01653,0.054052,0.004,2023-12-15 16:55:15
4587,4587,low,0.124,0.004976,0.017415,0.0,2024-02-06 08:03:32
4588,4588,medium,0.1512,0.005423,0.031734,0.0015,2023-08-13 19:32:53
4589,4589,low,0.1273,0.004911,0.018798,0.0,2023-02-05 12:30:57
4590,4590,medium,0.1573,0.011057,0.022339,0.0015,2024-03-29 07:02:52
4591,4591,medium,0.2359,0.01756,0.027396,0.0015,2024-05-16 01:33:45
4592,4592,medium,0.2368,0.009672,0.028644,0.0015,2025-05-13 15:04:42
4593,4593,low,0.0649,0.003188,0.011742,0.0,2024-04-25 02:59:55
4594,4594,low,0.0469,0.002267,0.007908,0.0,2025-09-23 04:08:57
4595,4595,medium,0.1737,0.01021,0.028842,0.0015,2025-02-04 18:10:37
4596,4596,low,0.018,0.000852,0.002088,0.0,2022-04-18 17:17:58
4597,4597,low,0.1149,0.008416,0.01295,0.0,2023-06-21 11:47:01
4598,4598,low,0.1276,0.005399,0.019467,0.0,2023-06-11 05:55:39
4599,4599,medium,0.1942,0.010532,0.041634,0.0015,2022-01-05 03:10:32
4600,4600,medium,0.1764,0.00773,0.02654,0.0015,2022-09-05 04:56:44
4601,4601,medium,0.1417,0.007236,0.029548,0.0015,2024-11-08 16:09:32
4602,4602,low,0.0493,0.002124,0.010664,0.0,2023-04-27 16:49:09
4603,4603,high,0.4162,0.016033,0.04717,0.004,2022-07-22 07:08:58
4604,4604,medium,0.1735,0.012324,0.036587,0.0015,2023-01-29 06:18:50
4605,4605,medium,0.1937,0.011294,0.036141,0.0015,2023-01-11 19:03:02
4606,4606,low,0.0483,0.002987,0.005379,0.0,2022-08-27 18:24:11
4607,4607,low,0.0736,0.003767,0.01379,0.0,2022-05-19 10:20:06
4608,4608,medium,0.1835,0.00758,0.029217,0.0015,2024-11-11 06:08:41
4609,4609,medium,0.1562,0.011526,0.018242,0.0015,2025-02-01 22:44:01
4610,4610,medium,0.1509,0.007329,0.019401,0.0015,2023-11-10 22:09:07
4611,4611,high,0.3256,0.021034,0.060242,0.004,2024-04-21 22:54:56
4612,4612,low,0.0405,0.002879,0.005597,0.0,2025-06-11 12:40:15
4613,4613,medium,0.1456,0.008357,0.031189,0.0015,2025-02-26 18:19:19
4614,4614,high,0.3104,0.015956,0.061587,0.004,2022-02-14 14:04:30
4615,4615,medium,0.1955,0.008851,0.032552,0.0015,2025-07-27 15:26:02
4616,4616,low,0.0613,0.00227,0.010742,0.0,2022-04-02 15:01:19
4617,4617,medium,0.1991,0.007546,0.041859,0.0015,2022-02-06 08:25:02
4618,4618,low,0.0777,0.004802,0.010757,0.0,2023-07-06 16:16:41
4619,4619,medium,0.1425,0.010232,0.028087,0.0015,2024-10-17 07:50:41
4620,4620,low,0.0131,0.000858,0.00202,0.0,2022-04-20 19:39:53
4621,4621,high,0.2722,0.012879,0.055677,0.004,2023-02-05 19:25:11
4622,4622,medium,0.2159,0.008537,0.023278,0.0015,2022-12-26 09:56:17
4623,4623,medium,0.1453,0.006264,0.027039,0.0015,2023-06-28 14:49:22
4624,4624,medium,0.2411,0.01671,0.047503,0.0015,2025-09-10 21:19:42
4625,4625,low,0.0907,0.004083,0.01575,0.0,2023-03-30 08:59:56
4626,4626,medium,0.1351,0.007664,0.018268,0.0015,2022-10-13 20:33:42
4627,4627,medium,0.1967,0.014713,0.023167,0.0015,2022-06-17 07:50:02
4628,4628,medium,0.1788,0.013404,0.033741,0.0015,2022-09-29 00:36:06
4629,4629,medium,0.1653,0.00721,0.019069,0.0015,2022-07-02 03:11:42
4630,4630,low,0.0812,0.005955,0.016346,0.0,2024-02-24 17:46:13
4631,4631,medium,0.1403,0.006644,0.022471,0.0015,2023-07-30 06:03:51
4632,4632,medium,0.1761,0.012026,0.025681,0.0015,2023-11-13 06:16:47
4633,4633,medium,0.1375,0.00611,0.01766,0.0015,2025-02-12 09:02:24
4634,4634,medium,0.2348,0.008584,0.02394,0.0015,2024-03-05 00:57:00
4635,4635,low,0.0794,0.005333,0.016571,0.0,2022-08-01 06:31:43
4636,4636,medium,0.1336,0.007111,0.023044,0.0015,2023-05-31 08:58:21
4637,4637,low,0.1003,0.007465,0.018463,0.0,2023-03-04 14:37:10
4638,4638,medium,0.1492,0.007335,0.032358,0.0015,2025-02-05 00:15:42
4639,4639,low,0.066,0.003277,0.008331,0.0,2023-02-25 00:12:07
4640,4640,low,0.0935,0.005393,0.010058,0.0,2022-07-09 13:52:35
4641,4641,low,0.0928,0.0062,0.014676,0.0,2024-10-03 20:32:18
4642,4642,medium,0.1347,0.004827,0.020278,0.0015,2023-08-10 00:59:14
4643,4643,medium,0.2343,0.014147,0.025227,0.0015,2022-05-12 03:21:57
4644,4644,low,0.1161,0.005189,0.018184,0.0,2024-08-01 14:15:39
4645,4645,high,0.3345,0.014712,0.055188,0.004,2022-10-15 23:30:57
4646,4646,medium,0.1822,0.007017,0.020771,0.0015,2025-04-02 17:56:19
4647,4647,medium,0.148,0.005229,0.027142,0.0015,2025-02-12 19:20:01
4648,4648,low,0.0658,0.003101,0.009306,0.0,2023-05-21 13:46:29
4649,4649,medium,0.1652,0.010055,0.027706,0.0015,2024-01-31 01:18:33
4650,4650,medium,0.1466,0.007639,0.025871,0.0015,2024-02-16 16:13:24
4651,4651,medium,0.1374,0.005449,0.019648,0.0015,2024-06-12 21:18:55
4652,4652,low,0.1184,0.00647,0.022287,0.0,2022-04-05 14:00:09
4653,4653,high,0.2901,0.019701,0.051816,0.004,2023-03-21 09:24:15
4654,4654,medium,0.1932,0.013227,0.020659,0.0015,2022-08-21 23:54:58
4655,4655,medium,0.1602,0.00933,0.018594,0.0015,2024-08-12 04:12:13
4656,4656,medium,0.1563,0.008919,0.016467,0.0015,2022-04-05 13:56:38
4657,4657,medium,0.1514,0.007512,0.030932,0.0015,2023-12-09 04:49:42
4658,4658,medium,0.2195,0.011973,0.031142,0.0015,2024-09-22 17:47:07
4659,4659,high,0.2731,0.017988,0.044699,0.004,2025-07-21 09:07:43
4660,4660,medium,0.2175,0.011376,0.035541,0.0015,2023-01-30 01:35:05
4661,4661,low,0.098,0.006725,0.01536,0.0,2022-01-11 21:46:22
4662,4662,medium,0.1603,0.009548,0.02372,0.0015,2024-09-17 02:00:19
4663,4663,high,0.2633,0.013501,0.037238,0.004,2022-01-03 02:46:47
4664,4664,high,0.2616,0.018811,0.034296,0.004,2022-04-01 19:59:17
4665,4665,medium,0.2098,0.014792,0.026936,0.0015,2025-09-16 23:53:22
4666,4666,medium,0.1687,0.008592,0.029937,0.0015,2025-03-25 23:10:09
4667,4667,low,0.0812,0.005249,0.014964,0.0,2024-08-25 21:56:28
4668,4668,medium,0.1702,0.012281,0.021993,0.0015,2025-02-17 00:07:38
4669,4669,low,0.1251,0.007322,0.014558,0.0,2022-04-14 01:56:16
4670,4670,low,0.0859,0.006224,0.016541,0.0,2022-05-02 15:42:30
4671,4671,medium,0.1822,0.006961,0.019839,0.0015,2023-02-16 12:49:06
4672,4672,high,0.3557,0.025794,0.059109,0.004,2022-02-02 11:58:25
4673,4673,low,0.1193,0.007431,0.01889,0.0,2025-04-30 05:05:05
4674,4674,low,0.0985,0.004069,0.018073,0.0,2022-03-19 00:04:27
4675,4675,medium,0.201,0.008002,0.039308,0.0015,2024-01-15 05:55:21
4676,4676,low,0.01,0.000642,0.002106,0.0,2025-03-13 18:23:09
4677,4677,medium,0.1828,0.008223,0.02429,0.0015,2024-10-02 11:04:27
4678,4678,low,0.1089,0.003958,0.011387,0.0,2022-11-18 01:47:05
4679,4679,low,0.0926,0.003989,0.01559,0.0,2023-10-06 09:59:11
4680,4680,medium,0.18,0.007055,0.026266,0.0015,2024-01-21 00:54:34
4681,4681,low,0.0816,0.003413,0.012512,0.0,2024-11-16 12:26:39
4682,4682,low,0.1046,0.005878,0.021023,0.0,2023-08-07 02:26:58
4683,4683,low,0.1248,0.007029,0.017885,0.0,2023-01-25 22:18:27
4684,4684,medium,0.2422,0.01282,0.039894,0.0015,2024-12-24 06:41:38
4685,4685,medium,0.1597,0.010363,0.018575,0.0015,2025-04-27 16:53:04
4686,4686,medium,0.1537,0.005478,0.029993,0.0015,2023-10-31 19:30:32
4687,4687,low,0.1291,0.009113,0.020506,0.0,2022-02-08 07:58:43
4688,4688,medium,0.1561,0.011648,0.021724,0.0015,2023-11-16 21:41:48
4689,4689,medium,0.1921,0.013981,0.029283,0.0015,2025-05-01 13:12:58
4690,4690,medium,0.1598,0.007288,0.020581,0.0015,2025-09-15 01:51:59
4691,4691,medium,0.1664,0.01167,0.027871,0.0015,2023-07-03 14:47:31
4692,4692,medium,0.1966,0.012712,0.024981,0.0015,2022-07-25 09:03:12
4693,4693,medium,0.1343,0.007299,0.019206,0.0015,2024-02-22 17:15:06
4694,4694,low,0.0861,0.00642,0.009507,0.0,2025-02-10 09:40:18
4695,4695,low,0.0882,0.003887,0.011994,0.0,2025-07-16 18:24:08
4696,4696,medium,0.1431,0.008355,0.020863,0.0015,2022-03-12 19:02:51
4697,4697,medium,0.1443,0.006281,0.027899,0.0015,2023-02-02 11:18:54
4698,4698,medium,0.1819,0.008228,0.032351,0.0015,2023-10-16 10:09:51
4699,4699,medium,0.1532,0.010459,0.017493,0.0015,2022-05-15 09:53:37
4700,4700,low,0.061,0.003688,0.010509,0.0,2025-04-27 12:08:41
4701,4701,high,0.3105,0.019733,0.047542,0.004,2022-06-03 10:45:56
4702,4702,medium,0.1834,0.00904,0.027487,0.0015,2024-06-29 00:18:17
4703,4703,low,0.0802,0.005765,0.009017,0.0,2025-06-10 16:26:27
4704,4704,medium,0.2202,0.011718,0.03746,0.0015,2024-07-26 08:57:58
4705,4705,low,0.0915,0.004401,0.011066,0.0,2024-11-10 01:36:24
4706,4706,low,0.0882,0.003743,0.011773,0.0,2022-12-27 05:13:58
4707,4707,medium,0.1442,0.006572,0.0286,0.0015,2025-02-05 23:29:09
4708,4708,medium,0.2452,0.016318,0.026209,0.0015,2023-07-27 14:38:51
4709,4709,medium,0.1886,0.009116,0.036508,0.0015,2022-03-25 21:18:04
4710,4710,medium,0.1685,0.008066,0.024734,0.0015,2023-05-17 11:35:22
4711,4711,medium,0.1942,0.009804,0.026045,0.0015,2023-04-24 13:57:32
4712,4712,low,0.104,0.004999,0.016688,0.0,2023-12-15 08:01:24
4713,4713,low,0.0785,0.004386,0.010347,0.0,2022-12-29 06:48:44
4714,4714,medium,0.1522,0.011283,0.030623,0.0015,2023-09-25 07:52:02
4715,4715,medium,0.2261,0.016486,0.023822,0.0015,2023-08-09 11:05:54
4716,4716,low,0.113,0.008178,0.020399,0.0,2023-03-24 04:43:36
4717,4717,medium,0.1421,0.0084,0.027945,0.0015,2023-02-22 21:32:22
4718,4718,medium,0.2342,0.017426,0.029456,0.0015,2022-12-10 04:00:07
4719,4719,medium,0.2024,0.010044,0.03896,0.0015,2025-03-29 03:35:52
4720,4720,medium,0.1829,0.007858,0.028195,0.0015,2023-05-15 09:13:52
4721,4721,medium,0.1798,0.012802,0.039309,0.0015,2022-02-25 16:08:57
4722,4722,low,0.1062,0.007193,0.015418,0.0,2022-07-25 02:52:42
4723,4723,low,0.1189,0.006012,0.016484,0.0,2025-01-07 23:02:15
4724,4724,medium,0.2489,0.011104,0.05156,0.0015,2025-04-08 00:55:42
4725,4725,high,0.2866,0.014272,0.051347,0.004,2022-10-17 23:43:27
4726,4726,low,0.0925,0.004835,0.01781,0.0,2024-04-03 16:47:01
4727,4727,low,0.1181,0.008075,0.017698,0.0,2024-02-25 16:56:50
4728,4728,medium,0.1427,0.007218,0.022701,0.0015,2022-07-03 00:28:33
4729,4729,medium,0.1369,0.007428,0.029836,0.0015,2023-09-11 07:54:33
4730,4730,low,0.1265,0.00536,0.020853,0.0,2024-08-07 04:47:22
4731,4731,medium,0.2066,0.013281,0.03917,0.0015,2025-08-16 00:40:33
4732,4732,medium,0.2077,0.01248,0.045187,0.0015,2025-03-05 14:35:07
4733,4733,medium,0.2271,0.009287,0.042507,0.0015,2022-05-14 20:04:23
4734,4734,medium,0.2181,0.010101,0.040517,0.0015,2022-11-21 22:46:16
4735,4735,medium,0.1525,0.007232,0.017363,0.0015,2023-08-21 10:06:23
4736,4736,medium,0.1919,0.011433,0.02406,0.0015,2022-07-26 00:31:07
4737,4737,low,0.0564,0.002022,0.010934,0.0,2024-02-20 16:49:50
4738,4738,high,0.2633,0.015361,0.057386,0.004,2022-01-12 18:55:18
4739,4739,low,0.1127,0.0051,0.017129,0.0,2022-06-05 07:09:03
4740,4740,medium,0.1795,0.012808,0.034348,0.0015,2022-03-06 15:19:23
4741,4741,low,0.096,0.006515,0.009724,0.0,2023-02-09 05:27:16
4742,4742,low,0.0654,0.00375,0.00751,0.0,2024-11-08 18:14:10
4743,4743,medium,0.1819,0.008534,0.019911,0.0015,2022-08-31 12:12:10
4744,4744,medium,0.1742,0.007936,0.019638,0.0015,2025-09-12 11:18:05
4745,4745,medium,0.2258,0.008434,0.024144,0.0015,2023-01-04 17:36:28
4746,4746,low,0.1072,0.005387,0.011036,0.0,2022-03-03 09:30:38
4747,4747,low,0.1062,0.004347,0.01917,0.0,2023-04-04 22:54:34
4748,4748,medium,0.2058,0.012375,0.031436,0.0015,2024-10-20 08:39:56
4749,4749,high,0.2812,0.019537,0.046418,0.004,2022-05-26 21:36:14
4750,4750,medium,0.1842,0.00702,0.025957,0.0015,2022-04-09 07:22:43
4751,4751,low,0.1211,0.008575,0.017945,0.0,2025-03-07 21:39:08
4752,4752,low,0.0791,0.004044,0.009421,0.0,2024-03-21 00:54:17
4753,4753,medium,0.1413,0.005104,0.025013,0.0015,2023-04-15 13:25:36
4754,4754,medium,0.1875,0.007191,0.021755,0.0015,2024-10-31 07:27:49
4755,4755,medium,0.2333,0.008168,0.048003,0.0015,2025-03-01 00:53:31
4756,4756,medium,0.1764,0.01035,0.023615,0.0015,2023-05-07 09:23:55
4757,4757,low,0.0703,0.003221,0.009237,0.0,2024-02-07 16:42:57
4758,4758,high,0.3185,0.017114,0.039374,0.004,2022-01-15 23:00:31
4759,4759,medium,0.1489,0.009554,0.016808,0.0015,2023-02-23 18:56:26
4760,4760,medium,0.1351,0.006994,0.017576,0.0015,2024-03-25 05:15:24
4761,4761,medium,0.2296,0.009844,0.050444,0.0015,2022-09-27 15:12:38
4762,4762,low,0.1214,0.008315,0.012488,0.0,2025-09-18 00:32:37
4763,4763,low,0.01,0.000433,0.001592,0.0,2025-08-21 12:34:01
4764,4764,medium,0.1684,0.010777,0.023999,0.0015,2022-12-19 10:05:42
4765,4765,low,0.1052,0.006577,0.02035,0.0,2023-06-27 05:23:22
4766,4766,low,0.0725,0.004863,0.012609,0.0,2022-09-17 05:22:39
4767,4767,high,0.355,0.018754,0.036776,0.004,2023-11-21 09:41:28
4768,4768,medium,0.1604,0.011575,0.017587,0.0015,2022-06-19 12:44:05
4769,4769,medium,0.1337,0.005326,0.023922,0.0015,2023-06-19 19:36:27
4770,4770,medium,0.2136,0.012063,0.039057,0.0015,2024-01-30 14:09:09
4771,4771,medium,0.1548,0.009791,0.027313,0.0015,2024-04-17 00:05:16
4772,4772,high,0.3312,0.02305,0.059167,0.004,2024-03-26 22:29:07
4773,4773,medium,0.166,0.010116,0.033236,0.0015,2022-10-30 21:38:27
4774,4774,medium,0.1647,0.010126,0.024039,0.0015,2024-12-19 19:50:10
4775,4775,medium,0.1753,0.012878,0.024225,0.0015,2024-08-04 07:30:05
4776,4776,low,0.01,0.000515,0.001985,0.0,2024-10-27 04:54:06
4777,4777,high,0.2862,0.016124,0.040068,0.004,2023-10-03 00:34:34
4778,4778,medium,0.1372,0.008504,0.029516,0.0015,2025-05-05 23:55:20
4779,4779,low,0.1107,0.005062,0.020636,0.0,2023-06-18 07:49:04
4780,4780,medium,0.1605,0.008103,0.029572,0.0015,2025-01-07 07:07:45
4781,4781,medium,0.1886,0.011793,0.039401,0.0015,2022-10-06 10:16:17
4782,4782,low,0.0908,0.004608,0.017424,0.0,2022-12-05 06:16:22
4783,4783,medium,0.219,0.015622,0.023023,0.0015,2023-12-22 14:05:12
4784,4784,medium,0.1588,0.009173,0.024614,0.0015,2024-01-31 10:34:01
4785,4785,high,0.2528,0.015871,0.036748,0.004,2024-10-17 19:45:43
4786,4786,low,0.0743,0.003083,0.011228,0.0,2023-02-11 20:37:45
4787,4787,low,0.1158,0.008544,0.015486,0.0,2025-04-08 18:51:31
4788,4788,low,0.0442,0.003306,0.005595,0.0,2023-03-28 03:30:48
4789,4789,high,0.3668,0.022664,0.06057,0.004,2024-01-01 18:18:24
4790,4790,medium,0.2278,0.009885,0.043087,0.0015,2025-06-28 21:35:51
4791,4791,low,0.1139,0.006458,0.013905,0.0,2024-01-08 21:38:27
4792,4792,medium,0.1366,0.005322,0.018188,0.0015,2024-07-21 20:00:22
4793,4793,low,0.0958,0.003565,0.017218,0.0,2025-05-27 23:58:01
4794,4794,low,0.1122,0.005289,0.020225,0.0,2025-08-26 05:45:08
4795,4795,medium,0.1686,0.007404,0.018603,0.0015,2023-11-15 04:32:05
4796,4796,medium,0.2464,0.018067,0.026931,0.0015,2023-07-25 08:04:20
4797,4797,low,0.0947,0.006145,0.015115,0.0,2022-09-27 09:37:55
4798,4798,low,0.0205,0.0013,0.0041,0.0,2024-01-06 05:09:01
4799,4799,medium,0.2091,0.013684,0.026473,0.0015,2025-06-10 06:53:19
4800,4800,medium,0.15,0.007406,0.032961,0.0015,2023-10-29 08:58:24
4801,4801,low,0.1023,0.007649,0.022501,0.0,2023-04-22 17:13:46
4802,4802,medium,0.1327,0.007725,0.022864,0.0015,2022-05-27 18:26:55
4803,4803,high,0.3149,0.013658,0.067793,0.004,2023-06-18 03:41:50
4804,4804,medium,0.1331,0.008246,0.019587,0.0015,2022-11-20 19:23:59
4805,4805,high,0.3045,0.017391,0.048788,0.004,2025-08-29 03:28:11
4806,4806,medium,0.2108,0.012515,0.038873,0.0015,2023-12-23 19:21:25
4807,4807,low,0.0739,0.003377,0.00802,0.0,2022-07-07 09:33:05
4808,4808,low,0.022,0.001284,0.004226,0.0,2022-04-03 04:01:59
4809,4809,medium,0.1673,0.006355,0.035543,0.0015,2025-03-09 19:36:32
4810,4810,low,0.0752,0.005084,0.012665,0.0,2024-11-09 18:55:42
4811,4811,low,0.1213,0.007183,0.015323,0.0,2022-06-19 10:02:08
4812,4812,medium,0.1458,0.00897,0.016859,0.0015,2022-05-15 10:54:34
4813,4813,medium,0.2041,0.011854,0.025749,0.0015,2022-09-28 20:06:13
4814,4814,medium,0.1411,0.01051,0.017519,0.0015,2024-10-24 13:18:47
4815,4815,low,0.0212,0.000812,0.004307,0.0,2024-11-12 23:01:35
4816,4816,medium,0.2196,0.011792,0.025567,0.0015,2025-02-20 04:13:31
4817,4817,medium,0.1362,0.008423,0.029469,0.0015,2022-05-13 14:33:17
4818,4818,medium,0.1681,0.00993,0.032511,0.0015,2022-07-29 14:18:31
4819,4819,low,0.1054,0.00673,0.019795,0.0,2025-05-16 13:55:50
4820,4820,medium,0.1945,0.014433,0.033859,0.0015,2025-06-24 12:31:59
4821,4821,low,0.1091,0.005931,0.011493,0.0,2024-09-19 18:12:51
4822,4822,medium,0.1467,0.009817,0.02733,0.0015,2022-05-26 01:26:48
4823,4823,low,0.0832,0.004566,0.012136,0.0,2022-04-04 20:57:35
4824,4824,medium,0.2056,0.013284,0.02361,0.0015,2022-03-18 01:01:58
4825,4825,low,0.1293,0.007106,0.025832,0.0,2024-08-04 10:43:21
4826,4826,low,0.0997,0.005291,0.013958,0.0,2025-03-03 06:47:26
4827,4827,medium,0.1902,0.01399,0.032761,0.0015,2024-05-14 01:37:41
4828,4828,medium,0.2113,0.013188,0.025095,0.0015,2022-12-25 13:20:37
4829,4829,high,0.2531,0.015767,0.029194,0.004,2024-11-02 01:17:47
4830,4830,low,0.1234,0.006881,0.018947,0.0,2022-03-22 21:21:37
4831,4831,medium,0.2316,0.008737,0.024351,0.0015,2025-02-06 23:23:30
4832,4832,high,0.2924,0.014425,0.050792,0.004,2025-05-05 02:18:27
4833,4833,high,0.3227,0.011938,0.035323,0.004,2024-09-09 16:53:08
4834,4834,medium,0.2221,0.01435,0.036144,0.0015,2025-04-17 20:00:25
4835,4835,high,0.2668,0.017844,0.038225,0.004,2024-03-12 21:20:24
4836,4836,low,0.1167,0.004231,0.0162,0.0,2023-10-03 17:20:41
4837,4837,high,0.3073,0.016889,0.059099,0.004,2023-03-18 03:06:56
4838,4838,medium,0.1777,0.012622,0.02788,0.0015,2025-06-14 21:33:22
4839,4839,medium,0.1709,0.006709,0.021066,0.0015,2024-08-11 20:53:19
4840,4840,low,0.0369,0.001817,0.005399,0.0,2022-09-18 14:18:54
4841,4841,low,0.0854,0.003396,0.012499,0.0,2025-08-02 03:17:27
4842,4842,medium,0.14,0.00769,0.022883,0.0015,2022-03-22 23:48:44
4843,4843,medium,0.1825,0.010278,0.032414,0.0015,2024-03-14 17:30:54
4844,4844,low,0.088,0.004457,0.012029,0.0,2022-09-18 15:54:54
4845,4845,medium,0.1723,0.011799,0.023721,0.0015,2024-06-27 19:46:14
4846,4846,medium,0.1581,0.008123,0.030873,0.0015,2023-07-19 12:12:15
4847,4847,high,0.3252,0.012805,0.039553,0.004,2023-08-21 23:47:16
4848,4848,medium,0.1461,0.009771,0.026081,0.0015,2024-07-07 16:05:39
4849,4849,medium,0.1803,0.007846,0.039408,0.0015,2024-10-31 08:57:30
4850,4850,medium,0.1956,0.012506,0.037916,0.0015,2023-06-04 21:33:23
4851,4851,medium,0.1765,0.009245,0.023304,0.0015,2025-09-26 19:24:56
4852,4852,medium,0.224,0.009799,0.02331,0.0015,2023-11-13 21:50:29
4853,4853,medium,0.1787,0.006964,0.024062,0.0015,2022-08-08 09:54:08
4854,4854,medium,0.2241,0.015258,0.022501,0.0015,2022-01-09 18:04:52
4855,4855,low,0.109,0.004769,0.018556,0.0,2022-10-04 21:22:12
4856,4856,high,0.2764,0.020599,0.042856,0.004,2024-08-03 09:59:17
4857,4857,low,0.0199,0.001113,0.003426,0.0,2024-01-08 22:49:13
4858,4858,medium,0.1622,0.010395,0.03162,0.0015,2023-04-08 03:39:03
4859,4859,medium,0.1468,0.008461,0.018754,0.0015,2023-10-21 12:31:01
4860,4860,medium,0.1953,0.014631,0.028248,0.0015,2025-02-20 13:18:55
4861,4861,medium,0.1761,0.007848,0.027348,0.0015,2024-02-21 21:46:44
4862,4862,medium,0.1811,0.009173,0.034818,0.0015,2022-03-21 11:25:11
4863,4863,medium,0.1445,0.010156,0.022337,0.0015,2022-03-09 03:11:56
4864,4864,medium,0.1506,0.006423,0.018871,0.0015,2023-10-22 10:40:53
4865,4865,medium,0.2103,0.012654,0.043646,0.0015,2023-07-08 01:12:16
4866,4866,low,0.069,0.004891,0.007421,0.0,2025-03-09 11:39:39
4867,4867,medium,0.229,0.0171,0.040472,0.0015,2024-03-08 12:20:32
4868,4868,high,0.2964,0.019861,0.04051,0.004,2024-11-01 09:17:27
4869,4869,high,0.2811,0.010627,0.044567,0.004,2024-03-11 13:00:08
4870,4870,medium,0.2033,0.011732,0.043912,0.0015,2023-04-18 08:12:23
4871,4871,medium,0.1915,0.011968,0.032808,0.0015,2024-06-18 05:35:19
4872,4872,medium,0.1795,0.008477,0.032434,0.0015,2024-04-30 02:44:41
4873,4873,medium,0.1653,0.010266,0.029464,0.0015,2024-09-12 06:07:57
4874,4874,medium,0.1915,0.013676,0.035661,0.0015,2022-09-16 21:09:35
4875,4875,low,0.0729,0.004435,0.011171,0.0,2023-01-26 12:33:03
4876,4876,high,0.3112,0.017037,0.031762,0.004,2024-12-17 01:15:47
4877,4877,low,0.1156,0.007555,0.023903,0.0,2024-12-28 09:10:00
4878,4878,medium,0.1692,0.007929,0.028315,0.0015,2024-05-04 16:08:28
4879,4879,low,0.0525,0.003239,0.010996,0.0,2025-07-19 01:59:32
4880,4880,medium,0.1302,0.007194,0.02452,0.0015,2024-01-06 07:27:05
4881,4881,high,0.3328,0.019783,0.063366,0.004,2022-02-04 09:19:33
4882,4882,medium,0.1843,0.010067,0.032865,0.0015,2024-04-09 06:38:28
4883,4883,medium,0.1965,0.01014,0.042331,0.0015,2024-11-29 21:20:04
4884,4884,medium,0.211,0.007822,0.041209,0.0015,2022-05-19 10:22:50
4885,4885,high,0.3752,0.02246,0.05712,0.004,2022-05-24 02:14:46
4886,4886,low,0.0685,0.005078,0.009103,0.0,2023-01-09 16:16:31
4887,4887,medium,0.1755,0.00863,0.025876,0.0015,2025-02-28 22:18:57
4888,4888,low,0.1159,0.00695,0.014114,0.0,2023-12-23 11:35:22
4889,4889,low,0.1283,0.008207,0.016503,0.0,2025-08-28 18:28:20
4890,4890,medium,0.1754,0.010372,0.020954,0.0015,2025-04-09 05:54:58
4891,4891,medium,0.1787,0.012691,0.019095,0.0015,2024-01-30 00:18:03
4892,4892,high,0.3232,0.023357,0.047559,0.004,2024-07-17 22:37:14
4893,4893,medium,0.1324,0.009247,0.025301,0.0015,2023-03-29 19:27:08
4894,4894,medium,0.1561,0.008091,0.016909,0.0015,2022-05-04 16:16:40
4895,4895,medium,0.1755,0.007126,0.031067,0.0015,2023-06-30 11:21:24
4896,4896,medium,0.2,0.010205,0.043516,0.0015,2024-03-21 05:34:16
4897,4897,medium,0.2379,0.013305,0.036764,0.0015,2022-09-07 05:44:45
4898,4898,medium,0.2174,0.007978,0.028956,0.0015,2022-10-31 08:06:05
4899,4899,low,0.0388,0.002656,0.00677,0.0,2022-01-21 12:17:12
4900,4900,medium,0.1422,0.010014,0.025885,0.0015,2024-10-01 03:13:54
4901,4901,medium,0.2398,0.014459,0.032426,0.0015,2025-05-15 10:03:24
4902,4902,medium,0.132,0.007683,0.019522,0.0015,2025-02-05 22:32:17
4903,4903,medium,0.1874,0.009462,0.039865,0.0015,2023-06-04 20:03:47
4904,4904,low,0.0985,0.007302,0.016078,0.0,2024-03-22 20:21:22
4905,4905,medium,0.2277,0.011942,0.049735,0.0015,2025-08-07 09:07:21
4906,4906,low,0.1213,0.005244,0.01953,0.0,2024-03-19 23:37:01
4907,4907,medium,0.1457,0.010702,0.017438,0.0015,2023-02-09 18:34:46
4908,4908,low,0.1085,0.007421,0.021247,0.0,2023-04-09 04:38:03
4909,4909,medium,0.1408,0.006771,0.028589,0.0015,2024-09-21 17:12:17
4910,4910,low,0.01,0.000573,0.001037,0.0,2023-09-03 11:16:50
4911,4911,low,0.1144,0.006682,0.014646,0.0,2025-02-19 10:25:09
4912,4912,medium,0.1544,0.010823,0.023788,0.0015,2025-03-28 02:24:19
4913,4913,medium,0.1973,0.011229,0.041526,0.0015,2022-02-19 00:29:32
4914,4914,high,0.3337,0.017261,0.068786,0.004,2024-09-16 12:03:11
4915,4915,medium,0.1872,0.010983,0.033403,0.0015,2023-05-22 02:30:31
4916,4916,low,0.1071,0.007911,0.020515,0.0,2023-12-13 00:33:07
4917,4917,high,0.3559,0.0132,0.041765,0.004,2022-12-29 05:42:34
4918,4918,medium,0.1897,0.011547,0.031881,0.0015,2023-05-19 17:48:20
4919,4919,medium,0.1553,0.005946,0.030105,0.0015,2023-03-28 23:02:42
4920,4920,medium,0.2468,0.011233,0.031656,0.0015,2022-03-10 22:04:03
4921,4921,medium,0.2192,0.01377,0.025213,0.0015,2024-12-06 19:56:56
4922,4922,medium,0.2154,0.013659,0.037051,0.0015,2022-07-15 15:13:08
4923,4923,low,0.1284,0.008777,0.027016,0.0,2023-05-30 02:12:45
4924,4924,low,0.0507,0.002873,0.011002,0.0,2022-09-22 01:24:10
4925,4925,low,0.118,0.007917,0.017837,0.0,2022-08-08 17:07:41
4926,4926,low,0.0748,0.004124,0.011675,0.0,2023-05-26 18:55:42
4927,4927,medium,0.2113,0.009098,0.037005,0.0015,2025-06-10 20:55:14
4928,4928,medium,0.1484,0.00784,0.015513,0.0015,2025-07-15 14:07:27
4929,4929,low,0.0624,0.002616,0.010306,0.0,2023-06-07 03:58:53
4930,4930,medium,0.1514,0.008605,0.026544,0.0015,2023-11-23 01:11:46
4931,4931,medium,0.1929,0.010734,0.022183,0.0015,2025-09-10 10:27:26
4932,4932,low,0.06,0.002727,0.01197,0.0,2022-11-18 06:16:20
4933,4933,low,0.1162,0.006327,0.019087,0.0,2025-07-16 08:38:10
4934,4934,medium,0.1665,0.009847,0.034001,0.0015,2022-05-25 15:59:18
4935,4935,medium,0.1974,0.010344,0.032882,0.0015,2022-11-05 23:14:40
4936,4936,medium,0.2261,0.009937,0.030977,0.0015,2023-04-08 19:14:49
4937,4937,medium,0.1948,0.014252,0.028242,0.0015,2022-02-20 17:32:54
4938,4938,low,0.01,0.000671,0.002146,0.0,2025-01-20 22:04:05
4939,4939,medium,0.2056,0.008947,0.031689,0.0015,2025-03-16 05:01:01
4940,4940,medium,0.1872,0.01012,0.030138,0.0015,2023-06-09 09:54:38
4941,4941,low,0.01,0.000501,0.00191,0.0,2025-02-18 04:13:22
4942,4942,high,0.2658,0.019899,0.052579,0.004,2024-11-22 18:54:38
4943,4943,low,0.106,0.00677,0.022308,0.0,2025-01-01 07:44:48
4944,4944,medium,0.2177,0.01327,0.039865,0.0015,2025-01-03 02:24:35
4945,4945,low,0.0516,0.002108,0.007001,0.0,2024-02-24 12:34:12
4946,4946,medium,0.2226,0.009486,0.026255,0.0015,2022-06-01 14:28:03
4947,4947,medium,0.1752,0.012656,0.027167,0.0015,2025-06-17 07:54:26
4948,4948,low,0.1049,0.005554,0.011676,0.0,2024-04-12 15:31:01
4949,4949,low,0.0404,0.001439,0.008477,0.0,2025-05-17 22:18:31
4950,4950,medium,0.173,0.009495,0.037649,0.0015,2022-09-14 00:55:13
4951,4951,medium,0.1539,0.009194,0.025019,0.0015,2023-07-05 02:59:50
4952,4952,low,0.043,0.002005,0.0045,0.0,2022-09-21 07:57:43
4953,4953,medium,0.1318,0.006856,0.017862,0.0015,2022-03-11 16:35:46
4954,4954,low,0.0972,0.004477,0.014255,0.0,2025-08-15 01:03:18
4955,4955,low,0.077,0.004057,0.011313,0.0,2025-06-17 01:52:26
4956,4956,low,0.1186,0.008819,0.021863,0.0,2025-06-28 14:57:22
4957,4957,medium,0.1822,0.009724,0.039679,0.0015,2025-04-23 20:31:52
4958,4958,medium,0.1739,0.011697,0.017903,0.0015,2024-06-06 12:32:06
4959,4959,low,0.1264,0.005073,0.027277,0.0,2023-12-16 06:56:52
4960,4960,low,0.0471,0.003137,0.009894,0.0,2025-09-18 08:04:16
4961,4961,medium,0.1679,0.00928,0.034047,0.0015,2024-01-26 11:34:27
4962,4962,medium,0.2332,0.011584,0.035535,0.0015,2024-05-28 20:18:26
4963,4963,low,0.0958,0.005563,0.014085,0.0,2022-10-17 15:53:01
4964,4964,medium,0.2188,0.010728,0.034473,0.0015,2024-10-18 11:55:22
4965,4965,medium,0.2067,0.013927,0.036876,0.0015,2025-01-26 00:12:25
4966,4966,medium,0.1551,0.010328,0.020411,0.0015,2024-07-17 05:25:25
4967,4967,medium,0.1778,0.007859,0.02632,0.0015,2023-11-14 02:02:11
4968,4968,low,0.0166,0.000869,0.003577,0.0,2022-09-28 16:24:16
4969,4969,medium,0.1743,0.007067,0.01897,0.0015,2022-02-16 08:16:32
4970,4970,medium,0.2452,0.008635,0.030471,0.0015,2024-05-08 03:50:57
4971,4971,low,0.1195,0.005599,0.012542,0.0,2024-07-23 08:44:49
4972,4972,medium,0.1707,0.009801,0.029217,0.0015,2024-11-22 22:30:23
4973,4973,medium,0.2457,0.016065,0.039899,0.0015,2025-07-24 06:41:36
4974,4974,high,0.26,0.01898,0.028042,0.004,2023-11-12 09:21:47
4975,4975,medium,0.2461,0.012778,0.038257,0.0015,2025-02-08 06:40:08
4976,4976,low,0.1145,0.004023,0.014133,0.0,2024-09-06 21:16:19
4977,4977,medium,0.1601,0.009768,0.028428,0.0015,2023-01-15 04:58:09
4978,4978,medium,0.131,0.005668,0.025807,0.0015,2025-03-02 03:00:00
4979,4979,low,0.1007,0.005844,0.011362,0.0,2022-03-14 22:46:09
4980,4980,medium,0.1347,0.007148,0.025668,0.0015,2024-03-30 06:45:32
4981,4981,low,0.01,0.000461,0.001529,0.0,2025-07-10 09:37:03
4982,4982,high,0.2684,0.012603,0.043369,0.004,2024-06-20 11:04:58
4983,4983,high,0.2743,0.013355,0.042224,0.004,2025-07-05 21:38:36
4984,4984,medium,0.1869,0.007848,0.034769,0.0015,2022-03-18 19:47:32
4985,4985,medium,0.1599,0.010111,0.029656,0.0015,2023-12-30 08:15:35
4986,4986,medium,0.22,0.011171,0.037496,0.0015,2024-12-03 21:03:39
4987,4987,high,0.3118,0.019871,0.039649,0.004,2024-05-28 16:33:54
4988,4988,high,0.3078,0.017943,0.04482,0.004,2025-04-19 13:46:23
4989,4989,medium,0.1373,0.006054,0.02715,0.0015,2023-09-25 20:05:06
4990,4990,medium,0.237,0.011341,0.032603,0.0015,2024-07-22 19:13:29
4991,4991,low,0.0685,0.004929,0.014397,0.0,2023-07-29 05:44:11
4992,4992,low,0.0957,0.004964,0.012875,0.0,2025-04-08 01:26:10
4993,4993,medium,0.1881,0.007436,0.031238,0.0015,2022-06-13 09:43:51
4994,4994,medium,0.164,0.009961,0.028437,0.0015,2022-12-14 15:15:48
4995,4995,medium,0.1538,0.007489,0.018494,0.0015,2022-05-13 08:35:28
4996,4996,medium,0.1698,0.009108,0.027022,0.0015,2024-08-18 11:21:32
4997,4997,medium,0.1387,0.005998,0.018213,0.0015,2022-11-15 09:03:42
4998,4998,medium,0.1367,0.004854,0.01759,0.0015,2023-03-10 20:15:53
4999,4999,medium,0.1749,0.010214,0.027731,0.0015,2025-02-18 12:35:20
5000,5000,high,0.2988,0.015649,0.040569,0.004,2023-05-08 17:31:07
