account_id,email,created_at,region,business_segment,company_size,account_status,closed_at
1,company_00001@example.com,2022-05-03 02:17:14,Central,education,small,active,
2,company_00002@example.com,2024-11-24 18:31:29,South,education,small,active,
3,company_00003@example.com,2024-06-14 10:53:31,Moscow,retail,small,churned,2025-04-25 10:14:08.019085024
4,company_00004@example.com,2023-08-24 09:15:24,Siberia,travel,small,churned,2024-03-23 16:58:34.981796087
5,company_00005@example.com,2023-08-16 08:45:22,Saint Petersburg,services,small,active,
6,company_00006@example.com,2025-03-20 13:29:12,Moscow,travel,small,active,
7,company_00007@example.com,2022-04-28 13:46:01,Moscow,services,small,active,
8,company_00008@example.com,2024-08-11 23:59:13,Saint Petersburg,education,medium,active,
9,company_00009@example.com,2022-10-03 14:38:52,Moscow,education,small,active,
10,company_00010@example.com,2022-05-09 20:01:50,Volga,travel,medium,active,
11,company_00011@example.com,2023-12-22 05:21:28,Volga,retail,medium,active,
12,company_00012@example.com,2025-08-27 15:37:58,Central,education,medium,active,
13,company_00013@example.com,2024-10-03 12:13:18,Central,ecommerce,small,active,
14,company_00014@example.com,2024-11-07 05:44:19,Ural,services,small,churned,2025-06-06 08:53:40.226304068
15,company_00015@example.com,2024-09-08 12:12:50,Saint Petersburg,ecommerce,small,churned,2025-07-29 16:52:01.160219319
16,company_00016@example.com,2024-12-11 08:03:47,Volga,other,medium,active,
17,company_00017@example.com,2023-12-04 02:15:17,Siberia,ecommerce,small,churned,2025-06-11 03:21:00.452409066
18,company_00018@example.com,2022-06-25 06:13:36,Moscow,retail,large,active,
19,company_00019@example.com,2025-02-22 18:36:49,Volga,ecommerce,small,active,
20,company_00020@example.com,2023-09-09 03:04:15,Far East,retail,medium,active,
21,company_00021@example.com,2023-11-16 11:33:14,Volga,retail,small,active,
22,company_00022@example.com,2023-05-23 06:02:26,Northwest,travel,small,churned,2026-03-31 15:13:53.680529296
23,company_00023@example.com,2022-09-07 17:28:10,Saint Petersburg,ecommerce,small,active,
24,company_00024@example.com,2025-06-21 19:32:53,Volga,retail,small,active,
25,company_00025@example.com,2024-12-05 04:25:21,Saint Petersburg,ecommerce,small,active,
26,company_00026@example.com,2024-05-30 19:22:46,Moscow,retail,small,active,
27,company_00027@example.com,2023-07-05 12:04:06,Northwest,other,small,active,
28,company_00028@example.com,2025-01-30 12:54:33,Moscow,retail,small,active,
29,company_00029@example.com,2024-01-17 03:31:43,Northwest,saas,small,active,
30,company_00030@example.com,2023-08-30 14:10:29,South,education,large,active,
31,company_00031@example.com,2022-11-07 20:42:06,Siberia,education,small,churned,2023-12-15 18:22:03.929666415
32,company_00032@example.com,2022-05-07 01:00:22,Northwest,saas,small,churned,2025-03-01 05:16:42.858933419
33,company_00033@example.com,2024-01-29 16:07:39,Volga,ecommerce,small,churned,2024-09-17 09:15:17.966889197
34,company_00034@example.com,2025-04-29 15:11:57,Northwest,saas,small,active,
35,company_00035@example.com,2022-03-29 07:14:53,Ural,education,small,active,
36,company_00036@example.com,2025-03-20 03:25:11,Volga,retail,small,active,
37,company_00037@example.com,2025-02-06 04:47:11,South,entertainment,large,active,
38,company_00038@example.com,2023-01-14 14:34:27,Moscow,retail,small,active,
39,company_00039@example.com,2024-05-14 02:48:19,Moscow,other,medium,active,
40,company_00040@example.com,2022-08-15 00:48:04,Saint Petersburg,other,small,active,
41,company_00041@example.com,2024-11-03 01:32:12,Central,retail,small,active,
42,company_00042@example.com,2024-08-16 07:34:12,Moscow,retail,small,active,
43,company_00043@example.com,2023-04-30 23:47:47,Volga,saas,small,active,
44,company_00044@example.com,2022-04-03 21:56:58,South,ecommerce,small,active,
45,company_00045@example.com,2025-08-20 21:57:27,South,travel,medium,active,
46,company_00046@example.com,2023-09-02 16:48:41,Siberia,ecommerce,medium,churned,2025-09-20 17:32:17.852775224
47,company_00047@example.com,2025-05-06 18:57:09,Northwest,ecommerce,small,active,
48,company_00048@example.com,2024-07-16 09:26:13,Siberia,education,small,active,
49,company_00049@example.com,2024-11-30 19:53:13,Volga,travel,small,active,
50,company_00050@example.com,2024-11-05 13:01:06,Moscow,travel,small,churned,2025-03-10 15:53:47.505380154
51,company_00051@example.com,2022-09-24 06:22:40,Far East,services,small,active,
52,company_00052@example.com,2023-05-13 19:45:46,Moscow,retail,small,active,
53,company_00053@example.com,2023-10-01 11:23:02,Moscow,retail,large,active,
54,company_00054@example.com,2023-11-12 23:29:30,Saint Petersburg,retail,small,active,
55,company_00055@example.com,2022-03-01 22:09:54,Volga,retail,small,active,
56,company_00056@example.com,2024-01-18 16:58:11,South,retail,medium,churned,2025-09-17 05:56:44.047734432
57,company_00057@example.com,2022-07-31 01:37:57,Moscow,services,medium,active,
58,company_00058@example.com,2024-10-13 22:31:04,Ural,ecommerce,small,churned,2025-04-29 07:31:25.555440174
59,company_00059@example.com,2024-07-23 09:51:47,Moscow,ecommerce,small,active,
60,company_00060@example.com,2025-06-16 00:26:02,Saint Petersburg,services,medium,active,
61,company_00061@example.com,2024-10-15 20:01:51,Saint Petersburg,ecommerce,medium,churned,2025-05-08 23:27:42.838981416
62,company_00062@example.com,2023-05-17 13:36:42,Saint Petersburg,other,small,churned,2025-03-20 13:38:57.731348000
63,company_00063@example.com,2025-08-16 13:16:46,Ural,retail,large,active,
64,company_00064@example.com,2023-07-17 01:02:19,Moscow,ecommerce,small,active,
65,company_00065@example.com,2023-03-22 17:29:53,Moscow,entertainment,medium,active,
66,company_00066@example.com,2025-05-23 18:33:00,Moscow,services,small,active,
67,company_00067@example.com,2023-05-22 18:55:59,Ural,saas,small,active,
68,company_00068@example.com,2022-04-15 10:29:58,Northwest,education,small,active,
69,company_00069@example.com,2023-10-05 08:27:23,South,retail,small,active,
70,company_00070@example.com,2024-12-24 11:45:53,Volga,services,small,churned,2025-09-21 14:19:42.894100767
71,company_00071@example.com,2022-09-17 04:43:25,Siberia,retail,small,active,
72,company_00072@example.com,2023-09-26 07:15:53,Saint Petersburg,services,small,active,
73,company_00073@example.com,2022-06-27 17:34:58,Moscow,retail,small,active,
74,company_00074@example.com,2024-07-28 02:27:09,Volga,retail,medium,active,
75,company_00075@example.com,2023-10-13 18:20:38,Saint Petersburg,ecommerce,medium,active,
76,company_00076@example.com,2023-03-28 17:00:21,Central,saas,small,active,
77,company_00077@example.com,2022-11-07 09:53:15,Central,retail,small,active,
78,company_00078@example.com,2024-02-12 05:39:37,Saint Petersburg,other,small,active,
79,company_00079@example.com,2024-07-05 07:19:59,Central,retail,medium,active,
80,company_00080@example.com,2025-07-10 08:07:47,Central,education,small,active,
81,company_00081@example.com,2023-08-22 00:34:18,Moscow,retail,small,active,
82,company_00082@example.com,2022-08-08 19:42:49,Siberia,services,large,active,
83,company_00083@example.com,2025-02-13 02:29:25,South,saas,large,active,
84,company_00084@example.com,2024-05-11 12:25:17,Moscow,education,small,active,
85,company_00085@example.com,2024-08-15 23:06:13,Moscow,retail,small,active,
86,company_00086@example.com,2022-05-14 00:08:41,Moscow,travel,small,active,
87,company_00087@example.com,2023-03-04 07:37:17,Moscow,ecommerce,medium,active,
88,company_00088@example.com,2024-11-16 09:51:05,Moscow,services,small,active,
89,company_00089@example.com,2025-02-12 12:45:13,Moscow,travel,small,active,
90,company_00090@example.com,2023-08-19 09:02:01,Siberia,retail,small,active,
91,company_00091@example.com,2025-01-05 22:01:24,Ural,services,small,churned,2025-11-05 18:22:16.160412297
92,company_00092@example.com,2025-02-25 10:25:38,Ural,travel,small,active,
93,company_00093@example.com,2023-06-15 01:41:24,Volga,ecommerce,small,active,
94,company_00094@example.com,2025-05-13 14:00:46,South,retail,medium,active,
95,company_00095@example.com,2023-01-30 10:23:17,South,retail,medium,active,
96,company_00096@example.com,2022-11-24 17:09:40,Siberia,saas,small,active,
97,company_00097@example.com,2024-07-22 15:41:32,South,services,medium,active,
98,company_00098@example.com,2024-05-21 02:09:51,South,education,small,active,
99,company_00099@example.com,2022-07-11 04:21:12,Ural,retail,small,active,
100,company_00100@example.com,2025-02-13 04:24:46,Volga,ecommerce,small,active,
101,company_00101@example.com,2022-10-01 11:23:09,Moscow,ecommerce,medium,active,
102,company_00102@example.com,2025-01-06 02:26:51,Moscow,retail,medium,active,
103,company_00103@example.com,2022-01-11 01:43:04,Central,ecommerce,medium,active,
104,company_00104@example.com,2024-12-26 01:56:08,Moscow,ecommerce,medium,active,
105,company_00105@example.com,2024-12-12 12:18:04,Moscow,services,large,active,
106,company_00106@example.com,2024-12-03 12:55:16,Moscow,services,small,churned,2025-08-11 08:10:59.492751943
107,company_00107@example.com,2024-06-28 12:22:59,Saint Petersburg,ecommerce,large,churned,2026-05-03 22:36:14.284521006
108,company_00108@example.com,2023-10-08 02:29:32,Northwest,services,small,active,
109,company_00109@example.com,2024-08-22 15:59:22,Saint Petersburg,ecommerce,small,churned,2025-05-22 15:33:37.327375712
110,company_00110@example.com,2023-01-15 02:27:25,Moscow,retail,small,active,
111,company_00111@example.com,2024-12-04 00:53:43,Central,other,small,active,
112,company_00112@example.com,2024-01-31 03:00:03,Saint Petersburg,education,small,churned,2025-06-30 07:03:15.332085185
113,company_00113@example.com,2023-09-20 19:07:21,South,ecommerce,small,active,
114,company_00114@example.com,2023-11-23 16:03:51,Volga,retail,small,active,
115,company_00115@example.com,2024-02-18 00:54:39,Moscow,services,small,active,
116,company_00116@example.com,2022-02-20 23:23:46,Volga,ecommerce,medium,active,
117,company_00117@example.com,2022-07-11 05:48:54,Moscow,other,small,active,
118,company_00118@example.com,2022-12-02 19:38:15,South,education,small,churned,2025-12-13 18:06:02.252531797
119,company_00119@example.com,2022-06-06 16:15:04,Far East,ecommerce,small,churned,2025-03-08 21:48:38.375171646
120,company_00120@example.com,2023-08-25 09:23:34,Siberia,services,small,active,
121,company_00121@example.com,2024-07-03 09:00:21,Moscow,services,small,active,
122,company_00122@example.com,2024-06-14 06:12:29,Ural,education,medium,active,
123,company_00123@example.com,2023-10-07 11:01:50,Ural,entertainment,small,active,
124,company_00124@example.com,2025-03-15 17:59:12,Siberia,entertainment,medium,churned,2025-10-25 10:36:04.433718095
125,company_00125@example.com,2024-02-13 05:49:54,Saint Petersburg,ecommerce,medium,active,
126,company_00126@example.com,2022-04-19 08:12:32,Central,ecommerce,small,active,
127,company_00127@example.com,2024-11-12 12:26:32,Moscow,retail,medium,active,
128,company_00128@example.com,2024-02-26 01:17:15,Moscow,services,small,active,
129,company_00129@example.com,2024-05-18 07:04:18,South,services,medium,active,
130,company_00130@example.com,2024-02-13 10:20:13,Central,retail,medium,churned,2025-07-13 20:12:55.313699186
131,company_00131@example.com,2024-01-28 07:07:07,Moscow,other,medium,active,
132,company_00132@example.com,2022-05-04 21:28:36,Siberia,retail,small,active,
133,company_00133@example.com,2024-02-04 23:53:22,Central,saas,medium,active,
134,company_00134@example.com,2024-12-23 10:34:15,Northwest,saas,large,active,
135,company_00135@example.com,2023-02-20 19:17:22,Ural,ecommerce,small,active,
136,company_00136@example.com,2024-04-04 16:23:06,Siberia,ecommerce,medium,active,
137,company_00137@example.com,2022-02-12 03:48:40,Ural,ecommerce,medium,churned,2022-10-10 09:35:39.222877670
138,company_00138@example.com,2023-04-21 09:05:37,Moscow,entertainment,small,active,
139,company_00139@example.com,2023-08-21 10:18:19,Moscow,retail,large,active,
140,company_00140@example.com,2022-10-21 13:14:38,Far East,saas,small,active,
141,company_00141@example.com,2023-01-14 07:38:05,Moscow,education,small,active,
142,company_00142@example.com,2023-07-13 20:48:44,Central,education,small,churned,2025-04-02 12:27:54.737913847
143,company_00143@example.com,2025-09-19 23:11:51,Volga,entertainment,small,active,
144,company_00144@example.com,2025-03-13 10:55:46,Moscow,education,medium,active,
145,company_00145@example.com,2022-02-17 11:02:21,Moscow,travel,small,active,
146,company_00146@example.com,2022-11-17 00:42:04,Central,education,small,active,
147,company_00147@example.com,2025-01-29 01:12:55,Saint Petersburg,ecommerce,small,active,
148,company_00148@example.com,2022-03-21 18:11:44,South,ecommerce,small,churned,2024-03-19 13:15:34.623205878
149,company_00149@example.com,2025-03-16 13:23:07,Moscow,ecommerce,medium,active,
150,company_00150@example.com,2023-01-20 22:23:45,Central,travel,medium,active,
151,company_00151@example.com,2025-06-09 08:21:17,Moscow,retail,small,active,
152,company_00152@example.com,2023-02-06 15:16:12,Volga,education,small,active,
153,company_00153@example.com,2023-08-18 03:29:21,Moscow,ecommerce,small,active,
154,company_00154@example.com,2024-06-24 12:02:34,Moscow,services,small,active,
155,company_00155@example.com,2022-06-22 18:02:56,Ural,saas,small,active,
156,company_00156@example.com,2024-02-02 00:28:46,Moscow,services,small,active,
157,company_00157@example.com,2023-11-22 20:40:07,South,other,small,active,
158,company_00158@example.com,2024-12-08 08:56:45,Saint Petersburg,ecommerce,small,active,
159,company_00159@example.com,2025-09-24 16:10:55,Moscow,ecommerce,small,active,
160,company_00160@example.com,2024-06-27 18:44:31,Saint Petersburg,education,small,active,
161,company_00161@example.com,2023-07-14 18:24:33,Siberia,retail,medium,active,
162,company_00162@example.com,2023-07-10 22:29:36,Central,services,medium,active,
163,company_00163@example.com,2023-07-26 18:25:17,Moscow,saas,small,active,
164,company_00164@example.com,2025-01-18 13:55:02,Volga,ecommerce,medium,active,
165,company_00165@example.com,2023-03-16 10:09:17,Central,entertainment,medium,active,
166,company_00166@example.com,2022-08-17 10:03:17,Ural,ecommerce,small,active,
167,company_00167@example.com,2023-04-03 07:27:23,Northwest,services,small,active,
168,company_00168@example.com,2022-02-01 01:40:58,Volga,retail,small,churned,2025-06-11 14:24:15.982675076
169,company_00169@example.com,2022-05-26 04:52:23,Central,services,medium,active,
170,company_00170@example.com,2022-05-04 04:27:04,Saint Petersburg,ecommerce,small,active,
171,company_00171@example.com,2024-11-21 11:36:31,Northwest,other,medium,active,
172,company_00172@example.com,2024-09-15 04:30:07,Central,other,small,active,
173,company_00173@example.com,2024-08-11 04:22:43,Moscow,education,small,active,
174,company_00174@example.com,2023-09-24 20:21:11,Northwest,education,large,churned,2026-01-20 07:48:37.167018160
175,company_00175@example.com,2024-09-07 22:27:54,Northwest,services,small,active,
176,company_00176@example.com,2022-08-09 14:52:30,Central,services,medium,active,
177,company_00177@example.com,2025-05-17 01:12:39,Saint Petersburg,services,large,active,
178,company_00178@example.com,2023-11-17 10:18:07,South,services,medium,active,
179,company_00179@example.com,2025-07-07 06:06:11,Ural,saas,small,active,
180,company_00180@example.com,2022-07-28 08:42:39,Central,services,medium,active,
181,company_00181@example.com,2023-11-12 08:20:27,Saint Petersburg,ecommerce,small,active,
182,company_00182@example.com,2024-08-10 13:35:25,Saint Petersburg,entertainment,small,churned,2025-03-26 01:07:00.328190977
183,company_00183@example.com,2023-11-10 00:23:18,Saint Petersburg,ecommerce,medium,active,
184,company_00184@example.com,2023-09-03 08:12:10,Moscow,ecommerce,medium,active,
185,company_00185@example.com,2022-08-16 09:08:28,Ural,other,small,active,
186,company_00186@example.com,2023-06-06 05:41:20,Moscow,ecommerce,small,active,
187,company_00187@example.com,2022-11-23 15:10:26,Central,ecommerce,medium,active,
188,company_00188@example.com,2023-02-17 11:14:41,Siberia,services,medium,active,
189,company_00189@example.com,2024-07-24 07:15:36,Central,saas,small,active,
190,company_00190@example.com,2024-05-12 05:26:17,Saint Petersburg,ecommerce,medium,active,
191,company_00191@example.com,2024-04-10 15:28:23,Far East,education,small,active,
192,company_00192@example.com,2023-05-10 23:01:53,Moscow,ecommerce,small,active,
193,company_00193@example.com,2025-08-05 20:37:36,Siberia,education,small,active,
194,company_00194@example.com,2022-04-30 21:43:19,Moscow,retail,large,active,
195,company_00195@example.com,2023-04-14 15:56:25,Central,ecommerce,small,active,
196,company_00196@example.com,2022-06-11 10:22:11,Volga,other,small,active,
197,company_00197@example.com,2023-04-09 16:12:10,Saint Petersburg,services,small,active,
198,company_00198@example.com,2025-08-08 21:01:26,Volga,saas,medium,active,
199,company_00199@example.com,2025-05-27 22:31:16,Moscow,entertainment,small,churned,2025-10-15 03:56:36.250649534
200,company_00200@example.com,2023-11-09 05:59:44,Volga,other,small,active,
201,company_00201@example.com,2024-08-15 04:47:04,Moscow,travel,large,active,
202,company_00202@example.com,2023-09-18 17:55:51,Ural,retail,small,active,
203,company_00203@example.com,2022-12-30 17:02:33,Volga,saas,small,active,
204,company_00204@example.com,2024-11-11 11:10:53,Central,education,small,active,
205,company_00205@example.com,2025-08-18 19:59:55,Moscow,retail,medium,active,
206,company_00206@example.com,2022-12-27 12:02:53,Central,retail,small,churned,2024-07-11 00:37:16.688127816
207,company_00207@example.com,2024-12-01 07:56:58,Volga,retail,small,active,
208,company_00208@example.com,2022-12-24 05:44:54,Saint Petersburg,education,small,active,
209,company_00209@example.com,2024-09-07 16:56:19,South,saas,medium,active,
210,company_00210@example.com,2024-12-15 08:39:48,Moscow,education,medium,churned,2025-11-20 05:42:54.167702273
211,company_00211@example.com,2023-09-07 17:26:12,Moscow,retail,small,active,
212,company_00212@example.com,2024-10-05 02:32:39,South,ecommerce,small,active,
213,company_00213@example.com,2023-01-08 10:14:05,Moscow,saas,medium,active,
214,company_00214@example.com,2022-04-19 10:03:04,Moscow,retail,small,active,
215,company_00215@example.com,2022-05-12 20:42:29,South,education,small,active,
216,company_00216@example.com,2023-09-04 12:40:57,South,travel,small,active,
217,company_00217@example.com,2025-05-19 18:14:30,Moscow,saas,small,active,
218,company_00218@example.com,2022-06-24 12:36:11,Moscow,education,small,active,
219,company_00219@example.com,2023-09-16 12:02:49,Central,services,small,active,
220,company_00220@example.com,2024-08-21 02:46:50,Volga,ecommerce,small,active,
221,company_00221@example.com,2022-10-04 19:59:38,Central,other,small,active,
222,company_00222@example.com,2024-09-14 04:06:34,South,services,medium,churned,2025-07-21 00:21:26.512523274
223,company_00223@example.com,2023-02-23 13:10:04,Ural,travel,small,active,
224,company_00224@example.com,2025-01-11 05:56:58,Far East,ecommerce,small,active,
225,company_00225@example.com,2024-03-03 08:56:12,Saint Petersburg,services,medium,active,
226,company_00226@example.com,2024-01-19 04:03:34,Moscow,retail,small,active,
227,company_00227@example.com,2022-08-30 19:48:14,Saint Petersburg,education,medium,active,
228,company_00228@example.com,2023-09-26 15:58:35,Moscow,services,small,active,
229,company_00229@example.com,2025-03-17 20:21:36,Central,saas,medium,active,
230,company_00230@example.com,2022-01-27 17:00:42,Siberia,retail,small,active,
231,company_00231@example.com,2024-11-03 15:42:47,Saint Petersburg,entertainment,small,active,
232,company_00232@example.com,2023-11-06 02:22:29,Moscow,ecommerce,small,active,
233,company_00233@example.com,2024-09-11 05:24:27,Volga,services,small,active,
234,company_00234@example.com,2024-06-26 09:24:01,Northwest,ecommerce,small,active,
235,company_00235@example.com,2023-08-15 02:28:43,Moscow,retail,medium,active,
236,company_00236@example.com,2023-02-27 06:09:41,Ural,entertainment,medium,active,
237,company_00237@example.com,2024-05-08 03:48:13,Ural,ecommerce,small,active,
238,company_00238@example.com,2022-07-11 19:50:35,Central,entertainment,medium,active,
239,company_00239@example.com,2024-03-10 01:06:16,Volga,retail,medium,active,
240,company_00240@example.com,2022-05-10 13:00:58,Central,services,medium,churned,2025-01-10 07:14:32.087956235
241,company_00241@example.com,2024-06-07 23:45:49,Saint Petersburg,ecommerce,medium,churned,2025-08-06 09:31:58.191011351
242,company_00242@example.com,2024-05-10 02:57:54,Central,services,medium,active,
243,company_00243@example.com,2022-04-26 12:28:33,Moscow,entertainment,small,active,
244,company_00244@example.com,2024-11-02 05:50:33,South,services,small,active,
245,company_00245@example.com,2023-07-23 19:47:19,Ural,retail,medium,active,
246,company_00246@example.com,2024-12-12 11:03:22,Saint Petersburg,saas,small,active,
247,company_00247@example.com,2022-02-26 22:16:35,Volga,travel,small,active,
248,company_00248@example.com,2022-09-03 11:54:56,Moscow,ecommerce,small,active,
249,company_00249@example.com,2023-11-07 18:42:23,Moscow,services,large,churned,2026-04-09 08:04:11.139319576
250,company_00250@example.com,2022-09-15 11:48:31,South,services,small,active,
251,company_00251@example.com,2023-03-28 06:00:11,Moscow,travel,medium,active,
252,company_00252@example.com,2024-06-22 16:47:16,Ural,retail,medium,active,
253,company_00253@example.com,2022-07-17 17:01:05,Saint Petersburg,retail,large,active,
254,company_00254@example.com,2024-07-16 02:20:34,Ural,other,small,churned,2025-07-01 22:54:06.878180362
255,company_00255@example.com,2022-05-22 10:55:34,Saint Petersburg,services,medium,churned,2023-01-08 18:50:09.506923892
256,company_00256@example.com,2022-08-28 15:40:47,Saint Petersburg,education,medium,churned,2024-01-08 11:29:20.328794397
257,company_00257@example.com,2024-03-14 21:32:47,Ural,other,small,active,
258,company_00258@example.com,2024-12-21 11:38:29,Volga,ecommerce,medium,active,
259,company_00259@example.com,2022-08-22 08:54:30,Moscow,retail,small,active,
260,company_00260@example.com,2023-02-15 09:21:47,Siberia,travel,small,active,
261,company_00261@example.com,2025-06-19 13:32:37,Saint Petersburg,travel,small,active,
262,company_00262@example.com,2025-09-15 21:17:41,Moscow,other,small,active,
263,company_00263@example.com,2024-03-05 21:23:57,Central,services,small,active,
264,company_00264@example.com,2023-09-04 13:09:23,Volga,retail,small,active,
265,company_00265@example.com,2023-04-20 12:25:45,Volga,retail,small,active,
266,company_00266@example.com,2024-04-17 20:01:17,Siberia,ecommerce,small,active,
267,company_00267@example.com,2024-03-19 08:56:14,Volga,entertainment,small,active,
268,company_00268@example.com,2023-02-08 05:19:53,Moscow,ecommerce,small,active,
269,company_00269@example.com,2022-02-01 04:41:48,Saint Petersburg,services,medium,active,
270,company_00270@example.com,2022-07-27 05:59:32,Moscow,retail,medium,active,
271,company_00271@example.com,2025-08-04 07:24:57,South,ecommerce,small,active,
272,company_00272@example.com,2023-07-27 00:51:43,Moscow,retail,large,active,
273,company_00273@example.com,2023-10-22 18:59:11,Volga,services,small,active,
274,company_00274@example.com,2023-10-02 00:04:30,Volga,ecommerce,medium,active,
275,company_00275@example.com,2024-12-06 18:45:46,Ural,other,small,active,
276,company_00276@example.com,2022-03-30 20:39:14,Moscow,entertainment,medium,active,
277,company_00277@example.com,2022-04-24 04:11:28,Moscow,ecommerce,large,active,
278,company_00278@example.com,2023-01-13 08:37:00,Siberia,saas,medium,active,
279,company_00279@example.com,2023-10-28 17:57:58,Volga,retail,small,active,
280,company_00280@example.com,2024-07-07 02:20:40,Central,ecommerce,small,active,
281,company_00281@example.com,2023-11-03 06:53:31,Ural,retail,small,active,
282,company_00282@example.com,2023-08-27 12:25:49,Siberia,saas,medium,active,
283,company_00283@example.com,2025-07-06 22:43:05,Saint Petersburg,services,medium,active,
284,company_00284@example.com,2022-08-09 06:34:26,Siberia,ecommerce,large,active,
285,company_00285@example.com,2024-02-22 02:58:31,Moscow,travel,small,active,
286,company_00286@example.com,2024-01-12 18:58:37,Northwest,travel,small,active,
287,company_00287@example.com,2023-10-10 17:36:14,Moscow,travel,small,active,
288,company_00288@example.com,2025-01-09 19:02:21,Saint Petersburg,services,small,active,
289,company_00289@example.com,2023-01-01 05:20:41,Moscow,saas,small,active,
290,company_00290@example.com,2025-07-28 18:16:14,Ural,services,small,active,
291,company_00291@example.com,2023-03-30 14:04:23,Northwest,ecommerce,medium,active,
292,company_00292@example.com,2024-01-16 13:35:13,Saint Petersburg,saas,small,active,
293,company_00293@example.com,2023-12-14 06:42:58,Saint Petersburg,retail,small,churned,2025-07-28 02:26:18.640871368
294,company_00294@example.com,2025-03-08 11:54:28,Saint Petersburg,travel,small,churned,2025-09-28 14:25:59.759038499
295,company_00295@example.com,2023-08-24 10:20:27,Moscow,services,medium,active,
296,company_00296@example.com,2023-01-25 06:38:23,Ural,retail,medium,active,
297,company_00297@example.com,2022-01-30 13:34:04,Moscow,ecommerce,small,active,
298,company_00298@example.com,2023-05-13 12:17:03,Northwest,services,small,active,
299,company_00299@example.com,2025-02-04 08:48:59,Far East,saas,small,active,
300,company_00300@example.com,2022-01-14 13:34:06,Moscow,saas,small,active,
301,company_00301@example.com,2025-05-10 22:45:01,Volga,services,small,active,
302,company_00302@example.com,2024-01-13 14:05:56,Northwest,ecommerce,small,active,
303,company_00303@example.com,2022-07-11 20:39:29,Siberia,retail,large,active,
304,company_00304@example.com,2023-02-18 09:09:06,South,travel,small,active,
305,company_00305@example.com,2024-01-28 22:06:52,Moscow,retail,medium,active,
306,company_00306@example.com,2023-03-08 20:48:19,Moscow,travel,small,active,
307,company_00307@example.com,2022-05-29 12:45:31,Ural,retail,large,active,
308,company_00308@example.com,2024-06-30 01:44:49,Saint Petersburg,ecommerce,large,active,
309,company_00309@example.com,2024-07-08 14:59:12,South,services,medium,active,
310,company_00310@example.com,2022-06-12 14:52:45,South,services,small,active,
311,company_00311@example.com,2023-01-20 17:28:03,Central,services,small,churned,2024-03-13 07:15:14.874444589
312,company_00312@example.com,2022-11-30 14:50:47,Moscow,retail,medium,active,
313,company_00313@example.com,2024-06-21 02:09:50,Central,saas,medium,active,
314,company_00314@example.com,2024-09-26 01:03:52,Siberia,education,small,active,
315,company_00315@example.com,2024-09-21 12:41:13,Saint Petersburg,travel,small,active,
316,company_00316@example.com,2025-07-08 05:24:32,Moscow,services,small,churned,2026-01-14 10:34:05.806834057
317,company_00317@example.com,2024-11-17 12:14:04,Northwest,retail,medium,active,
318,company_00318@example.com,2023-03-15 16:32:50,South,services,medium,active,
319,company_00319@example.com,2022-05-28 09:21:02,Volga,services,small,active,
320,company_00320@example.com,2024-04-20 19:57:12,Ural,education,small,active,
321,company_00321@example.com,2025-06-07 02:30:03,Central,services,small,active,
322,company_00322@example.com,2025-08-27 00:17:57,Northwest,ecommerce,small,active,
323,company_00323@example.com,2022-11-11 22:23:08,Siberia,entertainment,small,active,
324,company_00324@example.com,2022-11-20 11:18:17,Saint Petersburg,retail,medium,active,
325,company_00325@example.com,2022-02-21 04:19:44,Saint Petersburg,ecommerce,small,active,
326,company_00326@example.com,2022-07-13 05:55:07,Saint Petersburg,saas,small,churned,2025-07-05 13:18:40.376912266
327,company_00327@example.com,2024-01-30 00:54:58,South,ecommerce,small,active,
328,company_00328@example.com,2024-01-19 00:38:43,Volga,other,small,churned,2026-04-16 12:29:40.072644450
329,company_00329@example.com,2023-05-23 10:07:13,Volga,education,small,active,
330,company_00330@example.com,2023-03-01 00:27:25,Northwest,retail,small,active,
331,company_00331@example.com,2025-02-09 03:39:24,Central,ecommerce,small,active,
332,company_00332@example.com,2023-09-22 07:50:02,Ural,ecommerce,medium,active,
333,company_00333@example.com,2025-01-10 16:30:44,South,ecommerce,small,active,
334,company_00334@example.com,2025-08-10 16:10:19,Volga,ecommerce,small,active,
335,company_00335@example.com,2023-03-10 20:18:14,Moscow,retail,small,active,
336,company_00336@example.com,2022-10-05 08:18:15,South,retail,medium,active,
337,company_00337@example.com,2025-07-27 13:35:34,South,education,small,active,
338,company_00338@example.com,2024-05-18 10:46:27,Moscow,ecommerce,medium,active,
339,company_00339@example.com,2023-02-02 23:24:52,Ural,ecommerce,large,active,
340,company_00340@example.com,2024-04-30 16:54:25,Central,ecommerce,small,active,
341,company_00341@example.com,2023-12-06 14:21:20,Saint Petersburg,ecommerce,small,active,
342,company_00342@example.com,2025-05-23 18:25:58,Ural,retail,medium,active,
343,company_00343@example.com,2022-12-17 03:50:45,Saint Petersburg,ecommerce,small,active,
344,company_00344@example.com,2025-09-18 05:04:48,Volga,retail,small,active,
345,company_00345@example.com,2025-07-04 12:10:56,Volga,entertainment,small,churned,2026-01-14 06:13:16.068044540
346,company_00346@example.com,2022-09-05 04:48:28,Moscow,retail,small,churned,2023-09-03 08:21:31.787329111
347,company_00347@example.com,2022-08-14 04:24:13,Central,ecommerce,small,active,
348,company_00348@example.com,2023-12-31 08:36:18,Moscow,services,small,active,
349,company_00349@example.com,2022-03-03 10:30:19,Moscow,education,small,active,
350,company_00350@example.com,2023-02-13 18:08:04,South,ecommerce,small,churned,2024-09-10 23:42:07.515833153
351,company_00351@example.com,2023-08-19 05:06:24,Moscow,saas,small,active,
352,company_00352@example.com,2025-08-19 02:27:52,Northwest,travel,large,active,
353,company_00353@example.com,2025-09-19 13:40:28,Central,other,small,active,
354,company_00354@example.com,2022-07-27 07:21:33,Saint Petersburg,other,small,churned,2024-02-18 23:03:42.834910467
355,company_00355@example.com,2025-05-04 19:32:52,Far East,services,small,churned,2026-05-28 07:04:39.468569256
356,company_00356@example.com,2022-05-05 09:22:30,Central,services,small,active,
357,company_00357@example.com,2024-10-21 02:17:54,Volga,retail,small,churned,2025-09-22 16:16:03.543319799
358,company_00358@example.com,2025-03-02 20:08:28,South,entertainment,small,active,
359,company_00359@example.com,2025-05-03 14:29:56,Siberia,services,small,churned,2026-03-04 15:18:52.425560631
360,company_00360@example.com,2022-11-02 15:15:28,Moscow,retail,small,active,
361,company_00361@example.com,2025-05-07 05:38:24,Moscow,ecommerce,small,active,
362,company_00362@example.com,2022-06-08 15:53:06,Northwest,services,small,active,
363,company_00363@example.com,2023-12-11 19:09:27,Moscow,education,small,active,
364,company_00364@example.com,2023-10-05 08:06:40,South,saas,small,active,
365,company_00365@example.com,2023-03-09 04:34:57,Volga,ecommerce,small,churned,2026-02-28 17:13:57.244908690
366,company_00366@example.com,2022-01-31 06:03:09,Volga,saas,small,active,
367,company_00367@example.com,2024-11-22 02:42:43,Ural,ecommerce,small,active,
368,company_00368@example.com,2023-04-05 01:52:56,Northwest,services,small,churned,2025-05-13 05:17:43.212086976
369,company_00369@example.com,2024-06-24 03:39:45,Moscow,retail,small,active,
370,company_00370@example.com,2023-07-16 04:20:25,Volga,retail,small,active,
371,company_00371@example.com,2023-05-27 03:55:49,South,education,large,active,
372,company_00372@example.com,2025-04-27 10:52:03,Saint Petersburg,ecommerce,small,active,
373,company_00373@example.com,2022-05-10 05:31:46,Siberia,ecommerce,small,active,
374,company_00374@example.com,2024-10-04 16:37:15,Central,saas,small,active,
375,company_00375@example.com,2024-10-18 14:35:47,Moscow,ecommerce,large,active,
376,company_00376@example.com,2023-06-04 19:52:45,Siberia,travel,small,churned,2024-06-01 00:25:22.055991624
377,company_00377@example.com,2022-12-26 01:06:13,Far East,travel,small,churned,2025-03-12 14:33:02.651743650
378,company_00378@example.com,2022-01-08 06:14:30,Moscow,ecommerce,large,active,
379,company_00379@example.com,2025-07-05 13:26:57,Ural,entertainment,small,active,
380,company_00380@example.com,2025-07-20 11:55:09,Moscow,saas,large,active,
381,company_00381@example.com,2022-11-26 15:32:45,Moscow,saas,small,churned,2024-07-05 08:49:32.127514361
382,company_00382@example.com,2022-02-13 15:42:12,Saint Petersburg,saas,small,active,
383,company_00383@example.com,2022-06-17 22:23:18,Siberia,services,small,active,
384,company_00384@example.com,2022-04-03 12:51:01,Moscow,other,small,active,
385,company_00385@example.com,2025-02-10 23:05:28,Moscow,ecommerce,large,active,
386,company_00386@example.com,2025-05-05 03:14:12,South,ecommerce,small,active,
387,company_00387@example.com,2022-07-29 16:37:50,Central,travel,large,active,
388,company_00388@example.com,2024-10-18 12:56:59,Moscow,retail,small,active,
389,company_00389@example.com,2022-09-03 05:44:13,Moscow,services,small,active,
390,company_00390@example.com,2023-05-18 08:12:20,Ural,retail,large,active,
391,company_00391@example.com,2024-03-30 22:56:08,Volga,retail,small,active,
392,company_00392@example.com,2024-09-11 20:38:10,Ural,entertainment,large,active,
393,company_00393@example.com,2025-04-11 09:37:15,Moscow,ecommerce,small,active,
394,company_00394@example.com,2022-03-03 06:22:32,Central,ecommerce,medium,active,
395,company_00395@example.com,2022-09-26 17:20:34,Ural,services,small,churned,2024-06-23 22:49:53.132215768
396,company_00396@example.com,2023-01-19 17:39:32,Saint Petersburg,saas,small,active,
397,company_00397@example.com,2023-03-01 12:32:48,Moscow,saas,medium,active,
398,company_00398@example.com,2025-09-27 07:15:02,Central,ecommerce,small,active,
399,company_00399@example.com,2024-11-29 11:45:20,Saint Petersburg,entertainment,small,active,
400,company_00400@example.com,2023-03-15 07:56:18,Moscow,services,small,active,
401,company_00401@example.com,2025-08-22 11:00:18,Northwest,saas,medium,churned,2026-05-27 15:50:29.419260552
402,company_00402@example.com,2023-11-15 01:14:48,Central,ecommerce,small,active,
403,company_00403@example.com,2023-11-17 00:20:04,Volga,retail,medium,active,
404,company_00404@example.com,2023-08-17 07:12:02,Moscow,education,large,active,
405,company_00405@example.com,2022-07-16 20:26:34,Volga,services,small,active,
406,company_00406@example.com,2025-07-02 05:19:02,Volga,ecommerce,small,active,
407,company_00407@example.com,2022-01-20 01:33:22,Far East,services,medium,active,
408,company_00408@example.com,2022-08-27 09:54:45,Central,services,small,active,
409,company_00409@example.com,2022-11-11 04:04:00,Ural,retail,small,active,
410,company_00410@example.com,2023-01-18 01:53:44,Saint Petersburg,education,medium,active,
411,company_00411@example.com,2022-06-30 07:59:13,Volga,retail,small,active,
412,company_00412@example.com,2022-01-25 13:42:32,Far East,entertainment,small,churned,2023-07-08 02:31:19.640228324
413,company_00413@example.com,2024-07-16 00:53:22,Volga,services,medium,active,
414,company_00414@example.com,2025-08-19 00:22:59,South,services,small,active,
415,company_00415@example.com,2022-06-16 16:00:17,Siberia,other,small,active,
416,company_00416@example.com,2023-02-10 15:50:37,Far East,services,small,churned,2024-10-31 14:44:22.714168809
417,company_00417@example.com,2023-11-24 15:49:27,Moscow,retail,medium,active,
418,company_00418@example.com,2025-06-22 19:45:27,Moscow,services,small,active,
419,company_00419@example.com,2024-08-07 18:01:27,Volga,other,small,active,
420,company_00420@example.com,2024-11-14 03:29:18,Northwest,ecommerce,small,active,
421,company_00421@example.com,2024-03-05 23:13:13,Central,services,small,active,
422,company_00422@example.com,2023-07-25 12:07:08,Saint Petersburg,ecommerce,small,active,
423,company_00423@example.com,2022-10-01 07:02:03,Volga,saas,small,active,
424,company_00424@example.com,2025-03-28 09:10:11,Moscow,services,large,active,
425,company_00425@example.com,2025-01-05 01:00:59,Moscow,other,small,active,
426,company_00426@example.com,2022-02-04 08:07:36,Moscow,services,medium,active,
427,company_00427@example.com,2024-09-05 16:14:48,Moscow,ecommerce,small,active,
428,company_00428@example.com,2022-04-26 10:37:48,South,education,small,active,
429,company_00429@example.com,2024-10-07 22:19:22,Saint Petersburg,entertainment,small,active,
430,company_00430@example.com,2025-02-03 21:42:59,Moscow,ecommerce,small,active,
431,company_00431@example.com,2022-06-29 06:53:17,Volga,ecommerce,medium,active,
432,company_00432@example.com,2023-08-17 11:41:56,Saint Petersburg,travel,large,active,
433,company_00433@example.com,2022-06-19 07:05:05,Central,education,medium,active,
434,company_00434@example.com,2024-02-16 01:00:35,Saint Petersburg,ecommerce,small,active,
435,company_00435@example.com,2025-06-22 21:44:01,Moscow,retail,medium,active,
436,company_00436@example.com,2022-04-21 15:06:32,South,retail,small,active,
437,company_00437@example.com,2023-06-28 21:17:14,Moscow,services,medium,churned,2024-03-26 07:10:44.834313426
438,company_00438@example.com,2025-08-24 05:29:34,Moscow,education,small,active,
439,company_00439@example.com,2023-02-16 16:44:50,Moscow,education,small,active,
440,company_00440@example.com,2022-06-30 20:56:20,Saint Petersburg,saas,small,active,
441,company_00441@example.com,2023-10-31 09:11:28,Moscow,retail,small,active,
442,company_00442@example.com,2023-11-27 10:53:19,Saint Petersburg,services,small,churned,2024-08-15 11:51:10.384031005
443,company_00443@example.com,2024-06-25 19:09:28,Moscow,retail,medium,active,
444,company_00444@example.com,2023-03-06 04:37:53,Moscow,retail,medium,churned,2025-04-04 23:26:50.708156265
445,company_00445@example.com,2025-07-31 07:01:21,Siberia,services,large,active,
446,company_00446@example.com,2023-12-14 18:13:06,Saint Petersburg,services,small,active,
447,company_00447@example.com,2023-01-27 20:36:09,Moscow,other,small,active,
448,company_00448@example.com,2025-08-06 16:03:32,Volga,retail,small,active,
449,company_00449@example.com,2025-06-19 03:18:37,Moscow,ecommerce,small,active,
450,company_00450@example.com,2023-11-14 20:34:40,Ural,education,small,active,
451,company_00451@example.com,2022-02-04 00:11:12,Moscow,services,small,active,
452,company_00452@example.com,2024-03-27 14:36:22,Central,ecommerce,small,churned,2025-12-14 02:05:28.191500232
453,company_00453@example.com,2024-01-30 12:15:43,Far East,entertainment,small,churned,2025-09-07 01:47:05.166721582
454,company_00454@example.com,2022-07-22 17:58:45,Moscow,saas,small,active,
455,company_00455@example.com,2024-05-17 06:40:15,Moscow,education,small,active,
456,company_00456@example.com,2025-02-24 04:56:04,Volga,education,small,active,
457,company_00457@example.com,2022-05-25 20:49:24,Northwest,ecommerce,large,churned,2023-12-10 03:03:34.657527268
458,company_00458@example.com,2024-09-16 12:07:43,Central,services,small,active,
459,company_00459@example.com,2022-07-11 23:37:46,South,services,medium,active,
460,company_00460@example.com,2024-10-21 09:27:50,Moscow,entertainment,small,active,
461,company_00461@example.com,2023-07-28 08:21:40,South,education,medium,active,
462,company_00462@example.com,2022-01-09 21:46:12,Saint Petersburg,ecommerce,medium,active,
463,company_00463@example.com,2025-08-14 19:19:34,Volga,ecommerce,medium,active,
464,company_00464@example.com,2022-08-16 01:08:22,Moscow,ecommerce,small,active,
465,company_00465@example.com,2024-03-26 09:16:08,Volga,other,small,active,
466,company_00466@example.com,2022-09-06 05:57:53,Moscow,saas,small,active,
467,company_00467@example.com,2025-06-30 09:01:06,South,saas,small,active,
468,company_00468@example.com,2024-10-07 00:42:14,Ural,saas,small,active,
469,company_00469@example.com,2025-01-05 08:46:39,Siberia,ecommerce,small,active,
470,company_00470@example.com,2023-08-15 02:02:49,Northwest,travel,small,active,
471,company_00471@example.com,2023-10-02 09:04:21,Central,travel,small,active,
472,company_00472@example.com,2024-12-09 13:21:12,South,ecommerce,small,active,
473,company_00473@example.com,2025-03-04 16:01:57,Moscow,education,small,active,
474,company_00474@example.com,2022-01-25 09:37:02,Siberia,services,medium,active,
475,company_00475@example.com,2024-06-26 18:02:48,Volga,entertainment,medium,active,
476,company_00476@example.com,2022-05-30 07:24:56,Central,ecommerce,small,churned,2022-12-16 07:09:20.000372170
477,company_00477@example.com,2023-01-29 21:22:31,Central,entertainment,small,active,
478,company_00478@example.com,2025-02-08 15:48:01,Ural,entertainment,small,churned,2025-11-23 05:35:26.696461098
479,company_00479@example.com,2022-12-09 16:50:54,Siberia,entertainment,small,active,
480,company_00480@example.com,2024-12-26 01:05:55,Ural,ecommerce,small,churned,2025-11-13 05:38:08.722476728
481,company_00481@example.com,2023-09-26 09:28:19,Volga,ecommerce,small,active,
482,company_00482@example.com,2022-11-15 06:03:39,Saint Petersburg,services,large,active,
483,company_00483@example.com,2023-04-03 05:54:19,Far East,retail,small,active,
484,company_00484@example.com,2023-12-28 02:13:37,Volga,ecommerce,medium,active,
485,company_00485@example.com,2024-11-12 17:18:42,Volga,travel,small,active,
486,company_00486@example.com,2024-04-09 00:42:41,Volga,ecommerce,small,active,
487,company_00487@example.com,2025-06-30 15:36:18,Volga,education,medium,churned,2026-04-11 20:08:28.603429623
488,company_00488@example.com,2025-04-02 01:36:19,South,other,small,active,
489,company_00489@example.com,2024-10-27 14:06:11,Volga,education,medium,active,
490,company_00490@example.com,2024-04-05 01:12:51,Siberia,entertainment,small,active,
491,company_00491@example.com,2023-02-01 12:32:46,Siberia,retail,small,active,
492,company_00492@example.com,2023-07-19 09:32:59,Central,retail,small,active,
493,company_00493@example.com,2022-06-12 15:32:14,Moscow,ecommerce,medium,active,
494,company_00494@example.com,2023-05-27 21:12:37,Volga,retail,small,active,
495,company_00495@example.com,2025-06-21 09:56:12,Volga,retail,medium,active,
496,company_00496@example.com,2023-08-06 14:33:38,Volga,saas,medium,active,
497,company_00497@example.com,2022-06-05 13:56:40,Siberia,entertainment,medium,active,
498,company_00498@example.com,2024-06-10 20:11:57,Moscow,ecommerce,small,churned,2025-10-27 11:26:07.973113753
499,company_00499@example.com,2025-08-09 20:34:17,Saint Petersburg,ecommerce,medium,active,
500,company_00500@example.com,2025-04-01 17:27:08,Siberia,services,large,active,
501,company_00501@example.com,2023-01-10 22:28:41,Far East,education,small,active,
502,company_00502@example.com,2023-09-13 22:20:32,Central,retail,small,active,
503,company_00503@example.com,2023-12-28 10:20:03,Moscow,retail,small,active,
504,company_00504@example.com,2022-12-06 01:04:06,Central,ecommerce,small,active,
505,company_00505@example.com,2023-01-03 13:41:42,Central,education,medium,active,
506,company_00506@example.com,2022-11-20 18:05:55,Volga,ecommerce,small,active,
507,company_00507@example.com,2025-09-22 14:05:35,Saint Petersburg,travel,small,active,
508,company_00508@example.com,2024-10-17 13:08:27,Saint Petersburg,retail,small,active,
509,company_00509@example.com,2025-02-24 06:59:47,South,education,small,active,
510,company_00510@example.com,2025-01-22 01:35:08,Volga,education,small,active,
511,company_00511@example.com,2022-05-25 00:29:23,South,ecommerce,medium,active,
512,company_00512@example.com,2025-04-21 01:45:22,Saint Petersburg,entertainment,small,active,
513,company_00513@example.com,2022-04-02 01:15:37,Saint Petersburg,services,small,active,
514,company_00514@example.com,2023-10-13 09:01:21,Saint Petersburg,entertainment,medium,active,
515,company_00515@example.com,2024-03-24 04:26:45,Northwest,education,small,active,
516,company_00516@example.com,2023-05-05 13:17:42,Central,education,small,active,
517,company_00517@example.com,2022-07-19 23:09:35,Volga,ecommerce,small,active,
518,company_00518@example.com,2022-09-21 01:38:14,Volga,services,large,churned,2025-12-23 21:56:42.183211535
519,company_00519@example.com,2025-02-02 03:22:28,Siberia,services,medium,active,
520,company_00520@example.com,2023-03-13 00:20:35,Saint Petersburg,retail,small,active,
521,company_00521@example.com,2023-03-01 12:54:28,Central,ecommerce,small,active,
522,company_00522@example.com,2025-06-17 03:49:00,Siberia,retail,small,churned,2026-04-11 13:18:38.139237078
523,company_00523@example.com,2022-07-16 19:36:11,Moscow,ecommerce,small,active,
524,company_00524@example.com,2025-06-06 02:02:36,Volga,retail,small,active,
525,company_00525@example.com,2025-06-13 21:18:09,Central,services,large,active,
526,company_00526@example.com,2024-03-29 19:54:36,Northwest,other,medium,active,
527,company_00527@example.com,2022-08-15 10:44:15,South,ecommerce,small,active,
528,company_00528@example.com,2022-08-02 05:13:26,Moscow,ecommerce,medium,active,
529,company_00529@example.com,2023-01-25 11:55:47,Siberia,retail,large,active,
530,company_00530@example.com,2024-02-29 21:42:38,South,ecommerce,small,active,
531,company_00531@example.com,2022-07-30 03:26:05,Volga,services,small,active,
532,company_00532@example.com,2023-09-16 08:09:39,Moscow,ecommerce,medium,active,
533,company_00533@example.com,2022-06-07 23:46:11,Moscow,other,small,active,
534,company_00534@example.com,2024-01-10 02:36:29,Volga,saas,medium,active,
535,company_00535@example.com,2024-08-27 23:04:32,Central,education,small,active,
536,company_00536@example.com,2022-03-17 18:44:31,Siberia,entertainment,small,active,
537,company_00537@example.com,2022-09-24 12:23:26,Saint Petersburg,services,medium,active,
538,company_00538@example.com,2022-08-27 21:49:43,Volga,other,small,active,
539,company_00539@example.com,2025-02-10 19:11:52,Moscow,retail,small,active,
540,company_00540@example.com,2022-03-15 00:38:08,Volga,other,small,active,
541,company_00541@example.com,2023-08-11 05:27:11,Moscow,ecommerce,small,active,
542,company_00542@example.com,2024-03-19 16:26:01,Central,retail,small,active,
543,company_00543@example.com,2023-12-07 21:09:57,Moscow,other,small,active,
544,company_00544@example.com,2024-07-20 05:13:09,Volga,retail,small,active,
545,company_00545@example.com,2025-01-03 15:25:20,Saint Petersburg,ecommerce,small,active,
546,company_00546@example.com,2023-06-23 11:40:30,Ural,ecommerce,small,active,
547,company_00547@example.com,2025-02-07 00:02:56,Moscow,ecommerce,medium,active,
548,company_00548@example.com,2023-03-12 00:17:01,Volga,retail,small,active,
549,company_00549@example.com,2025-09-08 16:33:59,Volga,education,small,active,
550,company_00550@example.com,2023-11-22 04:36:19,Moscow,services,small,churned,2025-01-08 04:33:17.369756110
551,company_00551@example.com,2024-10-03 20:47:23,Moscow,saas,small,active,
552,company_00552@example.com,2025-04-12 00:09:44,Saint Petersburg,ecommerce,medium,churned,2026-02-11 21:00:50.494493635
553,company_00553@example.com,2024-12-20 08:19:32,Volga,saas,small,active,
554,company_00554@example.com,2025-03-10 08:21:12,Northwest,services,small,active,
555,company_00555@example.com,2024-01-04 22:48:49,Moscow,travel,large,active,
556,company_00556@example.com,2022-03-01 11:22:23,South,travel,medium,active,
557,company_00557@example.com,2023-11-06 12:55:07,South,entertainment,medium,active,
558,company_00558@example.com,2022-09-06 06:57:20,South,ecommerce,medium,active,
559,company_00559@example.com,2025-05-01 07:28:32,Volga,services,medium,active,
560,company_00560@example.com,2022-11-20 20:48:27,Northwest,entertainment,small,churned,2025-08-09 01:11:39.585208103
561,company_00561@example.com,2022-11-08 23:59:19,Volga,travel,small,active,
562,company_00562@example.com,2022-12-08 03:53:34,Siberia,ecommerce,small,active,
563,company_00563@example.com,2024-05-29 00:44:07,Saint Petersburg,services,small,active,
564,company_00564@example.com,2024-02-21 10:42:37,Ural,saas,small,active,
565,company_00565@example.com,2025-07-22 00:20:36,Northwest,retail,small,active,
566,company_00566@example.com,2023-07-24 10:43:40,Far East,services,small,churned,2026-04-21 06:18:40.992738739
567,company_00567@example.com,2023-01-22 03:45:23,Saint Petersburg,saas,medium,active,
568,company_00568@example.com,2022-03-09 09:06:40,Siberia,education,medium,churned,2024-02-28 15:34:13.884266339
569,company_00569@example.com,2022-01-10 16:18:58,Moscow,ecommerce,small,active,
570,company_00570@example.com,2023-05-27 02:29:57,South,services,small,active,
571,company_00571@example.com,2025-06-20 12:26:12,Saint Petersburg,services,small,active,
572,company_00572@example.com,2023-12-18 11:51:24,South,retail,small,active,
573,company_00573@example.com,2025-05-07 08:57:19,Central,services,medium,churned,2026-02-25 12:27:29.789348381
574,company_00574@example.com,2022-05-20 02:05:30,Moscow,education,medium,active,
575,company_00575@example.com,2022-05-08 15:54:54,Moscow,entertainment,medium,churned,2024-02-22 23:54:32.640627846
576,company_00576@example.com,2025-02-14 04:06:40,Moscow,saas,medium,active,
577,company_00577@example.com,2022-05-27 00:33:15,Central,saas,large,active,
578,company_00578@example.com,2022-03-13 02:00:43,Siberia,education,small,churned,2025-05-23 17:42:42.519676879
579,company_00579@example.com,2023-07-07 19:10:16,South,ecommerce,small,active,
580,company_00580@example.com,2025-06-19 04:24:29,Ural,travel,small,churned,2026-05-11 03:02:20.040642936
581,company_00581@example.com,2024-08-01 01:50:06,Ural,ecommerce,small,active,
582,company_00582@example.com,2022-05-16 14:04:57,Saint Petersburg,education,small,active,
583,company_00583@example.com,2025-02-19 04:41:11,Volga,ecommerce,small,active,
584,company_00584@example.com,2025-02-28 00:15:10,Volga,education,large,active,
585,company_00585@example.com,2024-12-31 08:28:07,Moscow,services,small,active,
586,company_00586@example.com,2025-05-19 19:54:28,Volga,retail,large,active,
587,company_00587@example.com,2022-11-25 03:40:30,South,retail,medium,active,
588,company_00588@example.com,2025-09-02 01:15:52,Volga,ecommerce,small,active,
589,company_00589@example.com,2023-03-15 17:06:04,Ural,retail,medium,churned,2026-03-07 00:03:40.298922598
590,company_00590@example.com,2025-01-02 04:06:49,Moscow,education,small,active,
591,company_00591@example.com,2024-03-03 13:41:49,Ural,saas,small,active,
592,company_00592@example.com,2024-12-02 07:48:23,Moscow,entertainment,small,active,
593,company_00593@example.com,2024-05-08 20:34:01,Siberia,other,large,active,
594,company_00594@example.com,2024-05-28 22:00:39,Moscow,ecommerce,small,active,
595,company_00595@example.com,2024-04-23 01:50:21,Central,retail,small,active,
596,company_00596@example.com,2024-12-01 16:00:29,Central,education,medium,active,
597,company_00597@example.com,2024-10-08 00:15:30,Saint Petersburg,services,small,active,
598,company_00598@example.com,2022-07-04 01:37:05,Saint Petersburg,travel,small,churned,2023-05-25 08:53:06.448692311
599,company_00599@example.com,2025-02-04 01:02:01,Moscow,saas,small,active,
600,company_00600@example.com,2024-01-04 08:11:08,Volga,education,small,active,
601,company_00601@example.com,2023-03-18 23:28:29,Far East,services,medium,active,
602,company_00602@example.com,2023-12-05 10:57:54,Saint Petersburg,other,small,active,
603,company_00603@example.com,2025-03-19 03:48:31,Volga,retail,small,active,
604,company_00604@example.com,2025-02-14 11:59:22,Siberia,saas,small,active,
605,company_00605@example.com,2023-09-26 02:37:43,Central,travel,small,active,
606,company_00606@example.com,2024-12-08 16:48:49,Siberia,ecommerce,small,active,
607,company_00607@example.com,2023-06-11 19:15:29,Central,entertainment,small,active,
608,company_00608@example.com,2024-07-27 16:11:06,Central,saas,small,active,
609,company_00609@example.com,2024-05-24 22:08:28,Moscow,saas,small,active,
610,company_00610@example.com,2022-12-08 17:23:27,Moscow,ecommerce,small,active,
611,company_00611@example.com,2022-12-31 12:31:25,Volga,ecommerce,small,active,
612,company_00612@example.com,2022-03-25 15:07:24,Ural,services,medium,active,
613,company_00613@example.com,2022-07-11 04:52:35,Moscow,ecommerce,large,active,
614,company_00614@example.com,2023-08-17 04:34:03,Far East,ecommerce,small,active,
615,company_00615@example.com,2023-10-16 17:39:59,Saint Petersburg,retail,medium,active,
616,company_00616@example.com,2022-08-14 21:14:37,Central,ecommerce,small,active,
617,company_00617@example.com,2023-07-25 07:18:42,Siberia,travel,small,active,
618,company_00618@example.com,2024-04-06 12:21:22,Siberia,services,medium,active,
619,company_00619@example.com,2022-11-15 03:44:10,Volga,ecommerce,medium,active,
620,company_00620@example.com,2023-04-08 16:59:38,Saint Petersburg,services,medium,active,
621,company_00621@example.com,2023-05-18 18:08:51,Moscow,ecommerce,small,churned,2024-04-04 10:52:49.793245878
622,company_00622@example.com,2023-11-22 21:55:45,Saint Petersburg,ecommerce,medium,active,
623,company_00623@example.com,2023-05-17 05:23:48,Ural,education,small,active,
624,company_00624@example.com,2024-10-05 03:21:56,Saint Petersburg,education,small,active,
625,company_00625@example.com,2023-03-25 00:20:03,South,retail,small,active,
626,company_00626@example.com,2023-08-17 13:41:53,Moscow,services,large,active,
627,company_00627@example.com,2023-06-04 02:33:52,Central,retail,small,active,
628,company_00628@example.com,2022-09-08 05:29:28,Saint Petersburg,services,medium,active,
629,company_00629@example.com,2024-07-27 02:19:31,Volga,retail,small,active,
630,company_00630@example.com,2022-11-19 02:10:06,Volga,travel,medium,active,
631,company_00631@example.com,2023-02-11 03:02:54,Northwest,services,medium,active,
632,company_00632@example.com,2024-12-20 11:37:56,Siberia,ecommerce,medium,active,
633,company_00633@example.com,2025-07-22 00:54:12,South,services,small,churned,2026-04-13 17:03:16.547236083
634,company_00634@example.com,2024-07-06 17:07:21,Moscow,saas,small,active,
635,company_00635@example.com,2025-06-07 13:32:17,Far East,ecommerce,small,active,
636,company_00636@example.com,2025-03-14 12:47:12,Siberia,services,small,active,
637,company_00637@example.com,2023-10-20 21:15:04,Siberia,saas,small,active,
638,company_00638@example.com,2024-11-19 18:10:01,Central,ecommerce,small,active,
639,company_00639@example.com,2023-03-26 04:45:18,Moscow,entertainment,small,active,
640,company_00640@example.com,2023-09-22 23:02:21,Ural,retail,small,active,
641,company_00641@example.com,2024-01-03 11:23:42,Central,travel,small,active,
642,company_00642@example.com,2025-08-06 22:54:24,Saint Petersburg,entertainment,medium,active,
643,company_00643@example.com,2025-03-06 19:56:16,Central,other,small,active,
644,company_00644@example.com,2023-11-01 07:09:12,Volga,services,large,active,
645,company_00645@example.com,2024-06-11 17:44:51,Saint Petersburg,travel,large,active,
646,company_00646@example.com,2022-10-04 19:46:06,South,retail,small,active,
647,company_00647@example.com,2025-01-05 09:47:32,South,retail,medium,active,
648,company_00648@example.com,2024-01-27 13:20:31,Volga,saas,small,active,
649,company_00649@example.com,2023-12-30 18:20:15,Moscow,retail,medium,active,
650,company_00650@example.com,2024-11-14 06:37:14,Far East,saas,small,active,
651,company_00651@example.com,2024-05-15 19:57:05,Central,ecommerce,small,active,
652,company_00652@example.com,2022-04-10 03:14:20,Central,ecommerce,small,active,
653,company_00653@example.com,2023-01-30 04:43:30,Central,ecommerce,small,active,
654,company_00654@example.com,2022-08-30 18:02:13,Saint Petersburg,education,large,active,
655,company_00655@example.com,2024-10-02 08:00:44,South,ecommerce,medium,active,
656,company_00656@example.com,2022-02-18 01:57:07,Moscow,retail,medium,active,
657,company_00657@example.com,2022-10-04 21:20:51,Siberia,other,large,active,
658,company_00658@example.com,2024-03-28 07:18:55,Moscow,saas,medium,churned,2025-09-24 09:54:54.648669161
659,company_00659@example.com,2024-08-08 11:36:43,Northwest,travel,small,active,
660,company_00660@example.com,2023-11-20 12:30:23,Volga,ecommerce,medium,active,
661,company_00661@example.com,2025-03-23 11:07:42,Moscow,retail,small,active,
662,company_00662@example.com,2025-06-11 02:38:27,Volga,services,small,active,
663,company_00663@example.com,2022-06-30 17:12:01,Saint Petersburg,ecommerce,small,active,
664,company_00664@example.com,2025-07-27 00:50:39,Northwest,education,large,active,
665,company_00665@example.com,2024-04-20 11:18:56,Ural,entertainment,small,active,
666,company_00666@example.com,2024-05-20 08:20:50,Volga,ecommerce,small,active,
667,company_00667@example.com,2022-05-11 02:11:00,Central,entertainment,small,churned,2026-01-21 20:37:53.760914192
668,company_00668@example.com,2024-04-30 17:17:51,Northwest,ecommerce,small,active,
669,company_00669@example.com,2024-09-19 18:41:43,South,ecommerce,small,active,
670,company_00670@example.com,2024-03-05 12:32:03,Volga,ecommerce,medium,active,
671,company_00671@example.com,2022-04-26 14:04:52,Central,other,medium,active,
672,company_00672@example.com,2023-12-17 18:36:13,Saint Petersburg,services,small,active,
673,company_00673@example.com,2025-07-04 08:46:34,South,travel,small,active,
674,company_00674@example.com,2024-09-16 15:12:39,Volga,retail,small,active,
675,company_00675@example.com,2022-07-07 23:22:37,Siberia,entertainment,small,active,
676,company_00676@example.com,2025-08-06 04:42:03,Volga,services,small,churned,2026-01-28 23:46:54.116496413
677,company_00677@example.com,2025-08-04 17:57:22,Volga,services,medium,active,
678,company_00678@example.com,2022-08-20 17:35:38,Central,travel,small,active,
679,company_00679@example.com,2024-12-31 14:37:45,Ural,saas,small,active,
680,company_00680@example.com,2023-07-11 09:20:09,Central,services,small,active,
681,company_00681@example.com,2024-03-23 03:46:03,Siberia,ecommerce,small,active,
682,company_00682@example.com,2023-09-02 00:21:24,Saint Petersburg,saas,small,active,
683,company_00683@example.com,2024-12-06 15:06:52,South,retail,large,active,
684,company_00684@example.com,2025-09-25 10:20:11,Siberia,other,medium,churned,2026-05-11 14:41:27.052225187
685,company_00685@example.com,2024-12-23 17:12:37,Ural,retail,large,active,
686,company_00686@example.com,2025-06-28 02:47:12,Saint Petersburg,ecommerce,medium,active,
687,company_00687@example.com,2025-07-18 03:57:37,South,retail,small,active,
688,company_00688@example.com,2022-05-04 06:20:29,Moscow,services,large,active,
689,company_00689@example.com,2022-12-13 15:04:56,Moscow,retail,small,active,
690,company_00690@example.com,2024-09-14 11:59:41,Ural,saas,small,active,
691,company_00691@example.com,2024-03-18 05:22:18,Ural,services,small,active,
692,company_00692@example.com,2022-03-10 14:23:56,Moscow,ecommerce,small,active,
693,company_00693@example.com,2022-05-11 00:39:18,Far East,services,small,active,
694,company_00694@example.com,2023-12-14 02:36:42,Central,saas,small,active,
695,company_00695@example.com,2024-04-22 21:57:08,Siberia,entertainment,medium,active,
696,company_00696@example.com,2022-08-18 10:33:41,Ural,retail,medium,active,
697,company_00697@example.com,2022-08-23 07:50:09,Siberia,entertainment,small,active,
698,company_00698@example.com,2022-06-26 22:29:53,Siberia,ecommerce,small,active,
699,company_00699@example.com,2024-02-12 20:27:30,Northwest,services,medium,churned,2025-10-15 21:42:20.185341693
700,company_00700@example.com,2022-01-11 17:51:02,Volga,saas,small,active,
701,company_00701@example.com,2024-02-23 02:02:19,Moscow,education,small,active,
702,company_00702@example.com,2023-10-14 01:41:23,Central,ecommerce,small,active,
703,company_00703@example.com,2023-09-30 11:13:28,Ural,services,small,active,
704,company_00704@example.com,2024-07-18 05:59:53,Moscow,retail,small,active,
705,company_00705@example.com,2023-12-16 23:02:47,Far East,ecommerce,medium,active,
706,company_00706@example.com,2024-09-22 13:26:49,Moscow,ecommerce,medium,active,
707,company_00707@example.com,2024-11-11 01:07:57,Siberia,travel,medium,active,
708,company_00708@example.com,2025-06-12 17:18:21,Central,ecommerce,small,active,
709,company_00709@example.com,2024-12-29 08:48:09,Siberia,education,medium,churned,2025-07-15 02:04:50.413604465
710,company_00710@example.com,2023-12-10 05:19:46,Northwest,other,medium,active,
711,company_00711@example.com,2023-11-05 06:22:27,Central,travel,small,active,
712,company_00712@example.com,2022-11-19 10:47:03,South,services,small,active,
713,company_00713@example.com,2024-03-31 05:51:06,Moscow,education,small,active,
714,company_00714@example.com,2022-07-10 08:05:41,Ural,ecommerce,small,active,
715,company_00715@example.com,2025-06-27 22:20:53,Ural,education,small,active,
716,company_00716@example.com,2025-03-02 00:29:35,Saint Petersburg,ecommerce,small,active,
717,company_00717@example.com,2022-06-13 19:05:35,Moscow,ecommerce,small,active,
718,company_00718@example.com,2024-12-11 04:30:12,Central,ecommerce,small,active,
719,company_00719@example.com,2022-06-10 04:44:39,Moscow,services,small,churned,2023-03-25 12:52:48.646180045
720,company_00720@example.com,2024-09-13 15:15:55,Ural,ecommerce,large,active,
721,company_00721@example.com,2022-04-30 23:39:44,Saint Petersburg,ecommerce,small,active,
722,company_00722@example.com,2023-10-30 20:21:58,Far East,saas,small,active,
723,company_00723@example.com,2024-06-18 22:58:02,Northwest,ecommerce,small,active,
724,company_00724@example.com,2024-09-24 00:19:02,Siberia,travel,medium,churned,2026-01-04 03:35:07.181137092
725,company_00725@example.com,2023-07-27 15:44:51,Volga,retail,small,active,
726,company_00726@example.com,2025-06-14 18:44:29,Saint Petersburg,services,medium,active,
727,company_00727@example.com,2024-11-25 06:31:14,Ural,ecommerce,small,active,
728,company_00728@example.com,2022-10-12 21:44:54,South,ecommerce,small,active,
729,company_00729@example.com,2024-07-07 05:52:11,Northwest,saas,small,active,
730,company_00730@example.com,2024-09-26 08:54:41,Saint Petersburg,education,small,active,
731,company_00731@example.com,2023-04-02 09:59:41,Moscow,ecommerce,medium,churned,2024-01-11 08:35:41.710165611
732,company_00732@example.com,2024-10-06 21:36:38,Northwest,retail,medium,active,
733,company_00733@example.com,2025-05-13 23:10:13,Siberia,education,small,churned,2026-04-07 02:34:13.267699409
734,company_00734@example.com,2025-01-22 19:29:46,Moscow,ecommerce,large,active,
735,company_00735@example.com,2024-11-09 03:27:19,South,services,small,churned,2025-11-13 15:24:58.432011951
736,company_00736@example.com,2024-05-17 23:49:11,Moscow,education,small,active,
737,company_00737@example.com,2023-01-06 02:12:11,Volga,services,small,active,
738,company_00738@example.com,2024-12-23 20:45:35,Saint Petersburg,saas,small,active,
739,company_00739@example.com,2023-05-14 05:09:08,Central,retail,medium,active,
740,company_00740@example.com,2023-12-30 01:05:09,Moscow,entertainment,small,active,
741,company_00741@example.com,2023-03-07 03:41:36,Saint Petersburg,education,small,active,
742,company_00742@example.com,2023-03-05 04:58:35,Central,education,small,active,
743,company_00743@example.com,2022-08-04 14:42:20,Moscow,services,small,active,
744,company_00744@example.com,2025-08-08 01:19:31,Central,services,small,active,
745,company_00745@example.com,2022-07-22 04:01:25,Volga,ecommerce,medium,churned,2024-07-25 18:27:51.580256134
746,company_00746@example.com,2022-04-29 00:02:57,South,other,small,active,
747,company_00747@example.com,2025-07-04 14:56:12,South,other,small,active,
748,company_00748@example.com,2024-01-30 06:11:32,Moscow,retail,small,active,
749,company_00749@example.com,2023-08-23 01:15:55,Moscow,services,small,active,
750,company_00750@example.com,2024-10-05 21:18:57,Siberia,saas,small,active,
751,company_00751@example.com,2023-06-09 09:09:23,Siberia,entertainment,medium,active,
752,company_00752@example.com,2022-06-24 23:55:21,Northwest,services,large,active,
753,company_00753@example.com,2024-09-25 05:02:28,Northwest,ecommerce,small,active,
754,company_00754@example.com,2022-08-29 18:24:56,Volga,services,large,active,
755,company_00755@example.com,2024-01-27 11:52:05,Siberia,ecommerce,small,active,
756,company_00756@example.com,2025-07-22 07:44:21,Central,services,small,active,
757,company_00757@example.com,2025-07-04 15:20:52,Ural,services,medium,active,
758,company_00758@example.com,2023-05-09 13:13:37,Northwest,services,medium,active,
759,company_00759@example.com,2024-12-03 10:51:31,Ural,ecommerce,medium,active,
760,company_00760@example.com,2024-04-18 03:22:18,Central,education,small,active,
761,company_00761@example.com,2023-10-18 18:39:41,Saint Petersburg,services,small,active,
762,company_00762@example.com,2022-07-11 10:07:11,Saint Petersburg,retail,small,active,
763,company_00763@example.com,2023-05-30 20:38:03,Saint Petersburg,ecommerce,small,active,
764,company_00764@example.com,2024-06-10 19:46:28,Ural,ecommerce,small,active,
765,company_00765@example.com,2025-09-11 17:05:12,South,saas,small,active,
766,company_00766@example.com,2022-01-07 16:34:02,Moscow,education,small,active,
767,company_00767@example.com,2024-09-08 21:30:14,South,services,small,active,
768,company_00768@example.com,2025-03-03 18:55:55,Saint Petersburg,education,small,churned,2025-10-01 14:21:23.025562735
769,company_00769@example.com,2025-07-25 05:37:23,Volga,saas,small,active,
770,company_00770@example.com,2023-08-03 18:19:21,Saint Petersburg,education,small,active,
771,company_00771@example.com,2022-06-12 01:53:19,Volga,ecommerce,small,active,
772,company_00772@example.com,2023-01-06 16:23:40,South,ecommerce,small,active,
773,company_00773@example.com,2025-03-09 12:43:18,South,ecommerce,small,active,
774,company_00774@example.com,2025-04-16 00:21:33,Ural,saas,small,active,
775,company_00775@example.com,2024-05-21 12:24:35,Central,services,medium,active,
776,company_00776@example.com,2022-06-17 21:48:57,South,travel,small,active,
777,company_00777@example.com,2022-06-16 18:55:57,Moscow,travel,small,churned,2026-05-09 14:35:44.742784649
778,company_00778@example.com,2023-10-17 03:20:48,Central,saas,small,active,
779,company_00779@example.com,2024-03-15 17:41:11,Volga,other,large,active,
780,company_00780@example.com,2022-02-14 07:03:17,South,services,medium,active,
781,company_00781@example.com,2024-07-27 13:54:57,Far East,retail,small,active,
782,company_00782@example.com,2024-01-15 21:21:10,Saint Petersburg,ecommerce,small,churned,2025-11-04 16:56:40.086038411
783,company_00783@example.com,2022-01-17 19:55:18,Siberia,services,small,active,
784,company_00784@example.com,2022-05-11 21:17:06,Saint Petersburg,saas,large,active,
785,company_00785@example.com,2023-09-14 12:10:02,Volga,services,small,active,
786,company_00786@example.com,2024-09-15 11:55:30,Ural,retail,small,active,
787,company_00787@example.com,2025-02-03 03:31:00,South,travel,large,active,
788,company_00788@example.com,2023-08-14 00:29:38,Siberia,education,medium,active,
789,company_00789@example.com,2023-02-09 01:13:39,Ural,retail,small,churned,2025-10-01 18:23:48.674797490
790,company_00790@example.com,2025-08-17 15:33:55,Saint Petersburg,saas,small,active,
791,company_00791@example.com,2023-09-20 07:03:02,Northwest,services,small,active,
792,company_00792@example.com,2023-03-08 10:52:31,Far East,retail,small,active,
793,company_00793@example.com,2023-08-29 02:03:26,Central,retail,small,active,
794,company_00794@example.com,2022-01-17 12:59:35,Moscow,services,large,active,
795,company_00795@example.com,2023-02-18 00:52:48,Saint Petersburg,education,large,active,
796,company_00796@example.com,2023-12-07 06:41:02,Siberia,ecommerce,small,churned,2025-11-30 06:30:31.859782703
797,company_00797@example.com,2025-06-10 10:17:03,Northwest,services,small,active,
798,company_00798@example.com,2024-10-06 21:26:18,Siberia,services,small,active,
799,company_00799@example.com,2024-12-04 19:26:44,Central,ecommerce,small,active,
800,company_00800@example.com,2024-01-16 10:12:45,Moscow,services,medium,active,
801,company_00801@example.com,2022-06-01 06:50:19,Volga,services,small,active,
802,company_00802@example.com,2023-06-19 18:53:52,Saint Petersburg,retail,small,active,
803,company_00803@example.com,2025-09-25 22:38:30,Moscow,retail,small,active,
804,company_00804@example.com,2022-03-02 10:13:21,Moscow,retail,small,churned,2024-10-12 21:41:00.179935247
805,company_00805@example.com,2025-04-17 17:53:42,Moscow,education,small,active,
806,company_00806@example.com,2024-07-25 09:21:41,Moscow,saas,medium,churned,2026-04-27 13:21:11.078939259
807,company_00807@example.com,2023-01-24 09:16:54,Ural,education,medium,active,
808,company_00808@example.com,2024-11-30 06:55:27,Central,other,small,active,
809,company_00809@example.com,2025-02-18 20:59:18,Central,retail,medium,active,
810,company_00810@example.com,2022-03-01 02:58:09,Volga,services,small,active,
811,company_00811@example.com,2022-05-26 13:57:57,Northwest,services,medium,active,
812,company_00812@example.com,2024-06-29 17:53:28,Ural,travel,small,active,
813,company_00813@example.com,2025-09-28 18:36:23,South,entertainment,small,active,
814,company_00814@example.com,2022-02-02 18:52:09,Ural,education,large,active,
815,company_00815@example.com,2024-06-29 15:45:40,South,education,small,active,
816,company_00816@example.com,2022-07-06 18:22:27,South,other,small,churned,2024-12-04 04:56:11.108419321
817,company_00817@example.com,2024-06-08 08:54:16,Central,other,small,active,
818,company_00818@example.com,2024-05-02 16:40:25,Volga,other,small,active,
819,company_00819@example.com,2022-05-04 17:20:59,Central,ecommerce,small,active,
820,company_00820@example.com,2024-07-20 05:39:53,Central,ecommerce,small,active,
821,company_00821@example.com,2025-05-12 03:24:01,Saint Petersburg,education,medium,churned,2026-01-24 08:38:26.899984347
822,company_00822@example.com,2025-03-27 04:34:56,Saint Petersburg,travel,small,active,
823,company_00823@example.com,2022-02-09 16:06:42,Central,ecommerce,small,active,
824,company_00824@example.com,2022-12-03 09:55:55,Volga,retail,small,active,
825,company_00825@example.com,2022-11-26 10:52:00,Central,services,medium,active,
826,company_00826@example.com,2023-09-13 02:29:37,Moscow,ecommerce,small,active,
827,company_00827@example.com,2022-07-15 15:41:39,Saint Petersburg,travel,small,active,
828,company_00828@example.com,2025-03-14 17:54:32,Saint Petersburg,ecommerce,small,active,
829,company_00829@example.com,2024-11-28 14:50:42,South,saas,medium,active,
830,company_00830@example.com,2025-01-10 19:44:20,Saint Petersburg,retail,medium,active,
831,company_00831@example.com,2022-09-29 03:26:28,Moscow,services,small,churned,2023-12-27 00:44:27.589948855
832,company_00832@example.com,2022-01-20 22:26:49,Moscow,services,medium,churned,2023-07-09 09:17:21.876253419
833,company_00833@example.com,2025-05-30 18:04:27,Central,retail,small,churned,2026-03-27 11:19:05.466194212
834,company_00834@example.com,2023-01-31 05:26:27,Moscow,education,small,active,
835,company_00835@example.com,2024-06-16 18:37:30,Central,saas,small,active,
836,company_00836@example.com,2025-05-29 02:37:12,Volga,services,small,active,
837,company_00837@example.com,2022-02-19 11:17:38,Far East,ecommerce,small,active,
838,company_00838@example.com,2022-01-08 11:42:06,South,travel,small,active,
839,company_00839@example.com,2022-01-08 10:16:20,Moscow,ecommerce,small,active,
840,company_00840@example.com,2022-08-02 20:29:12,Central,education,small,active,
841,company_00841@example.com,2022-03-12 16:01:57,Ural,education,small,churned,2023-10-29 03:34:24.560074806
842,company_00842@example.com,2025-01-26 17:36:40,Saint Petersburg,education,medium,active,
843,company_00843@example.com,2024-04-08 21:44:07,Far East,ecommerce,small,active,
844,company_00844@example.com,2025-09-02 16:53:41,Volga,retail,small,active,
845,company_00845@example.com,2025-01-01 10:15:02,Moscow,ecommerce,small,active,
846,company_00846@example.com,2025-08-10 15:23:07,Moscow,retail,small,active,
847,company_00847@example.com,2022-11-23 08:09:58,Siberia,services,small,active,
848,company_00848@example.com,2023-01-29 17:02:10,Northwest,services,small,active,
849,company_00849@example.com,2025-03-07 23:47:28,Siberia,ecommerce,small,active,
850,company_00850@example.com,2022-12-01 23:59:30,Saint Petersburg,ecommerce,medium,churned,2025-07-21 09:20:55.149380311
851,company_00851@example.com,2022-03-20 07:02:20,Ural,services,small,active,
852,company_00852@example.com,2024-07-04 08:52:49,Moscow,services,small,active,
853,company_00853@example.com,2024-12-31 17:14:42,Central,saas,small,churned,2026-05-12 07:20:26.187793206
854,company_00854@example.com,2025-08-17 11:49:05,South,ecommerce,medium,active,
855,company_00855@example.com,2025-06-23 05:22:46,Northwest,ecommerce,small,active,
856,company_00856@example.com,2022-06-14 11:24:36,Central,retail,medium,active,
857,company_00857@example.com,2024-11-22 05:51:46,Central,services,small,active,
858,company_00858@example.com,2025-03-03 12:04:17,Moscow,education,small,active,
859,company_00859@example.com,2024-08-13 00:42:05,Central,ecommerce,small,active,
860,company_00860@example.com,2025-01-26 11:39:49,Moscow,ecommerce,small,active,
861,company_00861@example.com,2025-02-20 08:33:59,Siberia,services,medium,active,
862,company_00862@example.com,2023-09-03 21:08:09,Moscow,retail,small,active,
863,company_00863@example.com,2022-02-24 22:14:50,South,services,large,active,
864,company_00864@example.com,2023-09-17 01:46:23,Saint Petersburg,retail,small,active,
865,company_00865@example.com,2022-10-04 00:54:36,Central,retail,medium,active,
866,company_00866@example.com,2022-06-05 13:57:50,Saint Petersburg,ecommerce,large,churned,2024-05-12 05:46:59.165499978
867,company_00867@example.com,2022-06-20 21:29:39,Central,other,small,active,
868,company_00868@example.com,2024-08-12 00:10:57,Volga,ecommerce,small,active,
869,company_00869@example.com,2023-11-22 04:45:41,South,ecommerce,medium,active,
870,company_00870@example.com,2024-01-09 11:59:02,Far East,saas,small,active,
871,company_00871@example.com,2024-10-16 10:00:59,Saint Petersburg,ecommerce,large,active,
872,company_00872@example.com,2024-01-21 00:43:39,Volga,retail,small,active,
873,company_00873@example.com,2024-05-11 20:32:55,Siberia,retail,small,active,
874,company_00874@example.com,2022-04-28 16:21:20,Saint Petersburg,services,small,active,
875,company_00875@example.com,2025-03-10 08:20:10,Siberia,retail,medium,active,
876,company_00876@example.com,2023-09-06 22:22:12,Northwest,saas,large,active,
877,company_00877@example.com,2022-08-01 07:57:10,Siberia,travel,small,active,
878,company_00878@example.com,2025-01-17 15:12:02,Volga,services,medium,churned,2025-06-23 10:59:42.717649944
879,company_00879@example.com,2024-10-01 23:04:46,South,retail,large,active,
880,company_00880@example.com,2022-03-14 12:56:50,Central,saas,small,active,
881,company_00881@example.com,2022-09-22 01:56:17,Volga,saas,small,active,
882,company_00882@example.com,2022-01-22 13:05:08,Northwest,saas,medium,active,
883,company_00883@example.com,2023-01-06 09:33:04,Saint Petersburg,ecommerce,small,active,
884,company_00884@example.com,2022-05-17 18:33:20,Ural,services,small,active,
885,company_00885@example.com,2024-08-29 03:35:27,Volga,travel,medium,active,
886,company_00886@example.com,2023-12-16 20:27:51,Moscow,other,small,active,
887,company_00887@example.com,2025-09-02 22:05:00,South,retail,medium,active,
888,company_00888@example.com,2024-10-22 05:05:27,Ural,saas,medium,active,
889,company_00889@example.com,2024-04-16 14:11:58,Volga,services,medium,active,
890,company_00890@example.com,2023-11-28 17:46:33,Siberia,entertainment,small,active,
891,company_00891@example.com,2022-03-16 13:21:15,Saint Petersburg,services,small,active,
892,company_00892@example.com,2022-04-07 00:50:48,Far East,saas,small,active,
893,company_00893@example.com,2024-04-23 02:39:21,South,retail,small,active,
894,company_00894@example.com,2022-01-06 23:46:37,Ural,ecommerce,small,active,
895,company_00895@example.com,2022-02-27 22:27:11,Saint Petersburg,retail,small,active,
896,company_00896@example.com,2022-10-27 18:39:52,Central,saas,small,active,
897,company_00897@example.com,2025-04-24 12:16:19,Siberia,ecommerce,small,active,
898,company_00898@example.com,2023-09-20 19:35:38,Moscow,services,small,churned,2025-08-16 04:02:29.356949866
899,company_00899@example.com,2024-08-28 16:52:27,Central,other,small,active,
900,company_00900@example.com,2023-07-18 00:24:43,Ural,entertainment,small,active,
901,company_00901@example.com,2022-08-25 20:08:00,Ural,services,medium,active,
902,company_00902@example.com,2023-05-23 17:48:39,Siberia,saas,small,active,
903,company_00903@example.com,2022-05-06 11:23:02,South,ecommerce,medium,churned,2022-09-16 11:28:42.783092339
904,company_00904@example.com,2024-11-19 16:57:03,Far East,education,medium,active,
905,company_00905@example.com,2022-09-09 01:45:46,Central,services,small,active,
906,company_00906@example.com,2023-05-30 21:12:14,Volga,saas,small,active,
907,company_00907@example.com,2025-09-02 16:15:08,Siberia,retail,small,active,
908,company_00908@example.com,2024-03-20 19:20:13,South,ecommerce,small,active,
909,company_00909@example.com,2023-09-20 07:27:46,Moscow,services,small,active,
910,company_00910@example.com,2024-01-13 20:11:42,Saint Petersburg,education,small,active,
911,company_00911@example.com,2024-12-08 14:56:44,Volga,saas,medium,active,
912,company_00912@example.com,2022-12-15 03:08:44,Ural,education,large,active,
913,company_00913@example.com,2024-05-20 14:33:31,Volga,saas,medium,active,
914,company_00914@example.com,2025-04-08 20:12:28,Ural,education,small,churned,2026-03-28 16:57:12.130736563
915,company_00915@example.com,2024-02-23 01:28:06,Siberia,saas,small,churned,2025-06-29 04:35:39.350622185
916,company_00916@example.com,2023-09-03 20:48:10,Saint Petersburg,travel,large,active,
917,company_00917@example.com,2022-07-18 12:54:59,Volga,retail,small,active,
918,company_00918@example.com,2022-12-06 15:50:29,Volga,retail,small,active,
919,company_00919@example.com,2025-07-18 03:52:29,Moscow,entertainment,small,active,
920,company_00920@example.com,2024-01-11 10:38:48,Central,ecommerce,small,active,
921,company_00921@example.com,2023-02-17 05:40:52,Volga,services,small,active,
922,company_00922@example.com,2023-07-27 07:52:08,Ural,ecommerce,small,active,
923,company_00923@example.com,2024-03-01 17:27:40,Central,travel,small,active,
924,company_00924@example.com,2024-01-06 08:44:52,Moscow,ecommerce,small,active,
925,company_00925@example.com,2024-08-15 07:02:37,Central,services,small,active,
926,company_00926@example.com,2022-12-19 05:59:53,Siberia,services,small,active,
927,company_00927@example.com,2024-06-07 03:37:22,Volga,ecommerce,small,active,
928,company_00928@example.com,2023-08-29 13:58:38,Saint Petersburg,education,medium,active,
929,company_00929@example.com,2025-07-10 17:35:44,Far East,entertainment,small,churned,2026-02-15 18:27:39.200670572
930,company_00930@example.com,2022-08-05 00:55:15,Moscow,services,medium,active,
931,company_00931@example.com,2022-07-23 01:32:56,Saint Petersburg,other,medium,active,
932,company_00932@example.com,2023-09-24 13:10:14,Central,saas,small,churned,2025-05-25 22:57:24.768962845
933,company_00933@example.com,2023-11-27 10:14:13,South,services,medium,active,
934,company_00934@example.com,2024-08-03 02:48:52,Siberia,services,medium,active,
935,company_00935@example.com,2023-07-07 17:15:25,Moscow,other,small,churned,2025-03-03 06:07:41.725213982
936,company_00936@example.com,2025-06-03 23:07:12,Ural,education,small,active,
937,company_00937@example.com,2023-10-11 15:54:27,South,retail,small,active,
938,company_00938@example.com,2022-06-26 22:22:22,Siberia,saas,large,active,
939,company_00939@example.com,2022-06-13 02:08:59,Siberia,other,medium,churned,2023-12-15 00:52:58.431751773
940,company_00940@example.com,2025-08-24 14:51:38,Ural,education,large,active,
941,company_00941@example.com,2022-07-03 10:35:39,Moscow,ecommerce,medium,active,
942,company_00942@example.com,2025-07-20 15:51:00,Saint Petersburg,services,small,active,
943,company_00943@example.com,2023-01-16 09:46:34,Far East,travel,medium,active,
944,company_00944@example.com,2022-05-08 18:48:43,Volga,retail,small,active,
945,company_00945@example.com,2023-02-21 20:03:41,Volga,travel,medium,active,
946,company_00946@example.com,2024-04-20 21:45:57,Far East,services,small,active,
947,company_00947@example.com,2023-08-09 08:55:05,Siberia,retail,small,active,
948,company_00948@example.com,2024-12-10 16:10:32,South,services,medium,active,
949,company_00949@example.com,2024-04-15 19:56:35,Siberia,retail,medium,active,
950,company_00950@example.com,2023-07-03 06:32:19,Moscow,saas,small,active,
951,company_00951@example.com,2024-05-18 04:08:35,Ural,ecommerce,small,active,
952,company_00952@example.com,2025-08-21 23:03:38,Northwest,saas,small,active,
953,company_00953@example.com,2023-07-18 08:34:31,Moscow,retail,large,active,
954,company_00954@example.com,2022-07-29 21:51:47,Moscow,other,small,active,
955,company_00955@example.com,2023-07-14 05:10:01,Ural,travel,small,active,
956,company_00956@example.com,2025-02-23 06:39:13,Volga,retail,small,active,
957,company_00957@example.com,2022-10-25 17:10:47,Moscow,other,small,churned,2024-01-24 15:15:46.055229150
958,company_00958@example.com,2025-07-22 10:15:10,Saint Petersburg,education,small,active,
959,company_00959@example.com,2024-03-15 19:16:14,Saint Petersburg,education,small,active,
960,company_00960@example.com,2024-04-02 22:51:20,Saint Petersburg,entertainment,medium,active,
961,company_00961@example.com,2023-03-10 17:05:13,Siberia,entertainment,medium,active,
962,company_00962@example.com,2025-06-13 04:26:50,South,services,large,active,
963,company_00963@example.com,2022-02-19 07:54:59,South,other,small,active,
964,company_00964@example.com,2023-02-13 13:58:35,Moscow,retail,small,churned,2024-09-05 02:35:01.055799328
965,company_00965@example.com,2023-07-27 08:54:36,Central,ecommerce,medium,active,
966,company_00966@example.com,2023-10-15 21:54:24,Saint Petersburg,ecommerce,medium,active,
967,company_00967@example.com,2023-10-11 14:43:26,Siberia,retail,small,active,
968,company_00968@example.com,2022-07-22 08:39:19,Northwest,services,medium,active,
969,company_00969@example.com,2022-11-05 14:39:54,Central,retail,medium,active,
970,company_00970@example.com,2022-05-11 06:59:21,Northwest,services,medium,active,
971,company_00971@example.com,2024-02-23 02:56:19,Moscow,ecommerce,medium,churned,2026-03-17 14:36:26.420620129
972,company_00972@example.com,2023-04-25 23:43:16,Saint Petersburg,retail,small,active,
973,company_00973@example.com,2024-02-13 23:25:22,Ural,travel,small,active,
974,company_00974@example.com,2024-03-17 17:30:05,Saint Petersburg,ecommerce,small,active,
975,company_00975@example.com,2024-08-18 08:08:08,Far East,travel,small,active,
976,company_00976@example.com,2024-01-19 08:16:15,Moscow,travel,medium,active,
977,company_00977@example.com,2024-06-05 09:26:40,Ural,services,small,active,
978,company_00978@example.com,2024-03-14 05:18:44,Moscow,entertainment,small,active,
979,company_00979@example.com,2024-06-11 12:40:55,Moscow,other,medium,active,
980,company_00980@example.com,2024-04-23 13:39:11,Central,ecommerce,medium,active,
981,company_00981@example.com,2023-03-09 13:56:34,Far East,services,medium,active,
982,company_00982@example.com,2022-12-03 22:00:38,Volga,ecommerce,small,active,
983,company_00983@example.com,2024-12-13 04:58:28,Volga,retail,medium,churned,2025-06-07 05:20:30.984233349
984,company_00984@example.com,2023-04-14 19:35:27,Moscow,services,small,churned,2024-07-09 18:50:55.687545862
985,company_00985@example.com,2024-01-22 05:30:30,Moscow,travel,small,active,
986,company_00986@example.com,2022-09-27 11:01:12,Moscow,saas,small,active,
987,company_00987@example.com,2023-08-14 04:19:19,Ural,travel,small,active,
988,company_00988@example.com,2023-12-26 13:55:05,Moscow,saas,medium,active,
989,company_00989@example.com,2024-05-06 09:14:30,Saint Petersburg,services,small,active,
990,company_00990@example.com,2023-12-22 01:59:54,Volga,ecommerce,small,active,
991,company_00991@example.com,2023-05-09 09:06:05,Volga,ecommerce,medium,active,
992,company_00992@example.com,2025-08-08 16:52:30,Central,education,medium,active,
993,company_00993@example.com,2023-12-03 10:15:17,Moscow,travel,small,active,
994,company_00994@example.com,2025-01-10 18:07:08,Central,ecommerce,large,active,
995,company_00995@example.com,2024-10-04 19:31:16,South,education,medium,active,
996,company_00996@example.com,2024-02-03 18:40:12,Moscow,retail,large,active,
997,company_00997@example.com,2025-04-27 14:22:46,South,services,large,active,
998,company_00998@example.com,2022-06-25 11:17:31,Moscow,retail,medium,active,
999,company_00999@example.com,2025-06-14 00:08:59,Siberia,ecommerce,medium,active,
1000,company_01000@example.com,2025-03-09 02:37:15,Northwest,ecommerce,small,active,
1001,company_01001@example.com,2023-11-20 23:16:34,Moscow,retail,small,active,
1002,company_01002@example.com,2024-09-30 06:43:28,Central,education,small,active,
1003,company_01003@example.com,2023-12-13 17:40:21,Central,entertainment,medium,churned,2024-09-08 14:08:17.094839692
1004,company_01004@example.com,2023-01-03 16:04:31,Siberia,ecommerce,small,active,
1005,company_01005@example.com,2024-12-30 05:20:43,Volga,education,medium,active,
1006,company_01006@example.com,2022-12-03 10:06:23,Volga,services,small,active,
1007,company_01007@example.com,2023-03-07 04:02:42,Moscow,services,small,active,
1008,company_01008@example.com,2023-12-12 09:22:54,Moscow,retail,small,churned,2025-03-09 19:37:47.646823425
1009,company_01009@example.com,2025-02-19 12:56:15,South,ecommerce,small,active,
1010,company_01010@example.com,2023-06-10 05:03:41,Volga,entertainment,small,active,
1011,company_01011@example.com,2023-11-07 23:39:30,Siberia,other,small,active,
1012,company_01012@example.com,2022-02-26 23:57:20,Siberia,education,medium,active,
1013,company_01013@example.com,2022-06-08 11:48:28,Volga,services,small,active,
1014,company_01014@example.com,2022-03-18 12:51:44,Volga,ecommerce,small,active,
1015,company_01015@example.com,2022-04-09 13:50:45,Far East,ecommerce,small,churned,2023-02-09 11:06:59.704551896
1016,company_01016@example.com,2025-04-03 03:15:57,Ural,ecommerce,small,active,
1017,company_01017@example.com,2025-02-25 20:19:15,Siberia,travel,small,active,
1018,company_01018@example.com,2025-01-29 08:10:16,Northwest,ecommerce,medium,active,
1019,company_01019@example.com,2022-03-18 00:24:21,Central,ecommerce,medium,active,
1020,company_01020@example.com,2022-04-17 05:14:14,South,ecommerce,small,churned,2025-07-03 18:05:56.301492199
1021,company_01021@example.com,2023-01-19 21:02:04,South,ecommerce,small,active,
1022,company_01022@example.com,2024-02-13 07:46:07,Moscow,retail,small,churned,2024-08-25 13:54:53.719894197
1023,company_01023@example.com,2023-04-03 02:09:26,Volga,services,small,active,
1024,company_01024@example.com,2023-10-29 23:34:23,Central,services,medium,active,
1025,company_01025@example.com,2022-08-25 15:45:13,Central,education,small,churned,2025-04-06 02:58:03.325992584
1026,company_01026@example.com,2024-09-26 16:54:14,Moscow,education,medium,active,
1027,company_01027@example.com,2023-03-06 09:44:49,Ural,travel,small,active,
1028,company_01028@example.com,2022-04-02 00:40:05,South,retail,small,active,
1029,company_01029@example.com,2024-10-13 00:04:56,Volga,ecommerce,small,active,
1030,company_01030@example.com,2025-05-20 00:20:55,Moscow,saas,small,active,
1031,company_01031@example.com,2022-01-21 02:04:01,Volga,services,large,active,
1032,company_01032@example.com,2023-08-21 08:50:57,Moscow,education,small,active,
1033,company_01033@example.com,2025-02-05 13:45:28,Saint Petersburg,retail,medium,active,
1034,company_01034@example.com,2024-08-24 00:48:11,Saint Petersburg,ecommerce,medium,active,
1035,company_01035@example.com,2025-03-17 18:11:04,Siberia,ecommerce,small,active,
1036,company_01036@example.com,2023-07-23 00:10:32,Central,saas,small,active,
1037,company_01037@example.com,2023-05-25 06:05:31,Volga,services,small,active,
1038,company_01038@example.com,2024-08-28 03:39:52,Siberia,ecommerce,small,active,
1039,company_01039@example.com,2022-07-30 03:25:07,Central,ecommerce,medium,churned,2023-11-05 00:59:22.709015563
1040,company_01040@example.com,2022-11-24 12:40:50,Siberia,retail,small,active,
1041,company_01041@example.com,2024-04-01 22:47:32,Moscow,retail,large,active,
1042,company_01042@example.com,2024-07-03 10:42:07,Saint Petersburg,services,small,active,
1043,company_01043@example.com,2022-06-13 17:05:21,Moscow,retail,small,active,
1044,company_01044@example.com,2023-11-27 08:50:25,Volga,entertainment,medium,active,
1045,company_01045@example.com,2023-05-15 05:01:56,Northwest,travel,small,active,
1046,company_01046@example.com,2023-11-18 09:16:40,South,entertainment,medium,active,
1047,company_01047@example.com,2025-08-04 03:08:48,Volga,saas,small,active,
1048,company_01048@example.com,2022-04-15 19:16:33,Saint Petersburg,entertainment,large,active,
1049,company_01049@example.com,2025-09-23 19:05:22,Far East,other,medium,active,
1050,company_01050@example.com,2023-09-08 00:34:03,Central,retail,medium,active,
1051,company_01051@example.com,2024-11-22 05:44:52,Saint Petersburg,ecommerce,small,active,
1052,company_01052@example.com,2023-08-04 16:13:09,Northwest,ecommerce,medium,active,
1053,company_01053@example.com,2023-03-02 09:29:17,Central,services,small,active,
1054,company_01054@example.com,2024-11-20 04:19:49,Saint Petersburg,services,medium,active,
1055,company_01055@example.com,2024-07-29 17:25:07,Moscow,ecommerce,small,active,
1056,company_01056@example.com,2022-07-17 01:42:42,Moscow,saas,small,active,
1057,company_01057@example.com,2024-08-22 23:54:06,Ural,saas,small,active,
1058,company_01058@example.com,2024-10-27 05:02:12,Central,services,small,active,
1059,company_01059@example.com,2023-06-15 13:37:06,Northwest,education,small,active,
1060,company_01060@example.com,2025-06-20 06:55:31,Moscow,ecommerce,medium,churned,2026-02-01 09:28:52.370101305
1061,company_01061@example.com,2024-05-26 17:39:20,Volga,education,small,active,
1062,company_01062@example.com,2023-04-02 09:41:11,South,ecommerce,medium,active,
1063,company_01063@example.com,2022-01-15 16:12:36,Volga,services,small,active,
1064,company_01064@example.com,2024-07-12 08:17:58,Volga,retail,medium,active,
1065,company_01065@example.com,2022-10-13 23:46:51,Volga,retail,medium,active,
1066,company_01066@example.com,2024-10-31 22:16:41,South,education,small,active,
1067,company_01067@example.com,2023-12-20 07:41:56,Siberia,services,medium,churned,2024-09-19 20:20:09.130474818
1068,company_01068@example.com,2023-10-01 11:34:02,Saint Petersburg,retail,medium,active,
1069,company_01069@example.com,2022-08-13 00:16:58,Central,other,medium,active,
1070,company_01070@example.com,2024-08-31 08:08:28,Volga,ecommerce,small,churned,2026-01-11 08:20:13.424073629
1071,company_01071@example.com,2022-08-15 23:03:15,Saint Petersburg,entertainment,small,active,
1072,company_01072@example.com,2023-07-26 11:41:24,Moscow,ecommerce,medium,active,
1073,company_01073@example.com,2025-02-18 01:32:32,Northwest,ecommerce,small,active,
1074,company_01074@example.com,2025-06-13 01:27:05,Moscow,other,medium,active,
1075,company_01075@example.com,2025-09-15 03:12:53,Moscow,travel,small,churned,2026-05-23 20:51:22.877220282
1076,company_01076@example.com,2025-08-03 13:26:56,Volga,services,medium,active,
1077,company_01077@example.com,2024-01-31 13:35:17,Moscow,travel,small,active,
1078,company_01078@example.com,2022-10-02 06:10:37,Moscow,retail,small,churned,2023-10-27 01:32:36.925072894
1079,company_01079@example.com,2025-02-21 20:20:14,Moscow,saas,large,active,
1080,company_01080@example.com,2025-01-01 15:08:00,Moscow,ecommerce,medium,active,
1081,company_01081@example.com,2025-09-16 18:14:27,Central,saas,medium,active,
1082,company_01082@example.com,2024-06-09 11:55:16,Ural,other,large,active,
1083,company_01083@example.com,2022-07-13 16:52:34,Saint Petersburg,saas,small,active,
1084,company_01084@example.com,2023-11-19 23:17:06,Central,travel,small,active,
1085,company_01085@example.com,2023-09-06 04:47:59,Volga,services,small,churned,2026-04-19 21:04:09.280252919
1086,company_01086@example.com,2025-02-27 03:38:38,Saint Petersburg,education,small,active,
1087,company_01087@example.com,2023-06-22 00:56:50,Central,retail,small,active,
1088,company_01088@example.com,2023-03-26 12:21:20,Central,saas,large,active,
1089,company_01089@example.com,2022-04-20 12:10:41,Saint Petersburg,services,small,active,
1090,company_01090@example.com,2025-02-16 21:42:33,Central,education,small,active,
1091,company_01091@example.com,2024-10-30 07:00:00,Moscow,saas,small,active,
1092,company_01092@example.com,2022-02-26 09:35:16,Siberia,ecommerce,small,active,
1093,company_01093@example.com,2023-08-17 09:49:58,Northwest,saas,small,active,
1094,company_01094@example.com,2023-10-19 06:06:20,Siberia,saas,small,active,
1095,company_01095@example.com,2023-10-05 00:56:30,Moscow,ecommerce,small,active,
1096,company_01096@example.com,2025-06-11 02:20:59,Ural,ecommerce,small,active,
1097,company_01097@example.com,2022-07-26 02:53:42,Volga,travel,medium,churned,2024-01-15 01:23:50.479939304
1098,company_01098@example.com,2023-02-24 01:54:08,Moscow,ecommerce,small,churned,2025-02-11 01:07:58.752680801
1099,company_01099@example.com,2022-09-05 12:11:01,Far East,other,medium,active,
1100,company_01100@example.com,2022-11-30 21:47:05,Ural,ecommerce,small,active,
1101,company_01101@example.com,2025-05-25 22:01:34,Moscow,ecommerce,small,active,
1102,company_01102@example.com,2025-07-10 21:47:20,Northwest,ecommerce,small,active,
1103,company_01103@example.com,2022-03-03 01:55:07,Moscow,saas,large,active,
1104,company_01104@example.com,2024-05-14 16:50:23,Central,services,small,active,
1105,company_01105@example.com,2022-11-15 13:00:22,Moscow,saas,small,active,
1106,company_01106@example.com,2022-09-21 10:09:54,Moscow,other,small,active,
1107,company_01107@example.com,2023-02-04 12:53:30,Northwest,services,medium,active,
1108,company_01108@example.com,2022-09-23 22:06:52,Volga,ecommerce,small,active,
1109,company_01109@example.com,2023-11-02 14:09:56,Saint Petersburg,ecommerce,small,churned,2025-09-28 04:21:19.945139125
1110,company_01110@example.com,2025-09-23 23:53:17,Ural,saas,medium,active,
1111,company_01111@example.com,2024-03-13 06:10:04,Siberia,retail,medium,active,
1112,company_01112@example.com,2024-09-16 09:31:04,Far East,entertainment,small,active,
1113,company_01113@example.com,2023-11-06 19:41:47,Far East,entertainment,small,active,
1114,company_01114@example.com,2022-01-20 00:36:12,Siberia,services,small,active,
1115,company_01115@example.com,2022-04-26 01:40:28,Volga,services,large,active,
1116,company_01116@example.com,2023-01-03 19:37:30,Saint Petersburg,other,small,churned,2023-12-13 15:11:04.345383782
1117,company_01117@example.com,2022-11-30 08:05:23,Far East,travel,small,active,
1118,company_01118@example.com,2025-02-23 21:54:18,Moscow,services,small,churned,2025-11-22 14:47:05.439831166
1119,company_01119@example.com,2025-02-28 00:41:37,Moscow,education,small,active,
1120,company_01120@example.com,2025-03-14 10:30:47,Central,education,medium,active,
1121,company_01121@example.com,2024-05-22 05:18:43,Saint Petersburg,retail,small,active,
1122,company_01122@example.com,2024-01-31 20:16:37,Volga,other,medium,active,
1123,company_01123@example.com,2024-06-07 00:51:41,Siberia,services,small,churned,2024-11-14 22:24:08.147594939
1124,company_01124@example.com,2023-07-11 12:17:01,Central,saas,small,active,
1125,company_01125@example.com,2024-07-05 20:06:47,Volga,ecommerce,small,active,
1126,company_01126@example.com,2024-12-22 19:08:38,Central,saas,medium,churned,2026-01-28 13:09:44.178636175
1127,company_01127@example.com,2024-11-09 15:37:54,South,retail,small,active,
1128,company_01128@example.com,2024-04-19 17:16:38,Moscow,travel,small,active,
1129,company_01129@example.com,2022-03-21 11:49:03,Moscow,ecommerce,medium,active,
1130,company_01130@example.com,2024-09-18 17:32:23,South,entertainment,small,active,
1131,company_01131@example.com,2023-05-17 12:29:11,Volga,services,small,active,
1132,company_01132@example.com,2024-10-14 08:05:04,Central,education,small,active,
1133,company_01133@example.com,2024-01-09 01:45:53,Saint Petersburg,retail,medium,active,
1134,company_01134@example.com,2025-04-20 11:05:29,Moscow,retail,small,active,
1135,company_01135@example.com,2023-04-09 00:12:11,South,retail,small,active,
1136,company_01136@example.com,2025-06-28 03:32:06,Central,ecommerce,small,active,
1137,company_01137@example.com,2025-03-01 05:55:49,Central,education,small,churned,2025-11-16 03:03:07.264509500
1138,company_01138@example.com,2023-03-29 22:54:20,Siberia,education,small,active,
1139,company_01139@example.com,2023-10-23 03:49:14,South,retail,small,active,
1140,company_01140@example.com,2023-12-28 21:13:07,Moscow,travel,small,active,
1141,company_01141@example.com,2024-11-17 11:34:51,South,retail,small,active,
1142,company_01142@example.com,2024-07-31 18:24:30,Moscow,ecommerce,medium,active,
1143,company_01143@example.com,2025-03-11 13:22:24,Moscow,saas,small,active,
1144,company_01144@example.com,2023-05-21 23:29:57,South,education,small,active,
1145,company_01145@example.com,2023-11-22 13:18:50,Moscow,services,medium,active,
1146,company_01146@example.com,2023-08-13 10:09:07,Saint Petersburg,entertainment,medium,active,
1147,company_01147@example.com,2025-05-29 06:25:09,Siberia,travel,medium,active,
1148,company_01148@example.com,2023-02-22 05:07:21,South,services,small,churned,2026-02-03 15:35:04.287118733
1149,company_01149@example.com,2024-03-14 04:27:11,Far East,services,small,active,
1150,company_01150@example.com,2022-06-14 09:17:41,Siberia,saas,small,active,
1151,company_01151@example.com,2025-03-09 04:12:20,Saint Petersburg,saas,small,active,
1152,company_01152@example.com,2023-06-10 14:38:37,Volga,ecommerce,small,active,
1153,company_01153@example.com,2023-04-11 22:16:37,Saint Petersburg,services,small,active,
1154,company_01154@example.com,2024-03-08 10:20:16,South,saas,small,churned,2025-01-12 11:06:51.143741930
1155,company_01155@example.com,2023-11-14 09:09:30,Saint Petersburg,saas,small,active,
1156,company_01156@example.com,2025-03-06 00:45:29,Moscow,ecommerce,small,active,
1157,company_01157@example.com,2023-12-28 23:17:14,Moscow,education,small,active,
1158,company_01158@example.com,2023-12-09 05:58:08,Ural,education,medium,churned,2026-04-01 02:56:18.721267357
1159,company_01159@example.com,2022-05-24 14:41:38,Moscow,retail,medium,active,
1160,company_01160@example.com,2022-01-31 00:16:23,Volga,services,small,active,
1161,company_01161@example.com,2023-06-30 05:16:33,Siberia,education,small,active,
1162,company_01162@example.com,2025-09-27 13:06:01,Ural,retail,small,active,
1163,company_01163@example.com,2025-06-08 22:01:49,Central,retail,small,active,
1164,company_01164@example.com,2024-05-10 10:39:41,Moscow,saas,medium,churned,2024-12-05 09:03:54.418078446
1165,company_01165@example.com,2024-05-12 23:29:02,Far East,saas,small,active,
1166,company_01166@example.com,2023-06-20 13:50:54,Volga,saas,small,active,
1167,company_01167@example.com,2022-01-12 16:36:22,Central,entertainment,small,active,
1168,company_01168@example.com,2023-04-09 13:18:29,Far East,other,small,active,
1169,company_01169@example.com,2023-03-09 22:16:55,Moscow,education,small,churned,2025-04-10 03:25:02.105680585
1170,company_01170@example.com,2022-09-20 02:42:36,Central,ecommerce,small,active,
1171,company_01171@example.com,2022-12-21 12:58:18,Moscow,saas,large,active,
1172,company_01172@example.com,2022-02-03 22:59:35,Moscow,services,small,churned,2023-08-26 10:44:21.966225304
1173,company_01173@example.com,2024-04-11 16:32:56,Central,retail,small,active,
1174,company_01174@example.com,2025-06-22 18:22:54,South,other,small,active,
1175,company_01175@example.com,2024-08-03 00:20:39,Saint Petersburg,retail,small,active,
1176,company_01176@example.com,2023-09-06 03:32:34,South,entertainment,small,churned,2024-06-11 17:24:03.138961520
1177,company_01177@example.com,2023-07-29 22:14:41,Ural,services,small,churned,2024-02-20 23:31:27.808054976
1178,company_01178@example.com,2023-02-25 16:59:29,Siberia,ecommerce,medium,active,
1179,company_01179@example.com,2022-07-14 19:28:35,Moscow,saas,small,active,
1180,company_01180@example.com,2024-03-29 17:12:11,Ural,travel,small,churned,2025-10-11 11:51:45.397412777
1181,company_01181@example.com,2024-02-15 00:06:55,Moscow,services,small,active,
1182,company_01182@example.com,2022-01-11 00:08:53,South,services,small,active,
1183,company_01183@example.com,2023-07-23 10:24:09,Saint Petersburg,ecommerce,small,churned,2024-06-22 13:06:46.901279073
1184,company_01184@example.com,2023-01-16 08:01:18,South,ecommerce,medium,active,
1185,company_01185@example.com,2022-08-21 22:41:23,Moscow,ecommerce,small,active,
1186,company_01186@example.com,2024-08-19 17:59:41,South,ecommerce,small,active,
1187,company_01187@example.com,2023-12-21 07:55:27,Moscow,retail,medium,active,
1188,company_01188@example.com,2024-05-16 23:55:45,Moscow,services,small,active,
1189,company_01189@example.com,2024-09-03 01:01:45,Volga,ecommerce,small,active,
1190,company_01190@example.com,2025-09-05 02:39:10,Saint Petersburg,services,small,churned,2026-03-28 19:46:12.072399622
1191,company_01191@example.com,2025-01-03 04:18:12,South,retail,medium,churned,2026-05-22 21:57:57.462762263
1192,company_01192@example.com,2024-04-28 15:35:03,South,retail,small,churned,2025-03-17 14:34:58.711990289
1193,company_01193@example.com,2025-04-17 12:02:08,Volga,other,medium,active,
1194,company_01194@example.com,2023-10-16 05:28:22,South,other,medium,active,
1195,company_01195@example.com,2025-09-09 03:51:25,Ural,saas,medium,churned,2026-01-12 04:29:22.524344355
1196,company_01196@example.com,2024-11-07 15:21:14,Far East,ecommerce,large,active,
1197,company_01197@example.com,2024-06-09 09:48:07,Moscow,travel,medium,active,
1198,company_01198@example.com,2025-05-20 18:03:38,Volga,ecommerce,medium,churned,2025-10-24 04:58:59.673522961
1199,company_01199@example.com,2023-12-06 15:04:13,Ural,services,medium,churned,2024-07-07 11:01:34.232552912
1200,company_01200@example.com,2024-09-12 21:53:21,Moscow,entertainment,medium,active,
1201,company_01201@example.com,2023-01-25 12:17:03,Saint Petersburg,retail,medium,churned,2024-10-16 19:30:57.031663075
1202,company_01202@example.com,2025-08-10 16:09:03,Saint Petersburg,entertainment,large,active,
1203,company_01203@example.com,2024-05-02 18:23:52,Volga,travel,small,churned,2025-12-19 00:39:32.394205607
1204,company_01204@example.com,2024-12-05 18:47:37,Saint Petersburg,retail,small,active,
1205,company_01205@example.com,2023-09-23 06:56:20,South,ecommerce,small,active,
1206,company_01206@example.com,2025-03-31 18:49:29,Volga,saas,medium,active,
1207,company_01207@example.com,2022-04-12 11:24:27,South,education,small,active,
1208,company_01208@example.com,2022-06-06 02:15:53,Saint Petersburg,ecommerce,medium,active,
1209,company_01209@example.com,2023-11-25 17:38:54,Ural,ecommerce,medium,active,
1210,company_01210@example.com,2024-09-28 22:36:00,South,other,large,active,
1211,company_01211@example.com,2025-01-12 00:16:54,Moscow,retail,small,active,
1212,company_01212@example.com,2023-08-26 00:59:31,Moscow,other,medium,churned,2024-09-12 13:38:07.091248602
1213,company_01213@example.com,2024-06-07 18:04:14,Saint Petersburg,services,medium,active,
1214,company_01214@example.com,2024-01-27 15:30:14,Far East,retail,large,active,
1215,company_01215@example.com,2025-08-08 08:43:17,Saint Petersburg,retail,medium,active,
1216,company_01216@example.com,2024-06-13 19:29:25,Moscow,saas,small,active,
1217,company_01217@example.com,2023-07-25 05:49:12,Moscow,education,small,active,
1218,company_01218@example.com,2025-08-19 16:58:11,Moscow,ecommerce,small,active,
1219,company_01219@example.com,2022-05-27 17:19:54,Central,ecommerce,large,active,
1220,company_01220@example.com,2025-09-08 21:40:03,Ural,saas,small,active,
1221,company_01221@example.com,2022-07-30 16:33:22,Central,services,medium,active,
1222,company_01222@example.com,2023-01-30 07:06:35,Siberia,education,medium,active,
1223,company_01223@example.com,2025-01-28 18:30:19,Moscow,retail,small,active,
1224,company_01224@example.com,2024-09-30 18:35:41,Central,education,small,churned,2025-04-09 19:59:36.054720073
1225,company_01225@example.com,2025-08-20 10:40:13,Ural,saas,small,active,
1226,company_01226@example.com,2024-10-22 23:27:34,South,ecommerce,medium,active,
1227,company_01227@example.com,2024-05-21 10:15:45,Siberia,other,small,active,
1228,company_01228@example.com,2023-04-20 00:03:13,Saint Petersburg,saas,small,active,
1229,company_01229@example.com,2022-01-07 10:43:21,Volga,retail,medium,active,
1230,company_01230@example.com,2022-06-19 10:53:32,South,entertainment,small,active,
1231,company_01231@example.com,2023-02-12 08:37:19,Moscow,services,medium,active,
1232,company_01232@example.com,2022-02-26 00:22:14,Ural,services,small,active,
1233,company_01233@example.com,2023-11-27 04:33:15,Saint Petersburg,ecommerce,small,active,
1234,company_01234@example.com,2024-11-29 09:43:46,Moscow,entertainment,small,active,
1235,company_01235@example.com,2025-08-10 17:34:48,Ural,education,small,active,
1236,company_01236@example.com,2023-11-01 21:49:18,South,saas,small,active,
1237,company_01237@example.com,2025-04-12 00:10:07,Siberia,retail,medium,active,
1238,company_01238@example.com,2025-09-10 05:15:17,Siberia,retail,small,churned,2026-04-09 16:59:57.166428514
1239,company_01239@example.com,2025-03-22 05:53:18,Saint Petersburg,other,small,active,
1240,company_01240@example.com,2023-09-29 02:00:30,South,education,small,active,
1241,company_01241@example.com,2023-03-21 22:56:56,Northwest,ecommerce,small,active,
1242,company_01242@example.com,2025-08-30 18:58:12,Moscow,saas,large,active,
1243,company_01243@example.com,2022-11-27 22:26:26,Central,ecommerce,small,active,
1244,company_01244@example.com,2023-07-18 00:51:47,Far East,entertainment,large,active,
1245,company_01245@example.com,2022-04-12 06:34:08,Moscow,entertainment,small,churned,2023-10-02 19:57:44.052379757
1246,company_01246@example.com,2024-12-21 18:10:20,Far East,ecommerce,small,active,
1247,company_01247@example.com,2024-06-07 23:27:15,Central,services,small,active,
1248,company_01248@example.com,2022-04-27 00:47:10,Siberia,other,small,active,
1249,company_01249@example.com,2022-10-31 14:20:34,Volga,other,medium,active,
1250,company_01250@example.com,2024-01-30 20:55:07,South,education,small,active,
1251,company_01251@example.com,2024-01-10 06:48:43,Ural,services,small,active,
1252,company_01252@example.com,2025-01-02 05:13:36,Moscow,services,small,active,
1253,company_01253@example.com,2022-12-31 00:30:41,Volga,ecommerce,small,churned,2025-02-06 05:25:29.500897087
1254,company_01254@example.com,2025-06-18 23:48:18,Far East,services,large,churned,2026-05-16 00:50:43.396958914
1255,company_01255@example.com,2023-09-01 00:57:31,Northwest,retail,large,active,
1256,company_01256@example.com,2025-01-30 07:02:52,Northwest,retail,medium,active,
1257,company_01257@example.com,2022-11-23 02:31:36,South,retail,medium,active,
1258,company_01258@example.com,2022-02-20 13:49:22,Volga,saas,medium,active,
1259,company_01259@example.com,2022-03-17 07:31:21,Volga,ecommerce,small,active,
1260,company_01260@example.com,2023-05-25 20:33:47,Volga,retail,medium,active,
1261,company_01261@example.com,2025-07-27 21:55:14,Volga,ecommerce,small,active,
1262,company_01262@example.com,2022-03-08 14:52:05,Moscow,ecommerce,medium,active,
1263,company_01263@example.com,2023-05-20 18:17:20,Moscow,other,large,active,
1264,company_01264@example.com,2022-05-30 11:57:22,Volga,education,small,active,
1265,company_01265@example.com,2025-06-28 09:07:40,Saint Petersburg,ecommerce,medium,active,
1266,company_01266@example.com,2024-07-12 19:38:03,Saint Petersburg,other,large,active,
1267,company_01267@example.com,2024-11-09 08:41:26,Moscow,ecommerce,small,active,
1268,company_01268@example.com,2024-09-02 17:41:35,Ural,education,small,active,
1269,company_01269@example.com,2024-06-17 19:29:48,Northwest,saas,large,active,
1270,company_01270@example.com,2024-11-24 10:47:50,Volga,saas,large,active,
1271,company_01271@example.com,2022-01-12 02:45:09,Far East,ecommerce,small,active,
1272,company_01272@example.com,2025-03-29 22:40:09,Siberia,travel,small,active,
1273,company_01273@example.com,2024-10-09 03:14:41,Moscow,services,medium,active,
1274,company_01274@example.com,2024-10-08 13:00:50,Moscow,services,small,active,
1275,company_01275@example.com,2023-06-23 05:18:36,Moscow,retail,small,active,
1276,company_01276@example.com,2024-12-31 14:12:57,Moscow,saas,small,active,
1277,company_01277@example.com,2023-06-07 07:51:30,Volga,services,small,active,
1278,company_01278@example.com,2022-03-08 23:34:35,Saint Petersburg,travel,small,active,
1279,company_01279@example.com,2025-05-26 21:27:42,Far East,other,small,active,
1280,company_01280@example.com,2022-11-17 20:15:28,Volga,saas,small,active,
1281,company_01281@example.com,2022-05-20 09:35:06,Saint Petersburg,saas,medium,active,
1282,company_01282@example.com,2024-04-30 18:08:51,Northwest,retail,small,churned,2025-03-03 06:56:30.608610539
1283,company_01283@example.com,2022-11-16 15:18:12,Northwest,ecommerce,small,active,
1284,company_01284@example.com,2025-03-19 21:58:11,Ural,services,small,active,
1285,company_01285@example.com,2023-08-31 01:12:32,Ural,ecommerce,small,active,
1286,company_01286@example.com,2022-01-07 03:44:53,Northwest,travel,small,churned,2024-06-06 03:01:42.055691935
1287,company_01287@example.com,2025-07-25 22:48:36,Volga,travel,small,active,
1288,company_01288@example.com,2023-12-06 00:18:37,Siberia,services,small,active,
1289,company_01289@example.com,2022-12-26 18:04:18,Moscow,ecommerce,small,active,
1290,company_01290@example.com,2024-07-15 12:41:59,Volga,entertainment,small,churned,2026-02-10 22:49:22.741942152
1291,company_01291@example.com,2023-12-27 21:00:12,Volga,services,small,active,
1292,company_01292@example.com,2022-02-10 12:03:59,Moscow,education,large,active,
1293,company_01293@example.com,2024-11-05 04:44:32,Moscow,services,medium,active,
1294,company_01294@example.com,2023-07-04 01:18:20,Moscow,ecommerce,small,active,
1295,company_01295@example.com,2024-08-15 08:24:19,Saint Petersburg,travel,small,active,
1296,company_01296@example.com,2025-05-10 05:29:03,Moscow,ecommerce,small,active,
1297,company_01297@example.com,2024-04-15 07:38:23,Central,services,small,active,
1298,company_01298@example.com,2024-07-07 18:23:30,Ural,ecommerce,small,active,
1299,company_01299@example.com,2022-12-15 08:40:30,Volga,ecommerce,small,active,
1300,company_01300@example.com,2022-11-22 02:47:57,South,ecommerce,small,active,
1301,company_01301@example.com,2023-07-22 17:20:00,Moscow,ecommerce,small,active,
1302,company_01302@example.com,2025-03-12 14:30:36,Siberia,entertainment,medium,active,
1303,company_01303@example.com,2023-12-19 02:18:13,Moscow,saas,medium,active,
1304,company_01304@example.com,2023-04-22 02:34:03,Saint Petersburg,ecommerce,medium,active,
1305,company_01305@example.com,2024-12-02 12:10:27,Volga,ecommerce,small,active,
1306,company_01306@example.com,2025-03-13 09:00:44,Far East,saas,small,active,
1307,company_01307@example.com,2025-05-19 15:58:31,Northwest,ecommerce,small,active,
1308,company_01308@example.com,2023-02-13 22:55:04,Ural,education,medium,active,
1309,company_01309@example.com,2024-08-28 18:54:32,South,ecommerce,small,active,
1310,company_01310@example.com,2024-03-18 13:23:40,Volga,services,small,active,
1311,company_01311@example.com,2023-09-07 04:38:37,South,other,small,active,
1312,company_01312@example.com,2023-06-28 00:20:10,Moscow,ecommerce,large,active,
1313,company_01313@example.com,2022-06-06 17:00:50,Saint Petersburg,other,small,active,
1314,company_01314@example.com,2023-01-11 23:03:21,Northwest,saas,small,churned,2025-06-21 06:05:08.235435888
1315,company_01315@example.com,2024-01-22 22:36:28,Northwest,other,small,active,
1316,company_01316@example.com,2025-04-27 19:27:28,Saint Petersburg,travel,small,churned,2026-03-22 20:44:00.746770207
1317,company_01317@example.com,2025-03-31 03:43:36,Moscow,saas,small,active,
1318,company_01318@example.com,2022-09-14 15:04:32,Moscow,services,small,active,
1319,company_01319@example.com,2024-07-18 07:31:25,Central,saas,small,churned,2026-01-23 06:07:36.579494707
1320,company_01320@example.com,2022-04-27 00:32:02,Moscow,ecommerce,medium,active,
1321,company_01321@example.com,2024-07-12 10:01:44,South,travel,small,active,
1322,company_01322@example.com,2023-04-13 18:08:42,Moscow,services,medium,active,
1323,company_01323@example.com,2023-09-08 09:25:07,Moscow,ecommerce,small,active,
1324,company_01324@example.com,2024-09-08 17:31:42,Saint Petersburg,retail,medium,active,
1325,company_01325@example.com,2023-08-05 05:56:09,Ural,ecommerce,small,churned,2025-04-07 10:29:48.717305280
1326,company_01326@example.com,2025-01-09 13:35:40,Saint Petersburg,retail,small,churned,2025-12-02 17:15:06.609945718
1327,company_01327@example.com,2023-12-31 22:31:18,Central,ecommerce,small,active,
1328,company_01328@example.com,2025-09-28 06:44:32,South,retail,large,active,
1329,company_01329@example.com,2024-05-23 02:43:20,Ural,retail,small,active,
1330,company_01330@example.com,2023-02-10 10:09:32,Saint Petersburg,services,medium,active,
1331,company_01331@example.com,2024-11-26 14:14:17,South,ecommerce,medium,active,
1332,company_01332@example.com,2023-07-13 01:33:00,Saint Petersburg,retail,small,active,
1333,company_01333@example.com,2024-01-01 17:49:06,South,retail,small,active,
1334,company_01334@example.com,2022-07-07 04:06:58,Central,education,small,active,
1335,company_01335@example.com,2022-06-13 06:16:30,Far East,ecommerce,small,churned,2025-05-22 18:12:45.633368164
1336,company_01336@example.com,2024-02-26 10:11:42,Northwest,other,small,churned,2025-10-29 23:17:28.342347197
1337,company_01337@example.com,2022-09-13 09:26:11,Ural,retail,small,active,
1338,company_01338@example.com,2025-09-26 16:32:52,Far East,retail,small,active,
1339,company_01339@example.com,2025-03-16 13:28:39,Moscow,services,small,active,
1340,company_01340@example.com,2024-08-16 19:19:31,South,saas,medium,active,
1341,company_01341@example.com,2024-10-02 01:38:43,Moscow,education,small,active,
1342,company_01342@example.com,2024-03-25 06:01:40,Saint Petersburg,retail,medium,active,
1343,company_01343@example.com,2022-03-24 11:27:24,Volga,services,small,active,
1344,company_01344@example.com,2023-06-21 18:15:43,Ural,education,small,active,
1345,company_01345@example.com,2023-11-10 06:09:20,South,education,small,active,
1346,company_01346@example.com,2025-06-06 03:05:20,Siberia,other,medium,active,
1347,company_01347@example.com,2022-10-28 06:20:02,Volga,other,small,active,
1348,company_01348@example.com,2023-11-11 18:45:56,Far East,services,large,churned,2025-09-05 08:16:31.108246624
1349,company_01349@example.com,2023-04-16 16:23:27,Siberia,ecommerce,small,active,
1350,company_01350@example.com,2022-07-03 19:32:04,Siberia,services,small,churned,2024-03-14 08:02:30.880582742
1351,company_01351@example.com,2022-05-21 22:17:08,Moscow,other,small,active,
1352,company_01352@example.com,2023-05-15 20:06:20,Volga,entertainment,small,active,
1353,company_01353@example.com,2022-04-23 18:03:20,South,ecommerce,small,active,
1354,company_01354@example.com,2022-04-02 21:12:57,Northwest,ecommerce,small,active,
1355,company_01355@example.com,2023-04-25 23:42:35,Moscow,ecommerce,small,active,
1356,company_01356@example.com,2022-10-04 07:22:32,Saint Petersburg,saas,small,churned,2025-11-03 17:34:05.300691441
1357,company_01357@example.com,2024-01-29 23:30:19,Saint Petersburg,education,small,active,
1358,company_01358@example.com,2022-01-25 04:06:05,Saint Petersburg,retail,large,churned,2023-05-06 15:21:50.248631410
1359,company_01359@example.com,2023-02-17 21:06:56,Ural,retail,small,active,
1360,company_01360@example.com,2023-09-13 02:05:10,Moscow,retail,small,active,
1361,company_01361@example.com,2025-08-10 13:57:05,Saint Petersburg,entertainment,large,active,
1362,company_01362@example.com,2024-05-18 01:13:33,South,retail,small,active,
1363,company_01363@example.com,2025-04-19 19:46:38,Central,retail,small,active,
1364,company_01364@example.com,2023-04-15 14:58:41,Moscow,travel,medium,active,
1365,company_01365@example.com,2023-09-08 04:52:38,Volga,services,medium,active,
1366,company_01366@example.com,2023-07-30 01:58:27,Volga,travel,medium,active,
1367,company_01367@example.com,2025-04-28 22:56:29,Northwest,saas,small,churned,2025-10-09 02:24:44.498849962
1368,company_01368@example.com,2025-08-05 04:45:31,Ural,ecommerce,large,active,
1369,company_01369@example.com,2025-08-09 11:21:26,Northwest,ecommerce,small,active,
1370,company_01370@example.com,2024-10-25 16:27:11,Moscow,ecommerce,large,churned,2025-08-01 06:12:59.980328791
1371,company_01371@example.com,2023-11-20 06:08:53,Ural,travel,medium,active,
1372,company_01372@example.com,2024-01-10 21:24:18,Volga,other,large,active,
1373,company_01373@example.com,2025-09-03 08:06:38,South,retail,small,churned,2026-02-08 07:50:39.511090885
1374,company_01374@example.com,2023-01-25 06:02:45,Central,saas,small,active,
1375,company_01375@example.com,2023-04-20 07:06:05,Moscow,travel,small,active,
1376,company_01376@example.com,2025-05-12 02:11:56,Moscow,other,small,active,
1377,company_01377@example.com,2023-06-13 11:43:54,Siberia,education,small,active,
1378,company_01378@example.com,2022-11-18 14:42:30,Ural,ecommerce,large,active,
1379,company_01379@example.com,2024-02-06 17:20:05,Moscow,travel,small,churned,2025-09-29 01:12:51.659731679
1380,company_01380@example.com,2023-03-22 01:39:09,South,saas,small,active,
1381,company_01381@example.com,2025-05-03 17:09:13,South,travel,small,active,
1382,company_01382@example.com,2025-05-28 14:24:57,Volga,saas,small,active,
1383,company_01383@example.com,2023-02-23 14:55:26,Saint Petersburg,retail,small,active,
1384,company_01384@example.com,2023-12-26 09:55:29,Siberia,services,small,active,
1385,company_01385@example.com,2025-09-08 02:26:10,South,retail,medium,active,
1386,company_01386@example.com,2024-10-12 11:46:58,South,education,medium,active,
1387,company_01387@example.com,2022-10-22 23:28:35,South,retail,small,active,
1388,company_01388@example.com,2024-03-19 03:19:59,South,ecommerce,small,active,
1389,company_01389@example.com,2024-04-28 00:14:38,Moscow,ecommerce,small,active,
1390,company_01390@example.com,2024-06-12 21:42:57,Far East,services,medium,active,
1391,company_01391@example.com,2022-02-04 05:08:34,Saint Petersburg,entertainment,medium,active,
1392,company_01392@example.com,2023-02-14 13:21:08,Siberia,retail,small,active,
1393,company_01393@example.com,2025-03-15 02:40:56,Siberia,education,medium,active,
1394,company_01394@example.com,2022-11-27 04:43:39,South,ecommerce,small,active,
1395,company_01395@example.com,2023-02-14 23:36:25,Volga,retail,small,active,
1396,company_01396@example.com,2023-03-18 04:04:07,Moscow,retail,medium,active,
1397,company_01397@example.com,2022-08-31 15:59:53,Central,services,small,active,
1398,company_01398@example.com,2022-08-01 15:27:26,Volga,entertainment,small,active,
1399,company_01399@example.com,2023-04-20 17:12:52,Moscow,education,small,active,
1400,company_01400@example.com,2025-04-11 01:29:21,Moscow,services,small,active,
1401,company_01401@example.com,2022-01-03 02:23:45,Northwest,travel,small,active,
1402,company_01402@example.com,2023-01-23 11:33:47,Saint Petersburg,ecommerce,small,active,
1403,company_01403@example.com,2022-03-24 22:30:19,Saint Petersburg,retail,small,active,
1404,company_01404@example.com,2024-02-08 02:49:11,Saint Petersburg,ecommerce,small,active,
1405,company_01405@example.com,2022-12-09 19:45:28,South,education,medium,active,
1406,company_01406@example.com,2024-12-19 10:06:15,Central,entertainment,small,churned,2025-07-21 13:53:48.200121921
1407,company_01407@example.com,2024-03-11 07:16:16,Ural,education,large,active,
1408,company_01408@example.com,2024-12-08 06:30:47,Volga,education,small,active,
1409,company_01409@example.com,2024-05-18 13:17:29,Moscow,ecommerce,small,active,
1410,company_01410@example.com,2023-08-23 17:05:51,Central,retail,small,active,
1411,company_01411@example.com,2025-03-23 19:16:12,Moscow,other,medium,active,
1412,company_01412@example.com,2023-10-14 12:28:47,Ural,retail,small,active,
1413,company_01413@example.com,2025-07-23 12:14:58,Moscow,travel,medium,active,
1414,company_01414@example.com,2025-09-22 18:02:52,Moscow,ecommerce,small,active,
1415,company_01415@example.com,2024-03-16 18:44:48,Central,ecommerce,small,active,
1416,company_01416@example.com,2024-07-11 20:23:03,Moscow,retail,small,churned,2025-11-16 20:01:38.643262375
1417,company_01417@example.com,2022-12-16 17:54:47,Volga,entertainment,small,active,
1418,company_01418@example.com,2025-01-19 10:12:33,Central,ecommerce,small,active,
1419,company_01419@example.com,2024-07-07 17:42:57,Northwest,travel,small,active,
1420,company_01420@example.com,2025-05-19 16:39:06,Moscow,ecommerce,small,active,
1421,company_01421@example.com,2023-01-01 06:24:56,Volga,services,small,churned,2024-11-29 00:27:20.714329243
1422,company_01422@example.com,2024-12-13 10:08:58,South,services,small,active,
1423,company_01423@example.com,2023-10-06 08:05:45,Moscow,services,small,active,
1424,company_01424@example.com,2022-09-11 07:48:29,Volga,retail,small,churned,2023-07-17 00:12:50.902584083
1425,company_01425@example.com,2022-08-23 04:43:37,Siberia,ecommerce,small,churned,2023-11-10 22:48:14.456384320
1426,company_01426@example.com,2024-02-09 01:11:22,Ural,entertainment,small,churned,2025-06-19 17:03:02.152172096
1427,company_01427@example.com,2023-03-14 00:10:07,Far East,services,small,active,
1428,company_01428@example.com,2022-05-20 09:23:20,South,ecommerce,small,active,
1429,company_01429@example.com,2023-08-08 08:04:02,Central,retail,medium,active,
1430,company_01430@example.com,2024-06-12 04:44:21,Far East,ecommerce,small,churned,2025-12-22 10:47:31.849296249
1431,company_01431@example.com,2023-03-13 07:44:20,Moscow,education,small,active,
1432,company_01432@example.com,2025-07-30 22:01:56,Volga,education,medium,active,
1433,company_01433@example.com,2024-12-02 10:05:59,Ural,ecommerce,small,active,
1434,company_01434@example.com,2023-12-03 10:01:08,Siberia,education,small,active,
1435,company_01435@example.com,2025-07-02 14:33:01,Far East,services,large,active,
1436,company_01436@example.com,2023-08-16 07:21:10,Moscow,entertainment,large,active,
1437,company_01437@example.com,2022-07-11 01:35:49,South,travel,medium,active,
1438,company_01438@example.com,2022-02-19 00:47:21,Moscow,education,small,active,
1439,company_01439@example.com,2025-07-07 05:11:23,Ural,saas,small,active,
1440,company_01440@example.com,2025-08-05 23:19:01,South,retail,large,active,
1441,company_01441@example.com,2024-10-08 07:03:51,Moscow,services,large,active,
1442,company_01442@example.com,2022-05-21 21:47:02,Siberia,ecommerce,small,churned,2024-03-09 14:01:11.028151430
1443,company_01443@example.com,2023-02-06 17:07:59,Central,ecommerce,small,active,
1444,company_01444@example.com,2022-02-26 04:42:31,Volga,services,small,active,
1445,company_01445@example.com,2022-03-12 02:35:31,Northwest,ecommerce,small,active,
1446,company_01446@example.com,2022-12-03 14:51:32,South,services,medium,active,
1447,company_01447@example.com,2024-02-22 16:33:28,Volga,services,small,active,
1448,company_01448@example.com,2022-03-31 15:29:42,Moscow,ecommerce,small,active,
1449,company_01449@example.com,2025-09-08 22:25:24,Moscow,retail,small,active,
1450,company_01450@example.com,2023-09-15 14:25:44,Moscow,services,small,active,
1451,company_01451@example.com,2022-12-27 22:34:35,Saint Petersburg,travel,small,active,
1452,company_01452@example.com,2023-12-08 00:11:40,Saint Petersburg,saas,small,active,
1453,company_01453@example.com,2024-12-16 22:22:48,Volga,retail,small,active,
1454,company_01454@example.com,2023-03-04 14:17:47,South,saas,large,active,
1455,company_01455@example.com,2022-03-06 23:58:07,Moscow,retail,small,active,
1456,company_01456@example.com,2022-03-11 17:08:04,Volga,ecommerce,small,active,
1457,company_01457@example.com,2025-03-11 12:24:02,Far East,services,small,churned,2025-09-23 07:11:45.217831434
1458,company_01458@example.com,2022-06-02 16:03:47,Moscow,retail,small,active,
1459,company_01459@example.com,2024-05-19 10:49:07,South,ecommerce,small,churned,2025-03-18 20:33:13.608257908
1460,company_01460@example.com,2023-06-11 00:02:51,Moscow,retail,small,churned,2024-01-08 18:57:25.507819370
1461,company_01461@example.com,2024-11-29 15:26:32,Volga,saas,small,active,
1462,company_01462@example.com,2022-03-24 19:16:12,Ural,entertainment,small,active,
1463,company_01463@example.com,2025-05-13 04:18:48,Moscow,other,small,active,
1464,company_01464@example.com,2024-08-13 02:57:54,Saint Petersburg,retail,small,active,
1465,company_01465@example.com,2023-09-07 14:41:10,Siberia,education,small,active,
1466,company_01466@example.com,2022-10-11 04:53:54,Moscow,saas,small,active,
1467,company_01467@example.com,2025-08-29 17:31:19,South,retail,small,active,
1468,company_01468@example.com,2023-02-18 05:36:49,Volga,retail,small,active,
1469,company_01469@example.com,2023-11-03 00:29:35,Moscow,ecommerce,small,active,
1470,company_01470@example.com,2023-06-24 03:56:15,Ural,services,small,active,
1471,company_01471@example.com,2022-11-12 09:25:42,Volga,services,small,active,
1472,company_01472@example.com,2023-07-24 22:07:38,Moscow,retail,large,churned,2023-12-15 02:04:44.017490992
1473,company_01473@example.com,2022-07-27 05:32:28,Far East,ecommerce,large,active,
1474,company_01474@example.com,2022-01-03 06:31:27,Central,travel,large,active,
1475,company_01475@example.com,2023-02-01 17:02:52,Ural,services,small,active,
1476,company_01476@example.com,2022-06-03 07:29:39,Moscow,ecommerce,small,churned,2026-04-25 01:19:47.424926370
1477,company_01477@example.com,2023-07-22 10:01:15,Moscow,retail,small,active,
1478,company_01478@example.com,2025-03-26 06:17:10,Ural,other,small,active,
1479,company_01479@example.com,2022-08-11 09:28:24,South,services,small,active,
1480,company_01480@example.com,2022-01-02 16:29:02,Saint Petersburg,services,small,active,
1481,company_01481@example.com,2022-06-01 23:26:31,Ural,services,small,active,
1482,company_01482@example.com,2023-11-27 04:09:02,Volga,other,small,active,
1483,company_01483@example.com,2023-01-11 23:29:12,Saint Petersburg,retail,small,active,
1484,company_01484@example.com,2023-11-01 15:19:47,Ural,retail,medium,active,
1485,company_01485@example.com,2022-02-10 00:15:58,Volga,retail,small,active,
1486,company_01486@example.com,2023-04-01 16:08:50,Volga,saas,medium,active,
1487,company_01487@example.com,2023-07-16 01:32:19,Ural,ecommerce,small,churned,2024-02-10 17:15:36.031543580
1488,company_01488@example.com,2023-08-14 01:19:43,Volga,ecommerce,small,churned,2024-04-02 13:43:35.886250041
1489,company_01489@example.com,2024-01-24 23:37:42,Far East,ecommerce,small,active,
1490,company_01490@example.com,2024-12-03 20:02:23,Ural,services,small,churned,2026-04-06 09:30:58.945183694
1491,company_01491@example.com,2023-10-02 04:05:34,Saint Petersburg,services,small,active,
1492,company_01492@example.com,2025-02-24 18:24:00,Central,retail,small,active,
1493,company_01493@example.com,2023-12-26 16:16:21,Northwest,retail,small,churned,2025-09-15 03:16:47.964618698
1494,company_01494@example.com,2022-12-23 03:45:48,Siberia,travel,small,active,
1495,company_01495@example.com,2022-11-10 07:07:38,Moscow,ecommerce,small,active,
1496,company_01496@example.com,2023-03-18 04:00:22,Saint Petersburg,travel,large,active,
1497,company_01497@example.com,2024-03-28 07:56:12,Saint Petersburg,ecommerce,small,active,
1498,company_01498@example.com,2022-11-28 17:11:49,Siberia,entertainment,small,active,
1499,company_01499@example.com,2025-06-04 14:08:49,Far East,retail,small,active,
1500,company_01500@example.com,2023-10-19 10:52:30,Ural,services,small,active,
1501,company_01501@example.com,2025-03-26 22:58:17,Saint Petersburg,ecommerce,small,active,
1502,company_01502@example.com,2024-07-23 16:44:18,Siberia,retail,small,active,
1503,company_01503@example.com,2023-04-02 00:37:43,Moscow,travel,medium,active,
1504,company_01504@example.com,2022-11-09 05:59:54,Central,services,small,active,
1505,company_01505@example.com,2024-10-14 17:10:29,Saint Petersburg,saas,small,active,
1506,company_01506@example.com,2023-03-29 10:42:57,Volga,services,small,active,
1507,company_01507@example.com,2022-12-04 17:09:36,Volga,services,medium,active,
1508,company_01508@example.com,2025-06-26 18:23:15,Moscow,saas,medium,active,
1509,company_01509@example.com,2023-10-23 05:42:16,Moscow,education,large,active,
1510,company_01510@example.com,2022-03-08 10:37:36,Ural,entertainment,small,active,
1511,company_01511@example.com,2023-11-08 20:12:40,Moscow,retail,small,active,
1512,company_01512@example.com,2023-09-23 07:59:15,Central,retail,small,churned,2025-01-30 15:30:25.762716360
1513,company_01513@example.com,2025-03-27 21:48:49,Moscow,saas,medium,churned,2026-02-11 12:23:24.739932906
1514,company_01514@example.com,2024-08-31 09:52:25,Saint Petersburg,ecommerce,small,active,
1515,company_01515@example.com,2022-09-19 18:38:29,Saint Petersburg,ecommerce,small,active,
1516,company_01516@example.com,2022-07-25 19:42:21,South,ecommerce,small,active,
1517,company_01517@example.com,2024-04-05 17:13:00,Central,education,small,active,
1518,company_01518@example.com,2022-03-06 19:23:01,Saint Petersburg,services,small,active,
1519,company_01519@example.com,2023-03-13 09:55:54,Siberia,ecommerce,small,active,
1520,company_01520@example.com,2022-07-09 01:33:31,Moscow,ecommerce,small,active,
1521,company_01521@example.com,2022-01-29 03:05:22,Ural,retail,medium,active,
1522,company_01522@example.com,2025-06-10 22:48:11,Moscow,retail,small,active,
1523,company_01523@example.com,2022-05-03 20:59:46,Far East,ecommerce,medium,churned,2026-03-03 01:13:35.140023202
1524,company_01524@example.com,2022-01-13 16:01:01,Moscow,ecommerce,small,churned,2022-10-07 13:55:20.173043851
1525,company_01525@example.com,2025-06-30 04:42:21,Volga,saas,medium,churned,2025-12-19 13:06:28.332297594
1526,company_01526@example.com,2022-09-15 14:59:13,Volga,travel,small,active,
1527,company_01527@example.com,2025-01-22 01:13:35,Volga,retail,large,active,
1528,company_01528@example.com,2022-02-12 19:06:01,Ural,retail,small,active,
1529,company_01529@example.com,2022-07-30 01:33:12,Moscow,ecommerce,small,churned,2025-12-03 01:17:33.375639841
1530,company_01530@example.com,2022-06-01 08:11:12,Central,retail,small,active,
1531,company_01531@example.com,2024-08-24 04:01:15,Siberia,retail,small,active,
1532,company_01532@example.com,2024-04-28 08:44:28,Siberia,entertainment,small,active,
1533,company_01533@example.com,2023-10-13 11:40:57,Central,travel,medium,active,
1534,company_01534@example.com,2022-11-27 13:29:19,Volga,education,large,churned,2025-09-18 10:41:36.916923687
1535,company_01535@example.com,2022-05-02 13:27:01,Ural,ecommerce,small,active,
1536,company_01536@example.com,2024-02-18 16:22:12,Ural,services,small,active,
1537,company_01537@example.com,2022-11-12 14:48:41,Siberia,other,small,active,
1538,company_01538@example.com,2024-03-18 09:17:41,Siberia,ecommerce,medium,active,
1539,company_01539@example.com,2024-07-29 10:57:02,Central,saas,medium,active,
1540,company_01540@example.com,2025-03-08 00:39:39,South,ecommerce,small,active,
1541,company_01541@example.com,2023-11-07 18:30:54,Central,travel,large,active,
1542,company_01542@example.com,2022-01-07 11:40:09,Moscow,ecommerce,small,churned,2026-05-22 11:22:35.672057912
1543,company_01543@example.com,2023-01-19 22:51:13,Ural,services,medium,active,
1544,company_01544@example.com,2025-03-13 09:49:33,Volga,ecommerce,large,active,
1545,company_01545@example.com,2023-12-31 11:41:44,Moscow,services,medium,active,
1546,company_01546@example.com,2024-04-26 22:55:04,South,services,small,active,
1547,company_01547@example.com,2023-09-19 07:15:17,Saint Petersburg,services,small,active,
1548,company_01548@example.com,2022-08-11 15:11:38,Moscow,services,small,active,
1549,company_01549@example.com,2025-05-11 16:34:33,Volga,ecommerce,medium,active,
1550,company_01550@example.com,2024-11-23 09:04:49,South,travel,small,active,
1551,company_01551@example.com,2025-09-23 09:51:43,Volga,ecommerce,medium,active,
1552,company_01552@example.com,2025-03-16 07:29:53,Moscow,services,medium,active,
1553,company_01553@example.com,2023-02-03 06:29:16,Volga,ecommerce,small,active,
1554,company_01554@example.com,2022-12-14 19:58:43,Moscow,education,small,active,
1555,company_01555@example.com,2022-12-06 21:54:44,Far East,retail,small,active,
1556,company_01556@example.com,2025-06-10 21:50:02,Saint Petersburg,other,small,active,
1557,company_01557@example.com,2024-02-01 21:17:57,Siberia,services,small,active,
1558,company_01558@example.com,2023-09-14 16:44:46,Moscow,ecommerce,small,active,
1559,company_01559@example.com,2025-08-17 13:57:31,Moscow,travel,small,churned,2026-02-05 19:43:24.279047458
1560,company_01560@example.com,2024-04-05 11:37:54,Central,ecommerce,small,active,
1561,company_01561@example.com,2025-05-29 02:28:14,Ural,retail,small,active,
1562,company_01562@example.com,2025-09-09 00:00:48,Far East,retail,small,churned,2026-05-23 01:31:41.244091861
1563,company_01563@example.com,2022-04-19 16:21:31,Volga,saas,small,active,
1564,company_01564@example.com,2023-05-10 13:57:09,Saint Petersburg,other,small,active,
1565,company_01565@example.com,2024-10-01 07:15:41,Moscow,entertainment,small,active,
1566,company_01566@example.com,2025-01-17 09:38:51,Volga,ecommerce,medium,churned,2025-09-24 12:31:31.337253982
1567,company_01567@example.com,2022-07-23 03:03:31,Central,ecommerce,small,active,
1568,company_01568@example.com,2023-03-12 13:40:47,Siberia,saas,small,churned,2025-08-03 07:13:09.420272194
1569,company_01569@example.com,2024-01-20 21:36:41,Central,retail,large,churned,2026-03-05 02:25:13.796414852
1570,company_01570@example.com,2024-12-29 07:46:42,Ural,services,small,active,
1571,company_01571@example.com,2022-06-04 12:56:27,Siberia,other,small,active,
1572,company_01572@example.com,2024-04-01 19:17:45,Moscow,ecommerce,small,active,
1573,company_01573@example.com,2023-02-10 12:48:48,Central,retail,small,active,
1574,company_01574@example.com,2022-10-23 23:23:24,Siberia,saas,small,active,
1575,company_01575@example.com,2023-12-07 01:35:04,Central,services,medium,active,
1576,company_01576@example.com,2023-07-21 09:18:16,Volga,other,medium,churned,2024-04-24 07:04:40.535985496
1577,company_01577@example.com,2024-05-19 15:40:28,Siberia,services,small,active,
1578,company_01578@example.com,2023-03-11 12:36:47,Moscow,retail,small,active,
1579,company_01579@example.com,2025-01-31 05:47:43,Siberia,saas,small,active,
1580,company_01580@example.com,2022-04-17 20:27:17,Central,travel,small,active,
1581,company_01581@example.com,2025-03-25 01:13:25,Volga,other,small,active,
1582,company_01582@example.com,2022-02-10 19:32:06,Saint Petersburg,education,medium,active,
1583,company_01583@example.com,2024-10-03 16:55:44,Volga,education,medium,active,
1584,company_01584@example.com,2023-04-19 23:35:13,Moscow,retail,small,active,
1585,company_01585@example.com,2023-06-09 09:38:48,Moscow,retail,small,active,
1586,company_01586@example.com,2022-01-27 00:55:44,Central,other,small,active,
1587,company_01587@example.com,2024-08-18 11:20:51,Saint Petersburg,other,small,active,
1588,company_01588@example.com,2022-08-15 09:17:38,Volga,education,medium,active,
1589,company_01589@example.com,2024-06-20 17:26:06,Moscow,other,small,active,
1590,company_01590@example.com,2024-09-19 01:13:07,Moscow,retail,medium,active,
1591,company_01591@example.com,2025-03-02 06:52:27,Moscow,saas,medium,active,
1592,company_01592@example.com,2024-08-26 16:03:05,Central,services,medium,active,
1593,company_01593@example.com,2023-02-17 10:51:21,Moscow,travel,small,active,
1594,company_01594@example.com,2024-10-07 09:04:16,Moscow,travel,small,active,
1595,company_01595@example.com,2025-02-03 21:36:03,Volga,services,medium,active,
1596,company_01596@example.com,2023-03-10 20:46:22,Ural,saas,medium,active,
1597,company_01597@example.com,2022-06-19 20:58:34,South,retail,small,active,
1598,company_01598@example.com,2025-05-02 13:07:07,Saint Petersburg,saas,medium,active,
1599,company_01599@example.com,2022-07-22 09:09:53,Siberia,ecommerce,small,active,
1600,company_01600@example.com,2024-03-23 08:38:40,Volga,ecommerce,small,active,
1601,company_01601@example.com,2022-11-20 05:33:37,Volga,travel,medium,active,
1602,company_01602@example.com,2022-06-22 09:41:48,Moscow,travel,small,active,
1603,company_01603@example.com,2024-11-28 03:15:41,Moscow,entertainment,small,active,
1604,company_01604@example.com,2022-07-16 14:34:15,Central,retail,large,active,
1605,company_01605@example.com,2024-07-05 20:51:17,Moscow,ecommerce,medium,active,
1606,company_01606@example.com,2024-08-06 03:42:32,South,education,medium,active,
1607,company_01607@example.com,2022-03-24 09:24:20,Saint Petersburg,entertainment,small,active,
1608,company_01608@example.com,2022-08-25 14:05:43,Moscow,other,large,active,
1609,company_01609@example.com,2024-12-22 16:32:34,Moscow,saas,small,active,
1610,company_01610@example.com,2023-11-25 23:26:02,Moscow,education,small,active,
1611,company_01611@example.com,2022-06-16 00:13:34,Central,saas,small,active,
1612,company_01612@example.com,2025-09-18 17:56:22,Moscow,ecommerce,medium,active,
1613,company_01613@example.com,2022-12-29 12:05:28,Volga,entertainment,medium,active,
1614,company_01614@example.com,2022-01-06 11:34:39,Saint Petersburg,services,medium,churned,2023-03-07 23:05:37.361928169
1615,company_01615@example.com,2025-06-18 06:13:08,Volga,retail,small,active,
1616,company_01616@example.com,2022-01-23 16:20:52,Far East,services,small,active,
1617,company_01617@example.com,2024-01-27 23:51:41,Siberia,saas,small,active,
1618,company_01618@example.com,2025-09-20 12:57:10,Volga,retail,small,churned,2026-04-05 11:50:51.914511553
1619,company_01619@example.com,2024-03-01 10:38:12,Central,ecommerce,small,active,
1620,company_01620@example.com,2024-03-10 18:51:43,South,travel,small,active,
1621,company_01621@example.com,2023-06-16 00:33:29,Far East,other,medium,active,
1622,company_01622@example.com,2022-06-23 14:42:29,Central,services,medium,active,
1623,company_01623@example.com,2024-02-23 10:37:04,Moscow,ecommerce,medium,churned,2026-02-09 11:55:43.414786607
1624,company_01624@example.com,2025-05-12 12:13:32,Ural,services,small,active,
1625,company_01625@example.com,2022-05-05 15:05:19,Moscow,ecommerce,small,active,
1626,company_01626@example.com,2025-04-19 08:38:45,Ural,retail,small,active,
1627,company_01627@example.com,2023-07-22 18:48:26,Moscow,ecommerce,small,active,
1628,company_01628@example.com,2024-01-04 12:31:55,Moscow,education,small,churned,2024-07-02 07:47:32.992856815
1629,company_01629@example.com,2022-08-15 06:34:21,Ural,retail,small,active,
1630,company_01630@example.com,2024-04-30 14:40:33,South,ecommerce,small,active,
1631,company_01631@example.com,2022-09-07 11:00:59,Volga,retail,medium,active,
1632,company_01632@example.com,2023-01-09 17:16:54,Ural,services,small,active,
1633,company_01633@example.com,2024-09-14 03:58:17,Siberia,retail,small,churned,2026-03-16 20:50:47.346369594
1634,company_01634@example.com,2022-03-11 02:39:45,Central,ecommerce,small,active,
1635,company_01635@example.com,2023-09-04 17:51:53,Northwest,services,small,active,
1636,company_01636@example.com,2024-03-24 08:50:37,Saint Petersburg,travel,small,active,
1637,company_01637@example.com,2022-06-30 14:45:47,Moscow,saas,small,active,
1638,company_01638@example.com,2023-04-15 21:50:38,Siberia,education,small,active,
1639,company_01639@example.com,2024-06-26 20:00:22,Central,travel,small,active,
1640,company_01640@example.com,2025-08-29 03:18:35,Siberia,saas,medium,active,
1641,company_01641@example.com,2025-02-17 23:36:05,Moscow,services,small,churned,2025-10-15 01:14:45.350145528
1642,company_01642@example.com,2022-09-17 14:23:21,Moscow,education,small,active,
1643,company_01643@example.com,2022-01-25 20:14:49,Moscow,ecommerce,small,active,
1644,company_01644@example.com,2022-03-13 00:22:39,Volga,retail,small,active,
1645,company_01645@example.com,2024-03-25 22:28:28,Siberia,retail,small,active,
1646,company_01646@example.com,2022-08-02 18:20:42,Central,retail,medium,active,
1647,company_01647@example.com,2022-11-13 09:24:09,Moscow,other,small,active,
1648,company_01648@example.com,2025-03-05 05:33:41,Saint Petersburg,ecommerce,small,active,
1649,company_01649@example.com,2025-04-10 11:30:25,Saint Petersburg,services,small,active,
1650,company_01650@example.com,2025-02-21 19:03:29,South,other,small,active,
1651,company_01651@example.com,2022-12-14 00:18:47,South,services,small,churned,2024-07-20 17:32:37.670230485
1652,company_01652@example.com,2024-04-27 17:29:10,Moscow,ecommerce,small,active,
1653,company_01653@example.com,2024-04-15 12:48:18,Central,other,small,active,
1654,company_01654@example.com,2022-09-11 10:02:35,South,retail,large,active,
1655,company_01655@example.com,2024-01-28 05:51:10,Saint Petersburg,ecommerce,medium,active,
1656,company_01656@example.com,2023-12-20 13:13:24,Central,education,large,churned,2025-01-06 01:49:56.222304836
1657,company_01657@example.com,2023-06-26 22:56:18,Volga,retail,small,active,
1658,company_01658@example.com,2024-10-25 06:35:56,Central,saas,medium,active,
1659,company_01659@example.com,2024-07-15 23:38:41,Moscow,ecommerce,small,active,
1660,company_01660@example.com,2023-12-30 16:07:19,Moscow,saas,small,active,
1661,company_01661@example.com,2024-09-19 20:28:07,Ural,ecommerce,large,active,
1662,company_01662@example.com,2024-11-09 22:22:46,Moscow,entertainment,small,active,
1663,company_01663@example.com,2024-02-15 13:42:06,Ural,ecommerce,medium,churned,2026-03-28 16:05:00.793027923
1664,company_01664@example.com,2023-01-02 04:16:44,Central,other,medium,active,
1665,company_01665@example.com,2024-09-08 16:41:58,Central,ecommerce,small,churned,2025-03-14 07:26:16.113220714
1666,company_01666@example.com,2025-09-07 07:32:57,Ural,entertainment,medium,active,
1667,company_01667@example.com,2022-07-24 21:43:30,Central,saas,small,active,
1668,company_01668@example.com,2023-07-28 13:33:03,Moscow,services,medium,active,
1669,company_01669@example.com,2025-06-18 08:12:37,Moscow,ecommerce,medium,active,
1670,company_01670@example.com,2023-12-05 22:47:26,South,services,small,active,
1671,company_01671@example.com,2025-07-13 12:11:40,Central,services,small,active,
1672,company_01672@example.com,2022-01-18 01:24:39,Ural,services,small,active,
1673,company_01673@example.com,2022-02-18 02:41:42,Central,services,small,active,
1674,company_01674@example.com,2024-12-24 23:12:34,Central,other,small,active,
1675,company_01675@example.com,2023-05-06 08:00:39,Saint Petersburg,other,medium,active,
1676,company_01676@example.com,2023-12-13 16:11:36,Moscow,education,small,active,
1677,company_01677@example.com,2023-08-09 12:24:27,Siberia,ecommerce,medium,active,
1678,company_01678@example.com,2023-07-13 02:11:22,Moscow,ecommerce,small,active,
1679,company_01679@example.com,2025-07-09 04:49:11,Siberia,travel,small,churned,2026-03-04 09:15:53.689246137
1680,company_01680@example.com,2022-05-09 16:34:14,Moscow,other,small,active,
1681,company_01681@example.com,2024-11-22 09:25:39,Volga,education,medium,active,
1682,company_01682@example.com,2025-05-02 01:11:58,Moscow,ecommerce,small,active,
1683,company_01683@example.com,2024-06-18 08:08:40,Ural,retail,small,active,
1684,company_01684@example.com,2023-06-25 08:52:39,Moscow,retail,small,active,
1685,company_01685@example.com,2022-08-07 21:34:22,Volga,other,medium,active,
1686,company_01686@example.com,2024-07-22 18:31:08,Far East,services,small,active,
1687,company_01687@example.com,2023-10-04 07:34:13,South,ecommerce,small,active,
1688,company_01688@example.com,2022-07-24 08:15:08,Moscow,retail,medium,churned,2023-05-30 21:47:32.624870807
1689,company_01689@example.com,2023-05-08 00:02:24,Ural,ecommerce,medium,active,
1690,company_01690@example.com,2025-08-08 09:35:50,Central,services,small,active,
1691,company_01691@example.com,2022-12-30 01:08:22,Moscow,services,small,active,
1692,company_01692@example.com,2022-09-02 02:35:59,Central,ecommerce,small,active,
1693,company_01693@example.com,2024-07-21 22:37:00,Ural,retail,small,active,
1694,company_01694@example.com,2022-09-30 23:21:45,Central,entertainment,medium,active,
1695,company_01695@example.com,2025-06-12 10:27:08,Ural,saas,small,active,
1696,company_01696@example.com,2025-03-21 02:07:30,South,services,small,churned,2026-05-08 10:36:48.279781170
1697,company_01697@example.com,2025-09-07 11:15:46,Central,education,small,churned,2026-05-01 14:13:37.838425102
1698,company_01698@example.com,2025-06-02 09:54:59,Saint Petersburg,other,small,churned,2025-11-26 03:13:54.312694335
1699,company_01699@example.com,2022-11-30 11:16:04,South,travel,small,active,
1700,company_01700@example.com,2022-10-18 05:13:25,Saint Petersburg,other,medium,active,
1701,company_01701@example.com,2023-04-14 17:32:17,Moscow,ecommerce,small,active,
1702,company_01702@example.com,2023-10-05 16:30:09,Saint Petersburg,ecommerce,large,active,
1703,company_01703@example.com,2025-04-18 20:01:06,Siberia,ecommerce,medium,active,
1704,company_01704@example.com,2024-09-30 10:06:16,Saint Petersburg,saas,small,active,
1705,company_01705@example.com,2024-05-31 14:04:48,Moscow,services,small,active,
1706,company_01706@example.com,2025-04-16 14:30:13,Moscow,ecommerce,small,active,
1707,company_01707@example.com,2024-06-02 13:46:28,Moscow,other,small,active,
1708,company_01708@example.com,2023-06-03 13:03:29,Northwest,other,small,churned,2024-07-17 02:53:15.960415866
1709,company_01709@example.com,2023-07-19 23:38:42,Volga,ecommerce,medium,active,
1710,company_01710@example.com,2023-12-09 06:47:01,South,services,small,active,
1711,company_01711@example.com,2022-05-02 10:34:07,Ural,services,small,active,
1712,company_01712@example.com,2024-10-11 16:01:59,Saint Petersburg,ecommerce,small,active,
1713,company_01713@example.com,2024-06-11 23:56:15,Ural,services,small,active,
1714,company_01714@example.com,2024-09-27 04:39:22,Northwest,ecommerce,large,churned,2025-07-31 10:39:22.889036579
1715,company_01715@example.com,2024-01-01 10:23:59,Ural,entertainment,small,active,
1716,company_01716@example.com,2024-12-07 02:08:49,South,saas,medium,active,
1717,company_01717@example.com,2025-07-23 06:13:24,Central,entertainment,medium,active,
1718,company_01718@example.com,2024-02-19 16:04:01,Siberia,travel,small,churned,2025-04-03 01:19:49.283857543
1719,company_01719@example.com,2023-08-31 22:00:34,Moscow,ecommerce,small,active,
1720,company_01720@example.com,2022-05-24 02:43:22,Ural,retail,small,active,
1721,company_01721@example.com,2024-12-01 05:32:01,Saint Petersburg,travel,medium,active,
1722,company_01722@example.com,2025-05-21 15:15:03,Volga,retail,small,active,
1723,company_01723@example.com,2024-08-14 21:39:36,Siberia,travel,small,active,
1724,company_01724@example.com,2025-03-30 02:28:39,Volga,retail,medium,active,
1725,company_01725@example.com,2025-03-24 02:54:05,Moscow,ecommerce,medium,active,
1726,company_01726@example.com,2024-12-27 19:08:06,South,education,small,churned,2026-03-19 01:59:11.714164097
1727,company_01727@example.com,2023-11-19 22:34:23,Far East,services,small,active,
1728,company_01728@example.com,2022-05-17 14:41:05,South,education,medium,active,
1729,company_01729@example.com,2022-01-05 10:33:53,Siberia,services,small,active,
1730,company_01730@example.com,2022-10-07 14:46:27,Ural,education,medium,active,
1731,company_01731@example.com,2023-08-13 15:23:58,Siberia,saas,small,active,
1732,company_01732@example.com,2024-10-14 05:53:13,Saint Petersburg,services,small,active,
1733,company_01733@example.com,2023-09-16 13:03:27,Central,services,medium,active,
1734,company_01734@example.com,2022-02-01 15:44:08,Siberia,education,small,active,
1735,company_01735@example.com,2022-10-15 18:03:55,Far East,services,small,active,
1736,company_01736@example.com,2025-09-01 13:54:11,Moscow,ecommerce,small,active,
1737,company_01737@example.com,2025-09-13 14:45:02,Moscow,services,small,active,
1738,company_01738@example.com,2023-05-31 22:24:50,Saint Petersburg,ecommerce,medium,active,
1739,company_01739@example.com,2025-01-06 05:17:10,Ural,saas,small,active,
1740,company_01740@example.com,2024-09-11 00:28:08,Siberia,saas,small,active,
1741,company_01741@example.com,2025-06-27 23:24:29,Volga,education,small,active,
1742,company_01742@example.com,2025-04-29 04:44:02,Moscow,saas,large,active,
1743,company_01743@example.com,2024-05-10 02:50:42,Saint Petersburg,services,small,active,
1744,company_01744@example.com,2023-06-24 20:29:18,Siberia,ecommerce,large,active,
1745,company_01745@example.com,2024-05-07 06:27:42,Saint Petersburg,travel,medium,churned,2025-08-28 00:45:12.148873504
1746,company_01746@example.com,2023-03-13 13:45:28,Moscow,other,small,active,
1747,company_01747@example.com,2023-04-22 04:30:36,Saint Petersburg,ecommerce,medium,active,
1748,company_01748@example.com,2024-04-12 18:11:19,Ural,retail,medium,active,
1749,company_01749@example.com,2024-02-21 16:09:50,Central,services,small,active,
1750,company_01750@example.com,2024-03-05 19:02:35,Moscow,retail,small,active,
1751,company_01751@example.com,2023-06-11 05:40:25,Saint Petersburg,services,medium,active,
1752,company_01752@example.com,2023-07-14 16:53:01,Northwest,services,medium,active,
1753,company_01753@example.com,2022-01-14 22:37:31,Central,saas,medium,active,
1754,company_01754@example.com,2024-04-03 05:28:07,Central,ecommerce,large,churned,2025-05-14 00:00:42.260676790
1755,company_01755@example.com,2024-02-27 16:10:35,Moscow,education,small,active,
1756,company_01756@example.com,2025-07-03 14:26:28,Saint Petersburg,saas,medium,active,
1757,company_01757@example.com,2023-11-21 20:30:23,Ural,retail,medium,active,
1758,company_01758@example.com,2023-10-02 17:33:53,Ural,education,small,active,
1759,company_01759@example.com,2022-04-03 14:08:56,Central,ecommerce,small,churned,2025-05-03 16:02:36.051616222
1760,company_01760@example.com,2022-09-27 03:26:21,Siberia,ecommerce,small,active,
1761,company_01761@example.com,2023-04-08 10:26:53,Central,education,medium,churned,2024-11-19 09:05:42.878678009
1762,company_01762@example.com,2023-06-01 00:25:36,Siberia,retail,small,active,
1763,company_01763@example.com,2023-05-12 03:42:05,Moscow,travel,medium,active,
1764,company_01764@example.com,2023-06-24 03:19:13,Saint Petersburg,services,small,active,
1765,company_01765@example.com,2024-11-17 21:06:33,Siberia,entertainment,small,active,
1766,company_01766@example.com,2022-06-29 08:33:38,Siberia,saas,small,active,
1767,company_01767@example.com,2023-03-31 12:44:44,Ural,retail,small,active,
1768,company_01768@example.com,2022-08-11 19:23:49,South,ecommerce,medium,active,
1769,company_01769@example.com,2023-02-26 01:32:34,Ural,saas,small,churned,2023-11-10 06:32:54.835911332
1770,company_01770@example.com,2024-07-25 11:32:31,South,retail,medium,active,
1771,company_01771@example.com,2022-03-05 23:20:53,Saint Petersburg,retail,small,active,
1772,company_01772@example.com,2023-04-10 09:44:01,Central,ecommerce,large,active,
1773,company_01773@example.com,2022-02-02 09:40:21,South,services,small,churned,2022-11-06 04:28:26.714089049
1774,company_01774@example.com,2025-07-30 07:13:26,Volga,retail,small,active,
1775,company_01775@example.com,2024-09-21 21:22:02,Siberia,ecommerce,small,active,
1776,company_01776@example.com,2022-11-30 05:46:06,Central,education,small,active,
1777,company_01777@example.com,2022-09-29 03:12:40,Moscow,travel,small,churned,2024-02-28 18:10:33.644631028
1778,company_01778@example.com,2022-05-16 07:53:21,Moscow,retail,medium,active,
1779,company_01779@example.com,2023-10-09 21:35:31,Siberia,travel,small,active,
1780,company_01780@example.com,2024-10-27 19:03:42,Moscow,education,small,churned,2025-11-29 05:43:34.550861724
1781,company_01781@example.com,2024-03-10 04:47:20,Siberia,retail,small,active,
1782,company_01782@example.com,2025-04-20 06:10:32,Moscow,retail,small,active,
1783,company_01783@example.com,2023-04-16 08:13:22,Central,ecommerce,medium,churned,2023-12-29 23:15:57.240711367
1784,company_01784@example.com,2023-01-16 11:01:03,Ural,retail,small,active,
1785,company_01785@example.com,2023-10-16 23:23:34,Central,entertainment,medium,active,
1786,company_01786@example.com,2022-10-04 10:57:23,Ural,ecommerce,large,active,
1787,company_01787@example.com,2025-08-27 16:22:15,Moscow,other,small,active,
1788,company_01788@example.com,2022-09-12 03:04:25,Volga,ecommerce,small,churned,2024-11-20 13:45:57.500193894
1789,company_01789@example.com,2023-10-18 02:09:03,Volga,retail,small,active,
1790,company_01790@example.com,2023-12-16 02:42:28,Siberia,services,small,active,
1791,company_01791@example.com,2022-03-20 00:56:45,Moscow,saas,small,active,
1792,company_01792@example.com,2023-10-03 19:03:18,Saint Petersburg,ecommerce,large,active,
1793,company_01793@example.com,2023-09-15 00:47:11,South,ecommerce,small,active,
1794,company_01794@example.com,2022-12-21 21:55:43,Northwest,services,small,active,
1795,company_01795@example.com,2022-06-25 01:27:20,Siberia,retail,medium,active,
1796,company_01796@example.com,2022-03-03 19:07:25,Siberia,services,small,active,
1797,company_01797@example.com,2022-01-12 17:45:17,Volga,saas,medium,active,
1798,company_01798@example.com,2023-10-21 16:19:25,Volga,ecommerce,small,active,
1799,company_01799@example.com,2022-05-03 21:39:51,Siberia,saas,small,active,
1800,company_01800@example.com,2025-08-05 08:47:58,Siberia,ecommerce,large,active,
1801,company_01801@example.com,2022-12-01 19:32:19,Ural,entertainment,medium,active,
1802,company_01802@example.com,2024-06-11 15:30:37,Ural,other,medium,active,
1803,company_01803@example.com,2024-07-10 07:57:57,Siberia,services,small,churned,2025-04-09 22:04:41.191756329
1804,company_01804@example.com,2023-11-09 20:28:16,Moscow,other,medium,active,
1805,company_01805@example.com,2025-04-23 18:46:10,Saint Petersburg,saas,small,active,
1806,company_01806@example.com,2022-06-01 10:14:31,Northwest,ecommerce,small,churned,2025-04-17 23:36:54.017418683
1807,company_01807@example.com,2022-11-17 03:43:34,Volga,ecommerce,small,active,
1808,company_01808@example.com,2022-12-12 07:59:17,Moscow,ecommerce,small,active,
1809,company_01809@example.com,2022-07-05 05:55:35,Volga,education,small,active,
1810,company_01810@example.com,2023-02-08 06:01:05,South,services,small,active,
1811,company_01811@example.com,2023-03-04 18:08:49,Ural,education,medium,churned,2023-08-01 19:21:01.440058131
1812,company_01812@example.com,2024-11-12 06:01:48,Ural,services,medium,churned,2025-10-06 20:22:19.332914490
1813,company_01813@example.com,2023-02-17 15:00:10,Moscow,education,large,active,
1814,company_01814@example.com,2025-04-14 08:10:08,Central,ecommerce,small,active,
1815,company_01815@example.com,2024-11-23 00:26:09,Moscow,ecommerce,large,churned,2025-04-14 16:47:47.151626285
1816,company_01816@example.com,2025-05-18 10:42:19,Siberia,other,small,active,
1817,company_01817@example.com,2022-05-24 22:44:05,Moscow,retail,small,active,
1818,company_01818@example.com,2025-09-08 21:21:23,Volga,retail,medium,active,
1819,company_01819@example.com,2024-04-19 21:37:41,Volga,ecommerce,small,active,
1820,company_01820@example.com,2025-09-05 21:03:46,Volga,other,small,active,
1821,company_01821@example.com,2025-07-27 16:52:03,Volga,ecommerce,small,active,
1822,company_01822@example.com,2024-03-16 05:05:59,South,services,small,active,
1823,company_01823@example.com,2022-04-09 06:03:52,Volga,ecommerce,medium,active,
1824,company_01824@example.com,2023-07-16 01:12:24,Moscow,ecommerce,small,churned,2024-09-15 09:44:29.033146758
1825,company_01825@example.com,2022-07-08 12:02:14,Saint Petersburg,travel,small,churned,2022-11-25 18:54:56.350398894
1826,company_01826@example.com,2025-07-11 16:05:43,Volga,services,small,active,
1827,company_01827@example.com,2023-02-21 12:14:41,Saint Petersburg,services,small,active,
1828,company_01828@example.com,2022-11-01 04:33:41,Ural,ecommerce,medium,active,
1829,company_01829@example.com,2024-01-27 08:45:19,Saint Petersburg,other,large,active,
1830,company_01830@example.com,2023-08-05 14:54:06,Ural,services,medium,active,
1831,company_01831@example.com,2022-05-13 15:58:40,Moscow,other,medium,active,
1832,company_01832@example.com,2025-01-21 23:08:03,Ural,ecommerce,small,active,
1833,company_01833@example.com,2025-03-03 01:12:20,Moscow,retail,medium,churned,2025-12-04 16:56:08.504632803
1834,company_01834@example.com,2024-10-13 08:56:04,Volga,retail,small,active,
1835,company_01835@example.com,2024-04-23 17:20:19,Saint Petersburg,travel,small,active,
1836,company_01836@example.com,2023-07-05 16:46:28,Volga,travel,small,active,
1837,company_01837@example.com,2024-01-12 22:54:28,Moscow,education,small,active,
1838,company_01838@example.com,2023-12-14 17:21:15,Ural,ecommerce,medium,active,
1839,company_01839@example.com,2022-08-15 03:30:04,Volga,ecommerce,medium,active,
1840,company_01840@example.com,2022-04-22 22:05:32,Northwest,ecommerce,large,active,
1841,company_01841@example.com,2022-12-13 10:53:01,South,saas,small,active,
1842,company_01842@example.com,2023-09-14 12:40:38,Volga,retail,small,active,
1843,company_01843@example.com,2022-08-08 07:21:51,Ural,ecommerce,medium,churned,2025-08-07 17:10:34.200739041
1844,company_01844@example.com,2022-05-26 22:06:31,Moscow,retail,small,active,
1845,company_01845@example.com,2025-03-11 10:40:09,Volga,ecommerce,small,active,
1846,company_01846@example.com,2023-05-28 23:53:33,Central,other,small,active,
1847,company_01847@example.com,2024-03-10 05:22:08,Ural,retail,large,active,
1848,company_01848@example.com,2023-12-18 20:53:44,Moscow,other,medium,active,
1849,company_01849@example.com,2024-10-02 15:46:09,Central,services,small,active,
1850,company_01850@example.com,2024-10-09 01:30:45,South,services,small,active,
1851,company_01851@example.com,2023-02-09 23:21:03,Central,education,small,active,
1852,company_01852@example.com,2025-03-05 22:29:44,Moscow,services,small,active,
1853,company_01853@example.com,2023-05-23 20:57:59,Central,services,small,active,
1854,company_01854@example.com,2025-02-16 13:29:36,Siberia,ecommerce,small,active,
1855,company_01855@example.com,2023-07-08 20:11:53,Moscow,entertainment,small,churned,2024-02-07 18:19:38.263447514
1856,company_01856@example.com,2022-06-01 20:09:32,Saint Petersburg,retail,small,active,
1857,company_01857@example.com,2024-11-05 16:48:41,Northwest,retail,small,active,
1858,company_01858@example.com,2022-02-11 06:15:24,Far East,retail,small,active,
1859,company_01859@example.com,2024-11-22 13:53:35,Moscow,services,small,active,
1860,company_01860@example.com,2022-03-01 01:06:56,Volga,retail,medium,active,
1861,company_01861@example.com,2022-10-10 22:06:06,Moscow,retail,small,active,
1862,company_01862@example.com,2024-04-05 09:40:07,Far East,ecommerce,medium,active,
1863,company_01863@example.com,2025-07-12 00:36:13,Central,retail,small,active,
1864,company_01864@example.com,2023-07-13 19:08:24,Central,ecommerce,small,active,
1865,company_01865@example.com,2022-06-15 01:21:21,Saint Petersburg,saas,small,active,
1866,company_01866@example.com,2022-11-15 14:52:11,Volga,retail,small,active,
1867,company_01867@example.com,2025-05-10 21:28:48,Moscow,other,small,active,
1868,company_01868@example.com,2024-09-21 04:11:23,Ural,services,medium,active,
1869,company_01869@example.com,2022-05-18 08:11:23,Central,travel,medium,active,
1870,company_01870@example.com,2023-06-11 12:56:45,Volga,other,small,active,
1871,company_01871@example.com,2022-12-28 21:22:15,Siberia,ecommerce,small,active,
1872,company_01872@example.com,2022-09-01 06:34:45,Moscow,services,medium,active,
1873,company_01873@example.com,2025-03-03 23:34:59,Moscow,ecommerce,small,churned,2026-03-03 19:47:21.685159236
1874,company_01874@example.com,2024-04-25 00:42:30,Central,ecommerce,small,active,
1875,company_01875@example.com,2022-09-03 13:05:01,Ural,retail,medium,active,
1876,company_01876@example.com,2024-06-09 03:37:18,Moscow,services,small,active,
1877,company_01877@example.com,2023-07-20 18:15:44,Ural,saas,small,active,
1878,company_01878@example.com,2022-03-26 02:24:12,Volga,retail,small,active,
1879,company_01879@example.com,2023-09-08 09:46:49,Volga,travel,small,active,
1880,company_01880@example.com,2022-09-11 09:31:57,Volga,ecommerce,small,active,
1881,company_01881@example.com,2022-12-02 12:20:33,Moscow,ecommerce,medium,active,
1882,company_01882@example.com,2025-04-17 11:15:38,Moscow,ecommerce,small,active,
1883,company_01883@example.com,2024-08-29 14:46:13,Ural,services,medium,active,
1884,company_01884@example.com,2022-07-03 10:29:20,Central,education,medium,active,
1885,company_01885@example.com,2025-03-10 15:01:09,Volga,retail,medium,active,
1886,company_01886@example.com,2024-02-25 15:39:31,Far East,ecommerce,small,active,
1887,company_01887@example.com,2025-04-11 10:03:03,Moscow,services,small,active,
1888,company_01888@example.com,2024-10-18 23:58:46,Central,saas,small,active,
1889,company_01889@example.com,2023-04-10 04:37:28,Saint Petersburg,ecommerce,small,active,
1890,company_01890@example.com,2024-01-02 16:47:58,Moscow,travel,medium,active,
1891,company_01891@example.com,2023-12-28 04:52:48,Northwest,services,small,churned,2025-07-16 23:51:15.231282443
1892,company_01892@example.com,2024-09-11 21:07:12,Northwest,education,medium,active,
1893,company_01893@example.com,2022-12-06 19:40:44,Saint Petersburg,ecommerce,small,active,
1894,company_01894@example.com,2023-04-01 15:57:27,Far East,entertainment,small,active,
1895,company_01895@example.com,2022-12-01 21:09:31,Moscow,education,small,active,
1896,company_01896@example.com,2023-02-10 02:57:48,Northwest,retail,medium,active,
1897,company_01897@example.com,2022-08-09 14:17:36,Siberia,saas,small,active,
1898,company_01898@example.com,2022-02-19 23:53:34,Moscow,saas,small,active,
1899,company_01899@example.com,2025-07-09 22:42:14,Volga,travel,medium,active,
1900,company_01900@example.com,2022-04-12 15:55:28,Ural,saas,small,active,
1901,company_01901@example.com,2025-04-29 18:26:57,Saint Petersburg,ecommerce,small,active,
1902,company_01902@example.com,2022-01-05 05:03:08,Saint Petersburg,travel,small,active,
1903,company_01903@example.com,2024-11-29 10:14:28,Volga,retail,small,active,
1904,company_01904@example.com,2023-03-26 06:09:53,Moscow,saas,small,churned,2024-12-30 22:13:21.509281419
1905,company_01905@example.com,2023-12-10 03:51:47,Moscow,retail,small,churned,2025-07-21 11:02:12.059444554
1906,company_01906@example.com,2023-01-22 01:52:33,Moscow,ecommerce,small,active,
1907,company_01907@example.com,2023-11-03 03:38:20,Ural,retail,small,active,
1908,company_01908@example.com,2023-09-10 17:41:00,Saint Petersburg,travel,small,active,
1909,company_01909@example.com,2023-12-26 16:36:34,Volga,education,small,active,
1910,company_01910@example.com,2023-06-23 00:15:38,Moscow,travel,small,churned,2024-09-05 02:48:44.037367016
1911,company_01911@example.com,2024-01-05 00:36:03,Moscow,ecommerce,small,active,
1912,company_01912@example.com,2025-02-03 05:26:54,South,ecommerce,small,active,
1913,company_01913@example.com,2023-08-18 11:34:30,Moscow,services,small,active,
1914,company_01914@example.com,2023-05-10 08:40:18,South,retail,small,active,
1915,company_01915@example.com,2022-06-30 05:46:28,Central,services,medium,active,
1916,company_01916@example.com,2023-05-08 02:15:24,South,other,medium,active,
1917,company_01917@example.com,2022-06-21 21:47:44,Central,services,small,active,
1918,company_01918@example.com,2022-09-07 15:55:49,Siberia,retail,small,active,
1919,company_01919@example.com,2025-07-26 16:15:45,Moscow,services,small,active,
1920,company_01920@example.com,2022-05-03 07:39:24,Siberia,entertainment,medium,active,
1921,company_01921@example.com,2023-10-22 10:02:02,Saint Petersburg,services,small,active,
1922,company_01922@example.com,2025-02-15 07:44:54,Moscow,saas,small,active,
1923,company_01923@example.com,2025-07-27 23:38:37,Volga,retail,small,active,
1924,company_01924@example.com,2022-07-20 16:54:34,Moscow,travel,small,active,
1925,company_01925@example.com,2022-08-12 18:33:21,Central,ecommerce,small,active,
1926,company_01926@example.com,2023-05-25 17:06:03,Ural,travel,medium,active,
1927,company_01927@example.com,2024-01-29 10:36:15,Ural,entertainment,medium,active,
1928,company_01928@example.com,2025-08-06 00:24:12,Volga,entertainment,small,active,
1929,company_01929@example.com,2022-10-12 03:46:22,Northwest,ecommerce,small,active,
1930,company_01930@example.com,2022-08-13 21:25:10,Central,saas,small,active,
1931,company_01931@example.com,2022-12-13 08:33:25,Moscow,ecommerce,small,active,
1932,company_01932@example.com,2025-04-11 01:39:20,Ural,education,small,active,
1933,company_01933@example.com,2022-02-11 02:45:06,Moscow,services,small,active,
1934,company_01934@example.com,2023-06-05 00:32:37,Moscow,education,medium,active,
1935,company_01935@example.com,2022-06-12 17:28:30,Moscow,retail,large,active,
1936,company_01936@example.com,2022-08-03 21:01:03,Saint Petersburg,services,small,active,
1937,company_01937@example.com,2025-06-08 05:58:00,Saint Petersburg,services,small,active,
1938,company_01938@example.com,2022-01-03 06:33:09,Saint Petersburg,services,small,active,
1939,company_01939@example.com,2023-03-16 20:34:16,Volga,education,small,churned,2025-07-30 12:36:42.086756513
1940,company_01940@example.com,2025-06-06 07:12:58,Ural,travel,small,active,
1941,company_01941@example.com,2024-04-11 22:05:53,Far East,retail,small,active,
1942,company_01942@example.com,2022-04-09 03:52:00,Moscow,ecommerce,small,active,
1943,company_01943@example.com,2023-09-29 03:20:38,Moscow,services,medium,active,
1944,company_01944@example.com,2025-08-21 06:05:54,Volga,travel,small,active,
1945,company_01945@example.com,2023-07-02 19:36:54,Moscow,retail,small,churned,2025-11-04 04:25:52.208643869
1946,company_01946@example.com,2023-12-25 04:01:21,Saint Petersburg,ecommerce,small,active,
1947,company_01947@example.com,2023-12-29 14:53:02,Volga,entertainment,large,active,
1948,company_01948@example.com,2024-06-22 11:48:00,Ural,saas,small,active,
1949,company_01949@example.com,2022-09-14 03:25:44,Moscow,services,small,active,
1950,company_01950@example.com,2025-02-22 16:31:15,South,saas,small,active,
1951,company_01951@example.com,2025-09-14 09:50:35,South,other,small,active,
1952,company_01952@example.com,2022-07-15 00:18:53,Siberia,services,large,active,
1953,company_01953@example.com,2025-01-24 10:41:02,Saint Petersburg,retail,small,active,
1954,company_01954@example.com,2025-01-22 12:46:34,Ural,services,medium,active,
1955,company_01955@example.com,2024-10-11 12:41:29,Ural,entertainment,small,churned,2026-02-14 07:55:17.257464062
1956,company_01956@example.com,2023-05-23 08:37:21,Moscow,services,small,churned,2024-06-11 09:51:41.289434277
1957,company_01957@example.com,2023-10-04 06:18:18,Volga,ecommerce,small,churned,2025-08-09 21:53:06.410316825
1958,company_01958@example.com,2025-02-22 00:59:18,South,entertainment,small,active,
1959,company_01959@example.com,2025-02-07 17:21:24,Saint Petersburg,travel,small,active,
1960,company_01960@example.com,2025-06-13 11:18:05,Central,retail,small,active,
1961,company_01961@example.com,2024-07-21 19:06:54,Central,other,small,active,
1962,company_01962@example.com,2023-04-13 00:25:12,Ural,travel,medium,active,
1963,company_01963@example.com,2022-03-10 13:06:10,Moscow,saas,large,active,
1964,company_01964@example.com,2025-06-28 16:58:49,Volga,other,small,active,
1965,company_01965@example.com,2023-04-14 09:47:51,Moscow,ecommerce,small,active,
1966,company_01966@example.com,2022-03-20 02:39:11,South,saas,medium,active,
1967,company_01967@example.com,2024-12-22 19:36:47,South,retail,small,active,
1968,company_01968@example.com,2024-06-18 12:57:09,Volga,saas,medium,active,
1969,company_01969@example.com,2024-05-01 20:46:24,Volga,entertainment,small,active,
1970,company_01970@example.com,2022-03-16 00:06:17,Saint Petersburg,saas,medium,active,
1971,company_01971@example.com,2024-10-24 03:31:56,Saint Petersburg,saas,small,active,
1972,company_01972@example.com,2024-05-21 20:24:21,Ural,saas,small,active,
1973,company_01973@example.com,2024-12-21 16:38:12,Moscow,retail,small,active,
1974,company_01974@example.com,2025-02-05 18:54:00,Ural,retail,small,active,
1975,company_01975@example.com,2022-10-17 22:53:37,South,ecommerce,medium,active,
1976,company_01976@example.com,2022-10-16 03:43:23,Siberia,saas,large,active,
1977,company_01977@example.com,2025-06-17 17:39:13,Saint Petersburg,services,small,active,
1978,company_01978@example.com,2023-12-28 10:40:07,Volga,services,small,churned,2024-08-17 16:07:34.176321091
1979,company_01979@example.com,2023-08-23 04:04:28,Moscow,retail,small,active,
1980,company_01980@example.com,2023-01-28 21:24:24,Far East,services,small,churned,2024-11-22 21:59:20.804472320
1981,company_01981@example.com,2024-05-24 04:05:46,South,education,small,churned,2024-09-22 19:01:09.927591973
1982,company_01982@example.com,2024-10-28 09:58:03,Volga,other,medium,active,
1983,company_01983@example.com,2022-01-04 03:48:05,South,saas,medium,active,
1984,company_01984@example.com,2024-01-27 00:12:41,Saint Petersburg,education,small,active,
1985,company_01985@example.com,2025-09-20 22:16:28,Volga,saas,small,active,
1986,company_01986@example.com,2023-01-19 21:58:30,Ural,ecommerce,small,active,
1987,company_01987@example.com,2023-01-20 06:23:24,Moscow,ecommerce,small,active,
1988,company_01988@example.com,2025-04-16 06:46:52,Northwest,services,small,active,
1989,company_01989@example.com,2022-03-26 21:39:21,Siberia,travel,small,active,
1990,company_01990@example.com,2023-06-28 19:24:53,Northwest,ecommerce,small,active,
1991,company_01991@example.com,2023-09-19 21:39:33,Ural,ecommerce,small,active,
1992,company_01992@example.com,2024-12-27 11:58:29,Saint Petersburg,services,medium,active,
1993,company_01993@example.com,2022-06-26 12:18:53,Volga,ecommerce,small,churned,2023-07-05 23:31:43.929704566
1994,company_01994@example.com,2023-08-17 19:01:14,Moscow,education,small,active,
1995,company_01995@example.com,2022-07-28 09:11:25,Ural,education,small,active,
1996,company_01996@example.com,2024-12-13 11:38:46,Moscow,entertainment,medium,active,
1997,company_01997@example.com,2024-05-14 23:06:33,Siberia,retail,small,active,
1998,company_01998@example.com,2023-11-11 12:54:19,Moscow,ecommerce,small,active,
1999,company_01999@example.com,2023-06-22 12:35:31,Moscow,ecommerce,small,active,
2000,company_02000@example.com,2022-07-29 13:01:08,Moscow,ecommerce,small,active,
2001,company_02001@example.com,2025-06-15 02:15:34,South,travel,small,active,
2002,company_02002@example.com,2024-06-05 00:01:11,Moscow,education,medium,active,
2003,company_02003@example.com,2023-03-13 14:32:45,Moscow,ecommerce,small,churned,2025-05-07 16:51:52.369398095
2004,company_02004@example.com,2023-07-21 06:22:52,Moscow,other,small,active,
2005,company_02005@example.com,2024-09-20 09:56:45,Saint Petersburg,saas,small,active,
2006,company_02006@example.com,2024-09-11 08:44:54,Far East,ecommerce,medium,churned,2026-03-28 08:19:47.721877173
2007,company_02007@example.com,2023-09-23 18:48:59,Central,retail,medium,active,
2008,company_02008@example.com,2023-02-19 08:49:33,Saint Petersburg,saas,medium,churned,2023-08-11 03:40:35.686534629
2009,company_02009@example.com,2024-06-21 19:31:16,Moscow,services,small,active,
2010,company_02010@example.com,2024-06-19 11:06:09,Moscow,other,medium,active,
2011,company_02011@example.com,2024-03-31 09:11:52,Saint Petersburg,ecommerce,medium,churned,2025-08-07 22:59:40.194577005
2012,company_02012@example.com,2022-04-10 15:52:52,Moscow,saas,small,active,
2013,company_02013@example.com,2023-10-09 18:26:36,Moscow,ecommerce,small,active,
2014,company_02014@example.com,2024-04-19 20:11:36,Moscow,retail,medium,active,
2015,company_02015@example.com,2025-07-23 16:24:21,Saint Petersburg,travel,small,active,
2016,company_02016@example.com,2023-12-20 23:17:16,Ural,travel,small,active,
2017,company_02017@example.com,2023-04-14 19:58:27,Moscow,ecommerce,small,active,
2018,company_02018@example.com,2024-01-31 07:47:50,South,ecommerce,small,active,
2019,company_02019@example.com,2022-08-31 10:59:45,Volga,saas,small,active,
2020,company_02020@example.com,2024-07-16 15:11:03,Siberia,ecommerce,small,active,
2021,company_02021@example.com,2025-09-11 02:22:39,Moscow,retail,medium,active,
2022,company_02022@example.com,2025-03-03 08:07:12,Ural,ecommerce,small,active,
2023,company_02023@example.com,2024-03-09 10:47:07,Siberia,ecommerce,small,churned,2025-09-21 10:45:34.620087102
2024,company_02024@example.com,2022-02-25 01:36:38,Northwest,saas,small,active,
2025,company_02025@example.com,2025-09-13 13:03:56,Ural,ecommerce,small,active,
2026,company_02026@example.com,2023-09-08 02:20:25,Moscow,services,large,active,
2027,company_02027@example.com,2023-02-01 06:13:25,Far East,services,small,active,
2028,company_02028@example.com,2025-05-05 22:09:20,Ural,ecommerce,small,active,
2029,company_02029@example.com,2024-10-18 01:53:46,Moscow,services,small,active,
2030,company_02030@example.com,2024-10-22 11:28:42,Moscow,retail,large,active,
2031,company_02031@example.com,2023-01-15 23:11:25,Far East,saas,small,active,
2032,company_02032@example.com,2025-09-18 19:01:51,Moscow,saas,medium,active,
2033,company_02033@example.com,2023-09-12 12:32:54,Ural,saas,small,churned,2026-04-02 01:55:36.604909092
2034,company_02034@example.com,2023-12-28 23:22:41,Central,retail,small,active,
2035,company_02035@example.com,2024-10-24 07:26:07,South,saas,medium,churned,2025-12-22 02:14:43.435847189
2036,company_02036@example.com,2024-06-21 20:58:45,Moscow,services,small,active,
2037,company_02037@example.com,2022-08-24 16:31:40,South,retail,medium,churned,2023-05-01 00:38:33.574003566
2038,company_02038@example.com,2023-02-18 19:01:57,Volga,ecommerce,small,churned,2023-11-23 20:48:23.879932458
2039,company_02039@example.com,2023-05-10 02:26:44,Siberia,ecommerce,medium,churned,2025-06-01 21:27:17.406238377
2040,company_02040@example.com,2025-07-20 05:29:19,Moscow,retail,medium,active,
2041,company_02041@example.com,2024-09-04 10:39:34,Moscow,retail,medium,active,
2042,company_02042@example.com,2023-05-17 03:31:36,Moscow,entertainment,small,active,
2043,company_02043@example.com,2024-10-02 02:24:21,Moscow,other,medium,active,
2044,company_02044@example.com,2024-10-07 06:47:01,Northwest,ecommerce,large,active,
2045,company_02045@example.com,2023-06-24 07:05:01,Moscow,other,small,churned,2024-05-14 12:02:04.631493688
2046,company_02046@example.com,2023-07-06 11:53:57,Moscow,travel,small,churned,2026-03-24 15:25:28.626006514
2047,company_02047@example.com,2025-05-08 09:26:59,Ural,education,medium,active,
2048,company_02048@example.com,2024-02-08 13:38:20,Moscow,other,small,active,
2049,company_02049@example.com,2022-07-24 12:53:51,Moscow,travel,small,active,
2050,company_02050@example.com,2024-09-11 15:54:00,South,services,medium,active,
2051,company_02051@example.com,2024-03-17 12:41:54,Central,ecommerce,small,active,
2052,company_02052@example.com,2023-11-28 05:19:33,Siberia,retail,small,churned,2026-03-28 23:08:03.111880273
2053,company_02053@example.com,2024-09-18 22:37:17,Volga,entertainment,small,active,
2054,company_02054@example.com,2025-05-25 21:27:29,Saint Petersburg,ecommerce,small,churned,2026-05-18 03:48:16.729172107
2055,company_02055@example.com,2023-03-29 00:52:48,Volga,ecommerce,medium,active,
2056,company_02056@example.com,2023-07-28 14:29:24,Siberia,retail,small,active,
2057,company_02057@example.com,2022-09-17 05:30:16,Saint Petersburg,education,small,active,
2058,company_02058@example.com,2024-06-04 04:39:40,South,retail,medium,churned,2025-03-28 15:59:54.076114856
2059,company_02059@example.com,2023-07-05 21:54:03,Central,other,small,active,
2060,company_02060@example.com,2023-04-14 08:26:36,Volga,retail,medium,churned,2025-08-14 12:56:38.495467722
2061,company_02061@example.com,2024-08-10 20:15:08,South,entertainment,small,active,
2062,company_02062@example.com,2023-07-13 08:35:59,Moscow,services,small,churned,2025-07-20 17:06:19.407161742
2063,company_02063@example.com,2023-09-28 06:07:35,Central,education,small,churned,2024-02-25 17:21:08.460294079
2064,company_02064@example.com,2023-08-25 23:43:30,Moscow,ecommerce,medium,active,
2065,company_02065@example.com,2022-12-20 16:19:39,South,retail,medium,churned,2024-02-15 17:06:17.464987967
2066,company_02066@example.com,2022-06-22 02:29:45,Volga,saas,medium,active,
2067,company_02067@example.com,2025-02-05 15:44:23,Saint Petersburg,saas,large,active,
2068,company_02068@example.com,2022-05-06 11:28:18,Moscow,education,medium,active,
2069,company_02069@example.com,2023-03-21 10:25:21,Far East,entertainment,medium,active,
2070,company_02070@example.com,2024-07-02 03:01:44,Saint Petersburg,saas,small,active,
2071,company_02071@example.com,2022-06-29 14:40:31,Saint Petersburg,ecommerce,medium,active,
2072,company_02072@example.com,2024-06-15 17:57:30,Moscow,services,small,active,
2073,company_02073@example.com,2024-09-29 20:01:24,Volga,saas,medium,churned,2025-05-08 18:29:51.049323454
2074,company_02074@example.com,2024-06-25 20:39:06,Saint Petersburg,saas,small,active,
2075,company_02075@example.com,2023-02-22 06:49:56,Siberia,ecommerce,small,churned,2024-07-24 10:15:40.657898463
2076,company_02076@example.com,2022-01-28 00:58:18,South,ecommerce,medium,active,
2077,company_02077@example.com,2025-04-28 21:32:52,Moscow,retail,small,active,
2078,company_02078@example.com,2023-03-23 17:11:09,Volga,retail,small,active,
2079,company_02079@example.com,2025-01-06 05:57:48,Moscow,ecommerce,large,active,
2080,company_02080@example.com,2022-09-28 14:29:34,Moscow,services,small,active,
2081,company_02081@example.com,2022-08-11 04:15:40,Volga,education,small,active,
2082,company_02082@example.com,2024-11-30 12:16:03,Moscow,ecommerce,small,active,
2083,company_02083@example.com,2025-07-09 13:16:44,Siberia,services,small,active,
2084,company_02084@example.com,2025-03-23 08:13:02,Volga,ecommerce,small,active,
2085,company_02085@example.com,2024-10-24 16:54:51,Moscow,retail,large,active,
2086,company_02086@example.com,2022-12-04 11:00:36,Northwest,saas,large,active,
2087,company_02087@example.com,2025-06-03 06:31:38,Volga,entertainment,small,active,
2088,company_02088@example.com,2024-07-02 14:49:24,Moscow,retail,medium,active,
2089,company_02089@example.com,2022-08-24 12:30:13,Volga,saas,small,active,
2090,company_02090@example.com,2022-06-26 23:14:22,Northwest,entertainment,medium,active,
2091,company_02091@example.com,2025-04-06 17:59:01,Central,services,small,active,
2092,company_02092@example.com,2023-01-12 09:48:27,Central,other,small,active,
2093,company_02093@example.com,2024-11-13 17:46:43,Central,retail,large,active,
2094,company_02094@example.com,2022-07-09 16:18:15,Saint Petersburg,ecommerce,medium,active,
2095,company_02095@example.com,2023-01-19 18:39:19,Moscow,saas,small,active,
2096,company_02096@example.com,2023-01-23 20:33:13,Volga,education,medium,active,
2097,company_02097@example.com,2023-01-20 13:12:48,Siberia,retail,small,active,
2098,company_02098@example.com,2024-07-12 00:57:01,South,ecommerce,small,churned,2026-05-04 08:04:22.353435926
2099,company_02099@example.com,2025-06-04 21:13:00,Moscow,ecommerce,small,active,
2100,company_02100@example.com,2025-05-30 07:51:11,Central,ecommerce,small,churned,2026-04-23 01:38:40.471141115
2101,company_02101@example.com,2024-10-11 10:34:49,Moscow,ecommerce,small,churned,2025-06-28 06:36:01.749881897
2102,company_02102@example.com,2022-10-05 01:12:56,Saint Petersburg,other,small,active,
2103,company_02103@example.com,2025-08-07 01:45:48,South,retail,small,active,
2104,company_02104@example.com,2024-01-12 13:32:19,Saint Petersburg,saas,small,active,
2105,company_02105@example.com,2024-01-17 21:11:16,Siberia,ecommerce,large,active,
2106,company_02106@example.com,2024-08-17 12:04:21,Central,retail,small,active,
2107,company_02107@example.com,2024-11-18 02:56:34,South,entertainment,medium,active,
2108,company_02108@example.com,2025-07-27 14:21:01,Siberia,ecommerce,small,active,
2109,company_02109@example.com,2024-03-07 16:41:10,South,retail,small,active,
2110,company_02110@example.com,2024-04-14 13:30:20,Siberia,saas,medium,active,
2111,company_02111@example.com,2024-10-16 21:10:15,Ural,ecommerce,small,active,
2112,company_02112@example.com,2022-12-15 23:40:14,Volga,ecommerce,small,active,
2113,company_02113@example.com,2023-02-25 22:49:44,Saint Petersburg,other,small,active,
2114,company_02114@example.com,2024-05-05 15:41:55,Saint Petersburg,retail,small,active,
2115,company_02115@example.com,2022-03-29 17:27:39,Siberia,services,small,active,
2116,company_02116@example.com,2023-03-15 10:21:56,Moscow,ecommerce,small,active,
2117,company_02117@example.com,2024-09-09 05:14:16,Far East,ecommerce,small,active,
2118,company_02118@example.com,2025-08-28 08:14:50,Saint Petersburg,education,small,active,
2119,company_02119@example.com,2023-12-12 16:06:13,South,services,small,churned,2025-05-29 06:28:45.150180146
2120,company_02120@example.com,2023-07-01 18:10:00,Saint Petersburg,retail,small,active,
2121,company_02121@example.com,2023-08-26 10:26:25,Northwest,entertainment,medium,active,
2122,company_02122@example.com,2024-07-26 15:57:46,Moscow,saas,small,active,
2123,company_02123@example.com,2024-01-15 20:12:13,Saint Petersburg,services,small,active,
2124,company_02124@example.com,2022-02-01 18:36:28,Siberia,education,small,active,
2125,company_02125@example.com,2024-01-08 16:19:39,Saint Petersburg,services,small,churned,2024-09-29 12:26:09.640075298
2126,company_02126@example.com,2023-07-02 06:49:02,Saint Petersburg,travel,small,active,
2127,company_02127@example.com,2024-08-16 16:43:17,Siberia,ecommerce,small,churned,2025-05-11 09:01:04.571984472
2128,company_02128@example.com,2025-04-12 03:31:59,Siberia,saas,small,active,
2129,company_02129@example.com,2025-08-09 15:06:32,Moscow,education,large,active,
2130,company_02130@example.com,2024-04-14 18:59:14,Volga,other,medium,active,
2131,company_02131@example.com,2023-05-11 23:38:23,Moscow,other,small,active,
2132,company_02132@example.com,2023-08-31 07:31:58,Moscow,ecommerce,small,active,
2133,company_02133@example.com,2022-08-30 09:35:15,Volga,retail,small,active,
2134,company_02134@example.com,2025-07-04 08:41:59,Moscow,education,medium,active,
2135,company_02135@example.com,2025-03-05 02:56:06,Central,services,medium,active,
2136,company_02136@example.com,2025-03-14 06:00:54,Saint Petersburg,saas,small,active,
2137,company_02137@example.com,2023-03-25 20:56:53,Siberia,ecommerce,small,active,
2138,company_02138@example.com,2025-03-17 20:19:44,Volga,services,small,active,
2139,company_02139@example.com,2024-01-15 22:36:47,Moscow,other,medium,active,
2140,company_02140@example.com,2024-08-21 23:16:12,Far East,other,medium,active,
2141,company_02141@example.com,2023-11-02 01:54:35,Ural,ecommerce,small,churned,2024-04-23 10:36:34.569584447
2142,company_02142@example.com,2023-08-29 17:01:47,Saint Petersburg,other,small,active,
2143,company_02143@example.com,2024-05-14 20:28:20,Northwest,ecommerce,small,active,
2144,company_02144@example.com,2025-01-17 03:47:41,Saint Petersburg,services,medium,active,
2145,company_02145@example.com,2023-04-03 01:32:27,Saint Petersburg,retail,medium,active,
2146,company_02146@example.com,2025-01-11 21:51:14,Central,services,small,active,
2147,company_02147@example.com,2022-12-01 01:44:18,Moscow,ecommerce,small,active,
2148,company_02148@example.com,2023-07-06 01:38:08,South,ecommerce,small,churned,2025-06-29 01:47:13.911384404
2149,company_02149@example.com,2025-06-02 12:50:30,Volga,retail,small,active,
2150,company_02150@example.com,2025-07-29 16:36:19,Siberia,entertainment,medium,active,
2151,company_02151@example.com,2025-06-17 20:38:51,Moscow,services,small,active,
2152,company_02152@example.com,2023-03-09 08:21:30,Moscow,travel,medium,active,
2153,company_02153@example.com,2025-02-27 15:58:37,Saint Petersburg,services,small,active,
2154,company_02154@example.com,2025-07-04 13:37:00,Moscow,retail,small,active,
2155,company_02155@example.com,2025-08-31 04:24:28,Far East,ecommerce,small,active,
2156,company_02156@example.com,2022-01-29 14:18:05,South,ecommerce,small,active,
2157,company_02157@example.com,2024-10-16 03:33:42,Ural,education,small,active,
2158,company_02158@example.com,2025-09-25 13:09:15,Ural,other,small,active,
2159,company_02159@example.com,2024-11-12 01:33:15,Moscow,retail,small,churned,2025-12-29 08:26:49.466101546
2160,company_02160@example.com,2022-11-15 23:35:01,Moscow,services,small,active,
2161,company_02161@example.com,2024-11-09 05:21:28,Central,saas,small,active,
2162,company_02162@example.com,2022-05-24 23:22:41,Ural,entertainment,small,active,
2163,company_02163@example.com,2023-10-20 11:18:35,Saint Petersburg,retail,medium,active,
2164,company_02164@example.com,2024-05-06 16:18:16,Moscow,other,large,active,
2165,company_02165@example.com,2023-09-17 10:14:18,South,services,small,churned,2026-01-11 01:11:42.719701417
2166,company_02166@example.com,2024-08-15 08:56:05,Moscow,education,medium,active,
2167,company_02167@example.com,2022-11-25 15:06:32,Volga,saas,medium,active,
2168,company_02168@example.com,2024-04-09 07:26:06,Moscow,ecommerce,large,churned,2026-03-07 00:10:12.806397773
2169,company_02169@example.com,2024-06-01 02:42:13,Volga,saas,small,churned,2025-01-04 13:41:56.584883276
2170,company_02170@example.com,2024-05-17 00:47:38,Central,services,small,active,
2171,company_02171@example.com,2023-01-31 18:57:31,Siberia,saas,small,active,
2172,company_02172@example.com,2023-02-22 18:17:30,South,saas,medium,churned,2025-08-28 05:19:25.095564932
2173,company_02173@example.com,2022-12-19 16:21:56,Moscow,services,medium,active,
2174,company_02174@example.com,2023-09-24 17:03:56,Ural,ecommerce,small,active,
2175,company_02175@example.com,2024-03-12 14:17:01,Ural,retail,small,active,
2176,company_02176@example.com,2023-05-11 22:46:56,South,entertainment,medium,active,
2177,company_02177@example.com,2023-07-15 20:32:30,Far East,services,medium,churned,2024-03-17 03:40:54.822970508
2178,company_02178@example.com,2023-01-27 19:27:38,Ural,entertainment,small,active,
2179,company_02179@example.com,2022-10-27 09:30:00,Moscow,retail,small,active,
2180,company_02180@example.com,2024-06-18 09:00:42,Central,education,small,active,
2181,company_02181@example.com,2025-01-21 08:45:04,Saint Petersburg,saas,small,active,
2182,company_02182@example.com,2023-02-02 16:24:23,Volga,travel,small,active,
2183,company_02183@example.com,2025-03-23 06:13:53,Northwest,retail,medium,active,
2184,company_02184@example.com,2024-02-21 02:21:16,Volga,ecommerce,large,churned,2025-03-12 09:34:42.072095465
2185,company_02185@example.com,2022-08-18 09:54:38,Saint Petersburg,entertainment,small,churned,2024-09-26 19:22:22.731988400
2186,company_02186@example.com,2023-05-16 16:28:51,Far East,saas,small,active,
2187,company_02187@example.com,2022-01-11 06:28:15,South,education,small,active,
2188,company_02188@example.com,2022-02-23 14:00:49,Saint Petersburg,services,small,active,
2189,company_02189@example.com,2023-04-05 19:49:08,Siberia,ecommerce,small,churned,2023-09-23 20:06:33.416161031
2190,company_02190@example.com,2023-09-14 16:54:37,Saint Petersburg,retail,small,active,
2191,company_02191@example.com,2024-12-26 23:52:32,Volga,ecommerce,small,active,
2192,company_02192@example.com,2022-07-03 17:25:01,Central,ecommerce,small,active,
2193,company_02193@example.com,2025-02-21 23:45:22,Far East,saas,small,active,
2194,company_02194@example.com,2022-11-17 19:51:05,Saint Petersburg,retail,medium,active,
2195,company_02195@example.com,2022-07-09 05:37:12,Saint Petersburg,saas,small,active,
2196,company_02196@example.com,2024-08-15 10:52:39,South,education,small,active,
2197,company_02197@example.com,2024-11-25 06:59:46,Siberia,ecommerce,medium,active,
2198,company_02198@example.com,2024-04-07 12:28:43,Moscow,retail,small,churned,2024-11-17 12:42:32.129664338
2199,company_02199@example.com,2022-06-08 06:47:57,Moscow,ecommerce,small,active,
2200,company_02200@example.com,2022-06-07 18:59:55,Far East,services,small,active,
2201,company_02201@example.com,2023-06-18 14:32:05,Ural,entertainment,small,churned,2024-07-02 04:05:43.785563469
2202,company_02202@example.com,2023-09-09 10:06:11,Saint Petersburg,travel,small,active,
2203,company_02203@example.com,2025-09-28 02:20:51,Saint Petersburg,saas,small,churned,2026-02-11 00:40:30.299821506
2204,company_02204@example.com,2023-01-27 21:32:54,Central,saas,small,active,
2205,company_02205@example.com,2022-09-21 11:08:30,South,saas,small,active,
2206,company_02206@example.com,2025-07-17 23:49:51,Volga,services,small,active,
2207,company_02207@example.com,2022-07-30 14:55:56,Ural,travel,small,active,
2208,company_02208@example.com,2022-02-06 02:50:52,Moscow,retail,small,active,
2209,company_02209@example.com,2023-08-02 09:22:49,Ural,ecommerce,small,active,
2210,company_02210@example.com,2023-07-03 16:18:56,Moscow,travel,medium,active,
2211,company_02211@example.com,2024-04-27 16:57:25,Siberia,travel,small,active,
2212,company_02212@example.com,2025-04-15 17:47:13,Moscow,ecommerce,small,active,
2213,company_02213@example.com,2025-06-30 04:59:54,Moscow,other,small,active,
2214,company_02214@example.com,2023-02-01 05:25:29,Moscow,ecommerce,small,active,
2215,company_02215@example.com,2025-09-03 18:19:11,Moscow,travel,medium,active,
2216,company_02216@example.com,2024-05-15 11:31:45,Central,other,small,active,
2217,company_02217@example.com,2022-04-06 06:26:28,South,retail,small,active,
2218,company_02218@example.com,2025-07-07 19:04:30,Siberia,entertainment,medium,churned,2026-05-17 08:15:56.536062043
2219,company_02219@example.com,2022-07-08 18:44:04,Volga,saas,medium,active,
2220,company_02220@example.com,2024-03-16 04:46:20,Volga,travel,medium,churned,2025-01-27 22:17:00.281947281
2221,company_02221@example.com,2024-12-17 17:30:32,Saint Petersburg,other,small,active,
2222,company_02222@example.com,2022-12-08 05:33:14,Ural,services,small,active,
2223,company_02223@example.com,2023-01-06 05:23:41,Moscow,education,small,active,
2224,company_02224@example.com,2023-10-14 09:50:50,Saint Petersburg,services,small,active,
2225,company_02225@example.com,2025-04-25 11:21:51,Moscow,retail,small,active,
2226,company_02226@example.com,2022-11-02 21:20:40,Moscow,retail,medium,active,
2227,company_02227@example.com,2024-06-26 14:29:50,Volga,ecommerce,small,active,
2228,company_02228@example.com,2023-09-12 03:29:18,Moscow,retail,small,active,
2229,company_02229@example.com,2022-06-03 00:05:18,Moscow,saas,small,active,
2230,company_02230@example.com,2024-08-30 11:30:27,Ural,other,small,active,
2231,company_02231@example.com,2025-02-12 21:36:05,Moscow,other,small,active,
2232,company_02232@example.com,2024-02-27 11:12:59,Volga,ecommerce,medium,active,
2233,company_02233@example.com,2022-08-30 06:07:57,Saint Petersburg,services,small,churned,2024-09-14 14:12:32.400125317
2234,company_02234@example.com,2022-08-02 00:47:05,Siberia,services,small,active,
2235,company_02235@example.com,2023-08-03 08:12:02,South,ecommerce,small,active,
2236,company_02236@example.com,2023-11-24 18:44:30,Moscow,services,small,active,
2237,company_02237@example.com,2024-01-26 09:20:08,Siberia,retail,small,churned,2026-05-28 10:48:47.280721352
2238,company_02238@example.com,2022-11-30 07:42:43,Central,other,large,active,
2239,company_02239@example.com,2023-11-17 01:09:15,Saint Petersburg,retail,small,active,
2240,company_02240@example.com,2023-02-08 16:02:04,South,saas,small,active,
2241,company_02241@example.com,2024-07-27 16:06:03,South,entertainment,large,active,
2242,company_02242@example.com,2024-12-25 13:50:16,Saint Petersburg,travel,small,churned,2025-12-08 00:57:54.897723503
2243,company_02243@example.com,2024-06-11 21:00:39,Saint Petersburg,ecommerce,large,active,
2244,company_02244@example.com,2022-01-02 16:57:10,Moscow,retail,small,active,
2245,company_02245@example.com,2025-09-19 02:43:23,Volga,other,small,churned,2026-03-13 04:58:22.591466112
2246,company_02246@example.com,2022-02-02 12:20:17,Northwest,ecommerce,large,active,
2247,company_02247@example.com,2025-09-29 05:01:12,Central,ecommerce,small,active,
2248,company_02248@example.com,2022-02-13 11:13:09,Northwest,other,small,active,
2249,company_02249@example.com,2023-12-08 12:23:42,Moscow,saas,small,active,
2250,company_02250@example.com,2022-05-25 23:14:12,Ural,travel,small,active,
2251,company_02251@example.com,2022-05-11 05:34:35,Far East,ecommerce,small,active,
2252,company_02252@example.com,2024-07-23 21:15:11,South,education,small,active,
2253,company_02253@example.com,2024-09-22 16:33:04,Moscow,saas,medium,churned,2026-04-26 05:24:38.929727092
2254,company_02254@example.com,2022-06-11 17:56:47,Saint Petersburg,retail,small,active,
2255,company_02255@example.com,2025-08-29 01:50:06,Moscow,ecommerce,small,active,
2256,company_02256@example.com,2023-03-15 09:23:24,Volga,ecommerce,small,active,
2257,company_02257@example.com,2023-03-12 11:17:31,Northwest,services,small,active,
2258,company_02258@example.com,2023-02-11 06:21:33,Saint Petersburg,retail,small,active,
2259,company_02259@example.com,2023-09-23 22:24:36,Moscow,saas,small,churned,2024-07-31 07:07:02.791912200
2260,company_02260@example.com,2022-09-01 06:39:06,Saint Petersburg,retail,small,churned,2023-08-11 05:51:49.957823403
2261,company_02261@example.com,2023-08-05 02:16:33,Volga,ecommerce,small,active,
2262,company_02262@example.com,2022-10-15 06:06:27,Volga,other,small,active,
2263,company_02263@example.com,2022-03-12 08:11:37,Moscow,other,small,active,
2264,company_02264@example.com,2023-05-20 10:21:56,Ural,services,small,active,
2265,company_02265@example.com,2024-07-08 15:47:08,Moscow,entertainment,large,active,
2266,company_02266@example.com,2024-11-09 21:45:58,Volga,ecommerce,medium,active,
2267,company_02267@example.com,2023-04-29 08:46:59,Central,education,small,active,
2268,company_02268@example.com,2023-03-19 21:14:13,Moscow,ecommerce,large,active,
2269,company_02269@example.com,2024-12-13 06:00:50,Volga,education,medium,active,
2270,company_02270@example.com,2024-07-20 20:46:31,South,saas,small,active,
2271,company_02271@example.com,2025-02-12 08:09:58,Central,saas,medium,active,
2272,company_02272@example.com,2025-05-24 13:07:19,Ural,ecommerce,small,active,
2273,company_02273@example.com,2025-01-28 10:38:57,Volga,retail,medium,active,
2274,company_02274@example.com,2025-07-05 02:41:48,Saint Petersburg,other,small,active,
2275,company_02275@example.com,2023-07-24 23:58:40,Northwest,services,small,churned,2025-03-29 01:41:01.276948452
2276,company_02276@example.com,2023-06-24 21:51:55,Far East,retail,small,churned,2024-12-02 07:30:44.325204372
2277,company_02277@example.com,2023-03-16 20:59:16,Moscow,retail,large,churned,2025-10-29 14:33:55.048161447
2278,company_02278@example.com,2022-11-18 18:49:43,Far East,retail,small,active,
2279,company_02279@example.com,2024-10-21 09:17:01,Ural,education,small,active,
2280,company_02280@example.com,2024-09-04 08:51:49,Moscow,education,small,churned,2025-01-23 22:43:37.631902447
2281,company_02281@example.com,2025-01-01 07:13:04,Volga,education,small,active,
2282,company_02282@example.com,2022-08-17 23:46:41,Moscow,education,medium,churned,2025-02-02 13:35:41.734095007
2283,company_02283@example.com,2023-11-04 00:57:52,Volga,education,medium,active,
2284,company_02284@example.com,2022-10-31 15:21:24,Far East,ecommerce,small,churned,2025-06-21 11:19:36.214559346
2285,company_02285@example.com,2025-05-06 15:59:39,Saint Petersburg,ecommerce,small,active,
2286,company_02286@example.com,2023-01-01 19:38:44,Volga,retail,small,active,
2287,company_02287@example.com,2022-07-16 20:48:37,Moscow,entertainment,small,active,
2288,company_02288@example.com,2024-02-19 13:46:53,Volga,saas,medium,active,
2289,company_02289@example.com,2025-04-17 13:35:10,Ural,ecommerce,medium,active,
2290,company_02290@example.com,2025-06-06 17:17:00,Moscow,education,small,active,
2291,company_02291@example.com,2022-05-12 10:59:55,Volga,services,small,churned,2026-04-22 19:40:19.019714594
2292,company_02292@example.com,2023-03-22 19:44:06,Saint Petersburg,education,small,active,
2293,company_02293@example.com,2022-07-30 00:32:59,Ural,services,small,active,
2294,company_02294@example.com,2023-02-26 03:50:55,South,other,small,active,
2295,company_02295@example.com,2024-01-01 07:02:07,South,ecommerce,medium,active,
2296,company_02296@example.com,2023-01-19 19:43:59,Saint Petersburg,education,small,active,
2297,company_02297@example.com,2022-04-03 08:46:00,Volga,education,large,churned,2023-02-21 05:38:02.473910209
2298,company_02298@example.com,2023-11-29 17:17:55,South,services,small,active,
2299,company_02299@example.com,2022-03-14 05:45:45,South,ecommerce,small,active,
2300,company_02300@example.com,2022-11-07 02:53:01,Volga,services,small,churned,2023-12-22 21:41:28.797110718
2301,company_02301@example.com,2022-01-01 17:01:53,Siberia,ecommerce,small,churned,2026-02-19 07:41:57.062648341
2302,company_02302@example.com,2022-04-29 18:31:41,Moscow,travel,small,active,
2303,company_02303@example.com,2023-08-20 21:08:54,Moscow,services,small,active,
2304,company_02304@example.com,2025-03-09 18:37:40,Northwest,retail,medium,active,
2305,company_02305@example.com,2024-11-25 16:27:04,Moscow,other,small,active,
2306,company_02306@example.com,2022-05-16 04:48:27,Siberia,saas,small,active,
2307,company_02307@example.com,2022-02-17 15:48:45,Volga,services,medium,active,
2308,company_02308@example.com,2023-04-08 12:04:53,Far East,other,small,active,
2309,company_02309@example.com,2024-06-11 06:55:18,Volga,saas,small,churned,2025-10-21 20:28:37.008032790
2310,company_02310@example.com,2024-10-18 12:43:20,Ural,ecommerce,small,active,
2311,company_02311@example.com,2025-01-31 00:54:57,South,services,small,active,
2312,company_02312@example.com,2023-04-14 03:15:58,Volga,services,medium,active,
2313,company_02313@example.com,2022-08-18 19:48:13,Saint Petersburg,services,medium,active,
2314,company_02314@example.com,2022-02-06 01:03:22,Moscow,other,small,active,
2315,company_02315@example.com,2022-07-20 21:49:48,Saint Petersburg,education,small,active,
2316,company_02316@example.com,2022-03-31 03:23:19,Northwest,ecommerce,medium,active,
2317,company_02317@example.com,2025-03-23 13:49:03,Saint Petersburg,education,medium,active,
2318,company_02318@example.com,2023-01-03 04:32:40,Ural,saas,small,active,
2319,company_02319@example.com,2025-01-31 00:49:37,Volga,retail,medium,churned,2025-06-13 22:06:18.024376641
2320,company_02320@example.com,2024-01-27 17:18:52,Saint Petersburg,ecommerce,small,active,
2321,company_02321@example.com,2024-01-08 06:32:09,Northwest,retail,small,active,
2322,company_02322@example.com,2023-09-15 03:46:24,Moscow,services,small,active,
2323,company_02323@example.com,2025-01-25 15:58:13,Volga,ecommerce,small,active,
2324,company_02324@example.com,2022-03-01 10:31:13,Central,retail,medium,active,
2325,company_02325@example.com,2022-05-07 21:22:03,Moscow,ecommerce,small,active,
2326,company_02326@example.com,2023-08-03 04:40:24,Moscow,education,small,active,
2327,company_02327@example.com,2023-06-24 15:37:01,South,ecommerce,small,active,
2328,company_02328@example.com,2024-01-17 09:02:10,Moscow,ecommerce,small,active,
2329,company_02329@example.com,2024-10-06 07:22:09,Ural,services,small,active,
2330,company_02330@example.com,2024-03-14 18:16:58,Volga,ecommerce,small,active,
2331,company_02331@example.com,2022-12-19 04:39:45,Moscow,ecommerce,small,active,
2332,company_02332@example.com,2023-03-24 17:38:08,Saint Petersburg,services,small,active,
2333,company_02333@example.com,2024-10-26 04:27:46,Moscow,ecommerce,medium,churned,2025-03-30 21:42:28.460503237
2334,company_02334@example.com,2022-10-03 14:35:20,Ural,ecommerce,small,active,
2335,company_02335@example.com,2023-11-21 17:11:30,Volga,education,medium,active,
2336,company_02336@example.com,2024-01-08 01:36:03,Moscow,retail,medium,active,
2337,company_02337@example.com,2024-10-23 08:43:58,Volga,services,small,active,
2338,company_02338@example.com,2024-09-04 05:41:06,Central,other,small,churned,2026-02-09 18:24:52.294736691
2339,company_02339@example.com,2023-09-28 16:21:42,South,education,large,churned,2025-05-26 01:16:22.563730896
2340,company_02340@example.com,2023-02-27 22:29:21,Moscow,services,small,active,
2341,company_02341@example.com,2023-05-19 07:02:07,Moscow,entertainment,small,active,
2342,company_02342@example.com,2023-07-18 01:19:47,Saint Petersburg,education,small,active,
2343,company_02343@example.com,2022-10-27 20:25:13,South,saas,small,active,
2344,company_02344@example.com,2024-05-05 13:22:33,South,services,small,active,
2345,company_02345@example.com,2022-10-13 01:30:37,Saint Petersburg,services,medium,active,
2346,company_02346@example.com,2024-06-06 09:22:03,Moscow,other,small,churned,2025-09-10 16:20:01.651283272
2347,company_02347@example.com,2024-10-25 00:56:46,South,ecommerce,medium,active,
2348,company_02348@example.com,2025-08-08 19:04:52,Moscow,entertainment,small,churned,2026-05-09 22:50:41.187678391
2349,company_02349@example.com,2022-06-12 16:03:52,Volga,education,small,active,
2350,company_02350@example.com,2024-11-05 07:29:52,Central,services,small,churned,2025-06-22 05:07:13.110581035
2351,company_02351@example.com,2022-04-28 14:58:21,Moscow,education,small,active,
2352,company_02352@example.com,2023-04-07 08:30:42,Volga,retail,small,active,
2353,company_02353@example.com,2022-08-30 03:59:53,Moscow,ecommerce,small,active,
2354,company_02354@example.com,2022-08-11 00:06:52,Volga,other,small,churned,2023-06-30 14:10:55.438972674
2355,company_02355@example.com,2022-08-28 20:58:35,Moscow,services,small,active,
2356,company_02356@example.com,2025-01-31 00:16:10,Central,entertainment,medium,active,
2357,company_02357@example.com,2022-03-25 14:58:16,Volga,retail,small,active,
2358,company_02358@example.com,2023-06-30 03:46:10,Moscow,retail,small,active,
2359,company_02359@example.com,2024-08-14 10:54:25,Volga,retail,small,active,
2360,company_02360@example.com,2025-09-16 20:26:01,Ural,ecommerce,small,active,
2361,company_02361@example.com,2025-03-13 20:51:27,Northwest,education,medium,active,
2362,company_02362@example.com,2022-07-07 16:55:12,Moscow,other,small,active,
2363,company_02363@example.com,2025-09-13 05:26:15,Moscow,entertainment,small,active,
2364,company_02364@example.com,2024-06-13 01:01:10,Saint Petersburg,education,small,active,
2365,company_02365@example.com,2022-09-03 15:34:58,Siberia,retail,small,churned,2025-02-04 01:16:15.721636802
2366,company_02366@example.com,2023-09-06 20:41:13,Central,services,small,active,
2367,company_02367@example.com,2025-06-09 15:54:31,Saint Petersburg,services,small,active,
2368,company_02368@example.com,2023-06-22 12:17:22,Ural,services,medium,active,
2369,company_02369@example.com,2022-09-09 05:11:44,Moscow,services,medium,active,
2370,company_02370@example.com,2025-04-12 02:45:51,Volga,ecommerce,small,active,
2371,company_02371@example.com,2025-07-27 16:05:49,Central,ecommerce,medium,active,
2372,company_02372@example.com,2025-08-27 14:45:22,Volga,other,small,churned,2026-05-12 14:42:18.755261827
2373,company_02373@example.com,2025-07-31 09:52:34,South,travel,large,active,
2374,company_02374@example.com,2025-04-09 01:42:19,Saint Petersburg,other,small,active,
2375,company_02375@example.com,2023-09-14 17:47:53,Volga,retail,small,active,
2376,company_02376@example.com,2022-09-21 01:36:57,Volga,services,small,churned,2023-12-10 18:39:15.235718522
2377,company_02377@example.com,2024-04-24 06:29:07,Moscow,retail,small,active,
2378,company_02378@example.com,2022-10-30 01:14:14,Siberia,entertainment,medium,active,
2379,company_02379@example.com,2023-10-10 06:38:24,Ural,retail,small,active,
2380,company_02380@example.com,2024-06-16 12:13:03,Far East,services,small,active,
2381,company_02381@example.com,2025-07-18 22:06:38,South,ecommerce,small,active,
2382,company_02382@example.com,2023-01-31 11:11:31,Moscow,ecommerce,medium,active,
2383,company_02383@example.com,2022-12-11 14:50:11,Central,ecommerce,medium,active,
2384,company_02384@example.com,2024-10-02 02:29:43,Central,education,small,active,
2385,company_02385@example.com,2022-01-09 20:05:32,Moscow,saas,small,active,
2386,company_02386@example.com,2024-02-14 20:43:22,Central,other,small,active,
2387,company_02387@example.com,2024-10-17 09:55:04,Saint Petersburg,services,medium,active,
2388,company_02388@example.com,2024-01-24 15:26:12,Moscow,services,medium,active,
2389,company_02389@example.com,2023-06-10 06:00:38,Siberia,saas,small,active,
2390,company_02390@example.com,2025-02-07 10:51:09,Moscow,ecommerce,medium,active,
2391,company_02391@example.com,2023-05-23 13:48:23,Volga,saas,small,active,
2392,company_02392@example.com,2024-08-30 00:12:43,Ural,travel,medium,active,
2393,company_02393@example.com,2023-09-27 22:42:02,Volga,education,small,active,
2394,company_02394@example.com,2022-02-06 08:36:04,Moscow,ecommerce,small,churned,2025-02-21 09:32:25.587939039
2395,company_02395@example.com,2023-12-27 17:55:12,Volga,ecommerce,small,active,
2396,company_02396@example.com,2022-03-09 15:50:32,Ural,retail,small,active,
2397,company_02397@example.com,2025-06-27 13:13:29,Siberia,other,large,active,
2398,company_02398@example.com,2024-04-02 22:22:01,Saint Petersburg,services,small,active,
2399,company_02399@example.com,2023-05-24 22:33:48,Moscow,education,medium,active,
2400,company_02400@example.com,2023-10-28 02:39:29,Volga,education,medium,active,
2401,company_02401@example.com,2024-04-27 00:54:41,Moscow,saas,small,active,
2402,company_02402@example.com,2022-12-22 22:22:57,Ural,retail,large,churned,2023-10-11 21:26:01.683252309
2403,company_02403@example.com,2023-01-30 12:32:49,South,ecommerce,small,active,
2404,company_02404@example.com,2023-07-27 17:18:59,Ural,services,small,active,
2405,company_02405@example.com,2022-12-20 17:26:31,Northwest,retail,small,active,
2406,company_02406@example.com,2024-11-02 19:42:41,Volga,retail,small,active,
2407,company_02407@example.com,2022-05-23 00:28:05,Siberia,education,medium,churned,2023-05-09 22:06:12.704039820
2408,company_02408@example.com,2025-02-04 19:18:29,South,retail,small,churned,2026-04-25 12:35:05.246149942
2409,company_02409@example.com,2023-04-22 18:51:20,Moscow,entertainment,small,active,
2410,company_02410@example.com,2024-02-07 18:04:32,Ural,saas,small,active,
2411,company_02411@example.com,2022-08-04 19:26:00,South,other,small,churned,2023-05-02 05:42:03.183402570
2412,company_02412@example.com,2023-06-12 04:27:02,Northwest,other,medium,active,
2413,company_02413@example.com,2024-10-29 06:55:43,Moscow,retail,small,active,
2414,company_02414@example.com,2023-01-06 07:30:57,Saint Petersburg,retail,medium,churned,2023-06-02 14:19:30.628231608
2415,company_02415@example.com,2022-06-30 22:52:53,Ural,services,small,active,
2416,company_02416@example.com,2023-12-15 23:37:38,Moscow,ecommerce,medium,active,
2417,company_02417@example.com,2022-08-11 06:54:11,Volga,other,small,active,
2418,company_02418@example.com,2023-03-07 13:51:34,Volga,ecommerce,small,active,
2419,company_02419@example.com,2023-09-09 05:31:47,Moscow,services,small,active,
2420,company_02420@example.com,2024-02-11 16:22:17,Moscow,services,small,active,
2421,company_02421@example.com,2024-05-24 16:00:47,Ural,entertainment,medium,active,
2422,company_02422@example.com,2024-07-14 15:51:03,Moscow,services,small,active,
2423,company_02423@example.com,2025-02-28 23:37:57,Ural,services,small,active,
2424,company_02424@example.com,2022-04-01 09:30:45,South,retail,medium,active,
2425,company_02425@example.com,2023-05-11 15:48:44,South,services,small,active,
2426,company_02426@example.com,2022-01-02 11:02:49,Central,travel,small,active,
2427,company_02427@example.com,2022-01-13 22:01:18,Moscow,education,large,active,
2428,company_02428@example.com,2022-10-18 09:28:58,Ural,saas,small,active,
2429,company_02429@example.com,2024-03-29 06:14:15,Moscow,ecommerce,medium,churned,2025-12-30 14:14:30.936625063
2430,company_02430@example.com,2025-05-08 16:36:05,Saint Petersburg,retail,small,active,
2431,company_02431@example.com,2024-11-24 04:54:23,Far East,other,medium,active,
2432,company_02432@example.com,2024-06-03 03:01:05,Saint Petersburg,retail,small,active,
2433,company_02433@example.com,2024-11-30 12:40:28,Saint Petersburg,services,medium,active,
2434,company_02434@example.com,2022-08-24 05:48:08,Northwest,education,small,churned,2024-03-21 11:11:12.091225341
2435,company_02435@example.com,2025-02-22 21:28:14,Moscow,other,medium,active,
2436,company_02436@example.com,2025-05-02 21:08:46,Moscow,ecommerce,small,active,
2437,company_02437@example.com,2022-05-11 00:49:37,Central,retail,large,active,
2438,company_02438@example.com,2023-10-05 21:35:36,Ural,saas,small,active,
2439,company_02439@example.com,2025-02-09 11:46:59,Siberia,services,small,active,
2440,company_02440@example.com,2023-10-14 07:02:40,Ural,services,medium,active,
2441,company_02441@example.com,2025-02-23 18:23:51,Northwest,retail,small,churned,2025-11-06 02:52:24.134739425
2442,company_02442@example.com,2025-07-03 19:42:47,Moscow,retail,small,active,
2443,company_02443@example.com,2023-10-12 08:10:49,Volga,other,medium,active,
2444,company_02444@example.com,2022-03-23 09:04:01,Moscow,services,small,active,
2445,company_02445@example.com,2023-04-11 04:36:32,Far East,entertainment,small,active,
2446,company_02446@example.com,2022-10-22 08:43:59,Far East,other,small,churned,2025-10-03 12:03:19.459087133
2447,company_02447@example.com,2023-10-11 14:08:45,Saint Petersburg,services,small,active,
2448,company_02448@example.com,2024-03-12 08:02:38,Ural,services,small,churned,2024-11-11 10:19:59.570022693
2449,company_02449@example.com,2023-09-27 14:42:45,Volga,services,small,churned,2025-08-04 13:04:08.753079116
2450,company_02450@example.com,2022-09-25 10:12:47,Moscow,saas,small,active,
2451,company_02451@example.com,2023-02-16 23:50:54,Volga,services,small,active,
2452,company_02452@example.com,2024-07-18 14:13:50,Northwest,ecommerce,small,active,
2453,company_02453@example.com,2022-02-06 21:54:29,Saint Petersburg,other,small,active,
2454,company_02454@example.com,2022-10-20 21:04:40,Moscow,services,small,active,
2455,company_02455@example.com,2025-05-05 17:21:17,Northwest,saas,small,churned,2025-11-26 11:06:06.393335120
2456,company_02456@example.com,2022-05-16 15:31:17,Central,education,small,active,
2457,company_02457@example.com,2023-07-22 08:56:15,Central,education,medium,active,
2458,company_02458@example.com,2022-10-11 03:44:12,South,services,small,active,
2459,company_02459@example.com,2022-05-24 03:53:44,Volga,saas,small,churned,2023-02-08 16:46:57.398956014
2460,company_02460@example.com,2023-08-02 07:12:13,Saint Petersburg,ecommerce,small,active,
2461,company_02461@example.com,2023-12-15 07:59:09,Moscow,retail,small,active,
2462,company_02462@example.com,2022-08-29 22:58:21,Ural,travel,medium,churned,2025-05-05 08:33:37.336654633
2463,company_02463@example.com,2022-04-17 10:08:01,Central,other,medium,churned,2023-10-30 15:18:00.810610667
2464,company_02464@example.com,2022-07-04 06:12:30,South,ecommerce,medium,active,
2465,company_02465@example.com,2024-06-10 07:30:06,Siberia,retail,small,churned,2026-03-12 00:05:59.255438677
2466,company_02466@example.com,2025-03-22 20:46:29,Moscow,education,small,active,
2467,company_02467@example.com,2022-09-04 15:19:06,Siberia,ecommerce,small,active,
2468,company_02468@example.com,2023-03-15 07:16:51,Ural,ecommerce,small,active,
2469,company_02469@example.com,2023-04-16 08:09:03,Far East,services,small,active,
2470,company_02470@example.com,2023-05-09 12:25:45,Moscow,services,small,active,
2471,company_02471@example.com,2022-12-01 04:52:22,Saint Petersburg,retail,small,active,
2472,company_02472@example.com,2022-03-17 14:38:17,South,retail,medium,active,
2473,company_02473@example.com,2023-12-20 09:54:45,Far East,other,small,active,
2474,company_02474@example.com,2023-05-04 21:09:34,Northwest,education,small,active,
2475,company_02475@example.com,2023-04-14 05:00:28,Central,saas,medium,active,
2476,company_02476@example.com,2022-12-29 06:08:57,Volga,retail,medium,active,
2477,company_02477@example.com,2025-06-25 08:04:32,Moscow,saas,small,churned,2026-05-13 05:09:43.435184430
2478,company_02478@example.com,2024-04-15 03:26:44,South,saas,small,active,
2479,company_02479@example.com,2023-07-27 18:29:23,Siberia,retail,small,active,
2480,company_02480@example.com,2022-10-08 23:22:27,Ural,services,small,active,
2481,company_02481@example.com,2024-12-31 22:29:23,Saint Petersburg,services,small,active,
2482,company_02482@example.com,2025-04-30 06:48:52,Northwest,education,small,active,
2483,company_02483@example.com,2022-02-14 05:05:27,Moscow,saas,small,active,
2484,company_02484@example.com,2025-06-25 18:48:52,Central,retail,small,active,
2485,company_02485@example.com,2024-08-14 19:21:37,Volga,education,small,active,
2486,company_02486@example.com,2022-05-17 13:39:11,Volga,other,medium,active,
2487,company_02487@example.com,2024-10-27 07:38:33,Ural,ecommerce,small,churned,2026-03-22 11:03:44.336890586
2488,company_02488@example.com,2022-05-27 22:15:13,Volga,ecommerce,small,active,
2489,company_02489@example.com,2022-03-11 13:53:42,Moscow,ecommerce,small,active,
2490,company_02490@example.com,2022-06-07 18:23:51,Moscow,other,medium,active,
2491,company_02491@example.com,2023-09-22 01:12:22,Volga,ecommerce,small,active,
2492,company_02492@example.com,2024-04-27 13:41:52,South,ecommerce,medium,active,
2493,company_02493@example.com,2023-07-12 05:17:24,Volga,services,small,active,
2494,company_02494@example.com,2022-06-16 20:29:06,Saint Petersburg,travel,small,active,
2495,company_02495@example.com,2022-09-30 11:05:57,Moscow,education,small,active,
2496,company_02496@example.com,2025-03-12 01:24:58,Ural,other,small,churned,2025-10-22 19:18:11.718779344
2497,company_02497@example.com,2025-08-09 20:51:52,Central,ecommerce,medium,active,
2498,company_02498@example.com,2024-10-28 20:14:32,Volga,services,small,active,
2499,company_02499@example.com,2022-05-22 11:17:03,Central,services,small,churned,2023-08-04 17:53:29.609360933
2500,company_02500@example.com,2025-01-26 11:57:51,Saint Petersburg,retail,small,active,
2501,company_02501@example.com,2024-08-04 15:22:42,Saint Petersburg,entertainment,small,active,
2502,company_02502@example.com,2023-12-21 15:37:09,Moscow,services,small,active,
2503,company_02503@example.com,2022-07-15 22:48:29,South,retail,small,active,
2504,company_02504@example.com,2025-09-25 10:54:22,Saint Petersburg,ecommerce,medium,active,
2505,company_02505@example.com,2023-08-29 11:39:17,Saint Petersburg,ecommerce,medium,active,
2506,company_02506@example.com,2022-03-02 10:21:25,Northwest,entertainment,medium,active,
2507,company_02507@example.com,2022-10-15 05:41:08,Central,retail,small,active,
2508,company_02508@example.com,2023-07-03 22:19:52,Volga,entertainment,small,active,
2509,company_02509@example.com,2022-03-27 06:18:49,Central,ecommerce,small,churned,2025-12-31 07:20:30.092870370
2510,company_02510@example.com,2023-03-20 03:29:19,Saint Petersburg,other,small,active,
2511,company_02511@example.com,2023-10-03 18:37:42,Moscow,saas,small,active,
2512,company_02512@example.com,2025-07-21 17:55:44,Siberia,ecommerce,small,active,
2513,company_02513@example.com,2022-04-29 03:51:51,Central,ecommerce,small,active,
2514,company_02514@example.com,2024-02-29 03:29:56,South,saas,small,active,
2515,company_02515@example.com,2025-06-06 18:16:10,Northwest,ecommerce,medium,active,
2516,company_02516@example.com,2025-01-07 20:51:42,Moscow,retail,small,active,
2517,company_02517@example.com,2025-06-19 07:40:46,South,saas,small,churned,2026-01-27 12:59:07.813649084
2518,company_02518@example.com,2022-08-22 00:38:31,Moscow,entertainment,small,active,
2519,company_02519@example.com,2025-01-01 05:41:55,Central,travel,small,active,
2520,company_02520@example.com,2025-08-31 18:30:58,Siberia,entertainment,medium,active,
2521,company_02521@example.com,2023-03-23 00:18:22,Moscow,services,small,active,
2522,company_02522@example.com,2023-11-14 03:20:00,Northwest,saas,medium,active,
2523,company_02523@example.com,2023-12-28 04:34:59,Volga,retail,medium,active,
2524,company_02524@example.com,2023-11-07 08:14:29,Central,saas,small,churned,2025-10-04 14:47:00.156318404
2525,company_02525@example.com,2023-02-01 10:06:58,Moscow,services,small,active,
2526,company_02526@example.com,2025-08-21 04:05:14,Volga,services,small,active,
2527,company_02527@example.com,2025-08-01 11:42:05,Central,other,small,active,
2528,company_02528@example.com,2023-06-05 20:12:17,Moscow,education,small,active,
2529,company_02529@example.com,2025-01-06 15:20:54,Central,services,large,active,
2530,company_02530@example.com,2023-06-28 19:32:29,Moscow,education,small,active,
2531,company_02531@example.com,2024-12-23 07:13:19,Northwest,retail,medium,active,
2532,company_02532@example.com,2024-03-10 22:36:02,Saint Petersburg,retail,small,active,
2533,company_02533@example.com,2023-10-06 04:36:39,Central,other,large,active,
2534,company_02534@example.com,2022-06-25 04:13:23,Ural,retail,small,churned,2025-10-15 13:53:02.517118454
2535,company_02535@example.com,2024-06-14 11:31:37,South,services,small,churned,2025-03-26 20:21:21.517308550
2536,company_02536@example.com,2023-03-16 05:52:59,Siberia,services,small,active,
2537,company_02537@example.com,2022-10-24 15:54:10,Far East,entertainment,small,active,
2538,company_02538@example.com,2022-09-22 07:24:56,Moscow,travel,medium,active,
2539,company_02539@example.com,2025-09-05 05:00:20,Central,ecommerce,small,active,
2540,company_02540@example.com,2022-05-22 07:00:11,South,retail,small,churned,2023-02-27 00:55:32.429058261
2541,company_02541@example.com,2024-12-28 09:12:00,Moscow,travel,small,active,
2542,company_02542@example.com,2025-03-30 21:15:34,South,ecommerce,small,active,
2543,company_02543@example.com,2022-02-12 11:31:45,Moscow,education,small,active,
2544,company_02544@example.com,2024-03-17 04:55:15,Far East,retail,small,active,
2545,company_02545@example.com,2024-02-29 21:21:13,South,ecommerce,small,active,
2546,company_02546@example.com,2023-05-06 15:56:42,Volga,other,small,active,
2547,company_02547@example.com,2024-07-01 01:33:49,Central,entertainment,small,churned,2025-10-25 19:11:25.598431818
2548,company_02548@example.com,2023-07-14 01:25:58,Northwest,travel,large,active,
2549,company_02549@example.com,2023-08-25 11:57:15,South,ecommerce,small,active,
2550,company_02550@example.com,2023-08-14 07:37:54,Ural,other,small,active,
2551,company_02551@example.com,2024-12-31 07:44:22,Ural,services,small,active,
2552,company_02552@example.com,2024-05-16 03:33:14,Moscow,other,small,active,
2553,company_02553@example.com,2023-06-03 12:52:14,Moscow,ecommerce,small,churned,2025-04-27 11:26:38.435719661
2554,company_02554@example.com,2025-06-21 19:41:33,Moscow,ecommerce,small,active,
2555,company_02555@example.com,2025-01-02 05:11:49,South,services,small,active,
2556,company_02556@example.com,2025-06-30 01:01:13,Volga,entertainment,small,active,
2557,company_02557@example.com,2024-09-26 07:48:19,Saint Petersburg,ecommerce,small,active,
2558,company_02558@example.com,2023-06-20 13:27:52,Northwest,retail,large,active,
2559,company_02559@example.com,2024-11-23 09:13:19,Moscow,services,small,active,
2560,company_02560@example.com,2023-03-27 10:20:42,Ural,other,small,active,
2561,company_02561@example.com,2023-01-06 15:08:00,Central,saas,small,active,
2562,company_02562@example.com,2023-09-10 00:45:31,Central,entertainment,small,active,
2563,company_02563@example.com,2025-08-19 00:10:54,Moscow,services,medium,active,
2564,company_02564@example.com,2024-02-16 22:24:59,South,entertainment,small,active,
2565,company_02565@example.com,2023-06-09 21:24:37,Ural,education,small,active,
2566,company_02566@example.com,2023-09-24 18:24:20,Saint Petersburg,ecommerce,small,churned,2024-09-10 22:21:42.742008459
2567,company_02567@example.com,2023-02-03 09:12:45,Volga,travel,small,active,
2568,company_02568@example.com,2024-06-20 04:11:31,Volga,services,large,active,
2569,company_02569@example.com,2023-04-25 09:08:42,Saint Petersburg,education,small,active,
2570,company_02570@example.com,2024-01-29 10:01:43,Volga,retail,medium,active,
2571,company_02571@example.com,2023-05-21 21:52:12,Central,saas,small,active,
2572,company_02572@example.com,2023-03-15 17:43:58,Siberia,saas,large,active,
2573,company_02573@example.com,2025-08-20 06:46:44,South,retail,small,active,
2574,company_02574@example.com,2023-04-18 23:02:01,Moscow,entertainment,small,active,
2575,company_02575@example.com,2022-04-07 11:19:28,Ural,retail,medium,churned,2024-10-28 20:41:02.391515091
2576,company_02576@example.com,2023-06-02 21:57:30,Saint Petersburg,ecommerce,small,churned,2025-11-07 23:59:40.509502165
2577,company_02577@example.com,2023-12-29 23:21:06,Far East,ecommerce,small,active,
2578,company_02578@example.com,2022-05-10 11:12:46,Volga,education,large,active,
2579,company_02579@example.com,2023-02-23 04:13:50,Moscow,ecommerce,small,active,
2580,company_02580@example.com,2022-08-16 04:10:06,South,travel,medium,churned,2024-02-29 12:38:33.112608165
2581,company_02581@example.com,2023-11-16 21:17:03,Moscow,saas,small,active,
2582,company_02582@example.com,2024-09-16 05:16:20,Siberia,services,medium,churned,2025-05-15 19:26:18.769109851
2583,company_02583@example.com,2025-08-17 21:08:35,Far East,entertainment,medium,active,
2584,company_02584@example.com,2023-06-17 06:49:23,South,other,small,active,
2585,company_02585@example.com,2025-03-26 22:30:24,Volga,education,small,active,
2586,company_02586@example.com,2022-10-21 11:44:36,Volga,ecommerce,small,active,
2587,company_02587@example.com,2024-12-03 17:16:41,Central,ecommerce,small,active,
2588,company_02588@example.com,2024-02-09 17:39:38,Moscow,services,medium,active,
2589,company_02589@example.com,2024-11-03 04:20:45,Far East,retail,small,active,
2590,company_02590@example.com,2024-10-30 13:52:27,Saint Petersburg,services,small,active,
2591,company_02591@example.com,2023-12-30 08:49:02,Saint Petersburg,services,small,active,
2592,company_02592@example.com,2022-12-19 03:41:27,Moscow,services,small,active,
2593,company_02593@example.com,2023-12-21 19:40:42,Northwest,ecommerce,medium,active,
2594,company_02594@example.com,2025-02-05 01:09:55,Far East,retail,small,active,
2595,company_02595@example.com,2025-08-20 20:40:40,Saint Petersburg,retail,small,active,
2596,company_02596@example.com,2025-06-22 19:50:22,Saint Petersburg,saas,medium,active,
2597,company_02597@example.com,2022-09-06 05:55:35,Ural,services,large,active,
2598,company_02598@example.com,2024-03-28 05:39:25,Central,services,small,churned,2025-11-26 17:10:31.023138292
2599,company_02599@example.com,2022-05-24 02:03:44,Northwest,services,large,active,
2600,company_02600@example.com,2024-07-04 02:53:22,Siberia,education,small,active,
2601,company_02601@example.com,2025-09-19 12:22:00,Ural,ecommerce,medium,active,
2602,company_02602@example.com,2022-03-13 22:10:29,Moscow,ecommerce,small,active,
2603,company_02603@example.com,2024-06-17 04:35:33,South,ecommerce,small,active,
2604,company_02604@example.com,2025-07-17 11:18:32,Northwest,ecommerce,small,churned,2026-04-18 16:53:07.342235649
2605,company_02605@example.com,2025-03-04 22:45:31,Saint Petersburg,retail,small,active,
2606,company_02606@example.com,2023-06-21 22:03:31,Siberia,saas,small,churned,2026-04-17 09:19:20.018889740
2607,company_02607@example.com,2022-05-23 03:57:49,Central,ecommerce,small,churned,2023-04-07 05:37:02.067886554
2608,company_02608@example.com,2025-06-17 21:29:52,Northwest,ecommerce,small,active,
2609,company_02609@example.com,2025-06-14 08:51:41,South,ecommerce,small,active,
2610,company_02610@example.com,2024-03-03 00:59:24,Moscow,retail,small,churned,2026-03-14 14:24:15.126535743
2611,company_02611@example.com,2025-09-01 03:04:16,Central,ecommerce,small,active,
2612,company_02612@example.com,2022-01-07 07:38:39,Moscow,ecommerce,medium,churned,2025-06-16 05:55:02.116724104
2613,company_02613@example.com,2024-04-23 12:33:36,Central,retail,large,active,
2614,company_02614@example.com,2022-02-22 17:24:39,Far East,other,small,active,
2615,company_02615@example.com,2025-07-04 00:42:52,Moscow,retail,small,churned,2026-03-29 02:38:02.794980060
2616,company_02616@example.com,2024-07-19 19:30:36,Northwest,ecommerce,small,active,
2617,company_02617@example.com,2025-06-03 13:41:24,Moscow,education,small,active,
2618,company_02618@example.com,2024-02-09 17:30:58,South,ecommerce,medium,active,
2619,company_02619@example.com,2022-04-24 21:41:40,Northwest,services,small,active,
2620,company_02620@example.com,2022-02-06 07:06:46,South,retail,small,active,
2621,company_02621@example.com,2023-04-05 01:32:51,Siberia,entertainment,small,active,
2622,company_02622@example.com,2024-10-14 01:16:38,Northwest,entertainment,small,active,
2623,company_02623@example.com,2022-07-26 14:41:35,South,travel,medium,churned,2023-12-30 16:40:02.155516520
2624,company_02624@example.com,2025-03-11 17:38:08,Ural,ecommerce,small,churned,2025-07-16 22:52:54.554260991
2625,company_02625@example.com,2022-11-24 14:43:15,Moscow,education,small,active,
2626,company_02626@example.com,2023-11-11 02:22:43,Central,retail,small,active,
2627,company_02627@example.com,2022-10-05 19:33:22,Saint Petersburg,saas,large,churned,2024-10-10 13:37:17.738103658
2628,company_02628@example.com,2023-09-30 03:44:53,Ural,ecommerce,small,active,
2629,company_02629@example.com,2023-09-11 13:46:47,South,services,medium,active,
2630,company_02630@example.com,2022-01-08 11:41:35,Volga,retail,medium,churned,2023-07-06 10:18:49.144591801
2631,company_02631@example.com,2024-02-16 18:23:13,Far East,education,small,churned,2025-01-08 18:23:12.142509460
2632,company_02632@example.com,2024-12-12 03:17:00,Moscow,retail,medium,active,
2633,company_02633@example.com,2025-07-04 19:48:56,Northwest,retail,small,active,
2634,company_02634@example.com,2023-03-29 10:04:11,Moscow,services,small,active,
2635,company_02635@example.com,2025-04-19 15:24:23,Saint Petersburg,services,small,active,
2636,company_02636@example.com,2025-04-17 03:34:01,Volga,retail,small,churned,2026-05-09 22:53:35.030599948
2637,company_02637@example.com,2025-09-14 02:34:55,Saint Petersburg,ecommerce,small,active,
2638,company_02638@example.com,2023-05-26 08:19:30,South,saas,small,active,
2639,company_02639@example.com,2025-03-10 00:28:11,Ural,education,small,active,
2640,company_02640@example.com,2024-02-13 00:38:16,Ural,services,small,active,
2641,company_02641@example.com,2022-03-21 17:08:37,Moscow,education,small,active,
2642,company_02642@example.com,2023-01-05 19:51:41,Moscow,services,small,active,
2643,company_02643@example.com,2024-07-08 08:47:29,Moscow,services,small,active,
2644,company_02644@example.com,2022-08-08 16:26:07,Central,ecommerce,large,churned,2023-06-19 03:45:19.901325218
2645,company_02645@example.com,2023-08-18 17:07:09,Moscow,services,large,active,
2646,company_02646@example.com,2024-11-26 01:46:34,Saint Petersburg,education,small,active,
2647,company_02647@example.com,2022-07-24 20:54:16,Siberia,ecommerce,small,active,
2648,company_02648@example.com,2023-11-11 08:03:30,Far East,travel,small,churned,2026-04-07 14:51:02.127126642
2649,company_02649@example.com,2022-10-21 22:14:22,Ural,ecommerce,medium,active,
2650,company_02650@example.com,2024-01-04 21:58:17,Moscow,ecommerce,small,active,
2651,company_02651@example.com,2022-11-26 07:02:20,Volga,saas,medium,active,
2652,company_02652@example.com,2025-08-13 16:32:11,Moscow,saas,small,active,
2653,company_02653@example.com,2022-04-15 22:15:08,Saint Petersburg,retail,small,churned,2024-07-12 05:45:32.998289503
2654,company_02654@example.com,2025-08-11 04:15:20,Central,services,medium,active,
2655,company_02655@example.com,2024-12-19 06:50:18,Far East,ecommerce,small,active,
2656,company_02656@example.com,2025-03-16 12:26:31,Volga,travel,medium,active,
2657,company_02657@example.com,2025-03-10 20:44:46,Saint Petersburg,education,small,active,
2658,company_02658@example.com,2022-09-14 15:35:17,South,saas,small,active,
2659,company_02659@example.com,2025-06-27 17:36:15,Northwest,retail,small,active,
2660,company_02660@example.com,2024-03-23 23:09:39,Moscow,retail,small,churned,2026-02-10 08:20:40.809921809
2661,company_02661@example.com,2025-08-09 05:32:54,Ural,saas,small,active,
2662,company_02662@example.com,2025-04-16 07:20:10,Moscow,ecommerce,small,active,
2663,company_02663@example.com,2024-03-03 21:45:31,Moscow,ecommerce,small,active,
2664,company_02664@example.com,2023-05-28 06:23:59,Siberia,retail,small,active,
2665,company_02665@example.com,2022-06-10 10:46:19,Moscow,services,small,active,
2666,company_02666@example.com,2022-05-19 07:31:03,Ural,ecommerce,small,active,
2667,company_02667@example.com,2023-06-18 02:56:45,Moscow,services,medium,churned,2024-07-13 18:21:21.147137512
2668,company_02668@example.com,2025-01-14 09:32:02,Volga,retail,small,churned,2026-01-11 07:16:29.308951151
2669,company_02669@example.com,2023-11-23 07:26:51,Volga,services,medium,churned,2025-06-10 09:47:58.220924824
2670,company_02670@example.com,2023-10-22 01:15:39,Siberia,entertainment,small,active,
2671,company_02671@example.com,2022-12-01 09:54:17,Ural,education,small,active,
2672,company_02672@example.com,2024-02-12 02:08:25,South,services,medium,active,
2673,company_02673@example.com,2024-05-22 21:17:23,Central,education,small,active,
2674,company_02674@example.com,2025-09-05 13:45:41,Moscow,ecommerce,small,active,
2675,company_02675@example.com,2024-09-24 20:12:59,Volga,saas,medium,churned,2026-04-23 14:26:46.478274480
2676,company_02676@example.com,2024-04-10 15:57:56,Central,entertainment,small,active,
2677,company_02677@example.com,2025-05-29 23:38:28,Moscow,saas,medium,active,
2678,company_02678@example.com,2023-08-05 08:55:23,Northwest,other,medium,churned,2024-05-14 11:12:02.908693053
2679,company_02679@example.com,2025-07-03 00:14:34,Saint Petersburg,education,large,active,
2680,company_02680@example.com,2023-05-22 03:19:36,Moscow,services,small,churned,2024-04-07 14:40:41.967644427
2681,company_02681@example.com,2022-06-24 19:14:47,Siberia,ecommerce,small,active,
2682,company_02682@example.com,2023-07-26 07:16:35,Volga,other,medium,active,
2683,company_02683@example.com,2022-06-26 03:39:27,South,services,small,active,
2684,company_02684@example.com,2022-06-11 23:16:43,Moscow,retail,small,active,
2685,company_02685@example.com,2025-04-20 11:50:25,Central,saas,small,active,
2686,company_02686@example.com,2024-12-23 05:15:01,South,services,small,active,
2687,company_02687@example.com,2022-10-30 14:49:26,Saint Petersburg,other,small,active,
2688,company_02688@example.com,2025-02-19 23:55:11,South,travel,small,active,
2689,company_02689@example.com,2022-04-05 06:11:44,Moscow,entertainment,small,active,
2690,company_02690@example.com,2023-01-25 01:19:36,Moscow,services,small,active,
2691,company_02691@example.com,2024-08-23 22:44:03,Moscow,education,large,active,
2692,company_02692@example.com,2023-02-20 14:15:02,Saint Petersburg,travel,small,active,
2693,company_02693@example.com,2024-09-26 07:53:38,Moscow,ecommerce,small,active,
2694,company_02694@example.com,2025-04-11 02:08:32,Ural,ecommerce,small,churned,2026-05-15 22:46:38.199823361
2695,company_02695@example.com,2022-04-01 08:56:14,Volga,other,small,active,
2696,company_02696@example.com,2022-02-02 18:59:40,Moscow,entertainment,large,churned,2022-10-23 15:27:46.160437157
2697,company_02697@example.com,2025-07-09 22:08:46,Volga,other,medium,active,
2698,company_02698@example.com,2023-12-13 23:39:31,Moscow,ecommerce,small,active,
2699,company_02699@example.com,2023-11-24 20:33:58,Central,retail,small,active,
2700,company_02700@example.com,2023-09-27 07:24:03,Siberia,entertainment,small,active,
2701,company_02701@example.com,2023-08-17 04:22:12,South,ecommerce,small,churned,2025-07-07 00:16:22.837607354
2702,company_02702@example.com,2024-08-02 02:14:31,South,education,small,churned,2025-01-02 05:11:30.628885674
2703,company_02703@example.com,2024-03-04 02:12:18,Saint Petersburg,retail,small,active,
2704,company_02704@example.com,2022-08-12 12:28:34,Moscow,entertainment,small,active,
2705,company_02705@example.com,2024-05-07 05:47:57,Ural,education,small,active,
2706,company_02706@example.com,2024-07-03 06:38:05,Volga,retail,small,active,
2707,company_02707@example.com,2022-06-05 09:44:46,Volga,education,small,active,
2708,company_02708@example.com,2023-05-31 08:55:51,Northwest,ecommerce,small,active,
2709,company_02709@example.com,2024-12-17 09:56:35,Saint Petersburg,travel,small,active,
2710,company_02710@example.com,2024-04-26 09:38:36,Ural,services,small,active,
2711,company_02711@example.com,2022-07-06 13:17:39,Volga,services,small,churned,2023-02-11 23:37:21.894128423
2712,company_02712@example.com,2022-02-24 20:23:57,Moscow,education,small,churned,2024-10-29 10:41:01.230468020
2713,company_02713@example.com,2024-03-06 02:19:23,Moscow,retail,small,active,
2714,company_02714@example.com,2023-09-24 15:25:38,Volga,ecommerce,medium,active,
2715,company_02715@example.com,2025-08-07 17:14:33,Saint Petersburg,other,medium,active,
2716,company_02716@example.com,2023-12-16 10:32:28,South,retail,small,active,
2717,company_02717@example.com,2025-06-28 06:38:18,South,education,small,active,
2718,company_02718@example.com,2022-10-21 04:45:52,Central,retail,medium,active,
2719,company_02719@example.com,2023-09-04 22:59:14,Volga,other,small,active,
2720,company_02720@example.com,2022-07-11 00:07:25,Volga,saas,small,active,
2721,company_02721@example.com,2024-02-25 13:05:29,Central,ecommerce,small,active,
2722,company_02722@example.com,2022-09-15 19:59:17,Siberia,services,small,active,
2723,company_02723@example.com,2023-11-05 09:58:52,Moscow,education,small,active,
2724,company_02724@example.com,2023-04-16 18:50:23,Northwest,saas,small,active,
2725,company_02725@example.com,2022-09-12 01:52:39,Moscow,other,small,churned,2024-11-22 01:51:15.721490704
2726,company_02726@example.com,2022-05-13 10:28:14,Moscow,travel,small,active,
2727,company_02727@example.com,2023-12-02 11:41:24,South,saas,small,active,
2728,company_02728@example.com,2025-07-19 22:24:12,Moscow,education,small,active,
2729,company_02729@example.com,2022-09-29 21:18:08,Saint Petersburg,retail,small,active,
2730,company_02730@example.com,2023-07-09 00:45:54,Moscow,services,small,churned,2025-04-25 22:32:23.253103487
2731,company_02731@example.com,2022-11-04 06:17:06,South,travel,small,active,
2732,company_02732@example.com,2025-01-11 16:05:23,Volga,ecommerce,small,churned,2025-11-09 17:00:50.989248838
2733,company_02733@example.com,2023-07-22 14:04:43,Moscow,education,medium,active,
2734,company_02734@example.com,2025-08-26 00:03:46,Central,ecommerce,small,active,
2735,company_02735@example.com,2022-12-02 09:20:21,Moscow,ecommerce,small,active,
2736,company_02736@example.com,2022-04-21 10:42:02,Northwest,entertainment,small,active,
2737,company_02737@example.com,2024-03-07 21:18:09,Moscow,ecommerce,medium,active,
2738,company_02738@example.com,2024-06-10 11:36:43,Volga,saas,medium,active,
2739,company_02739@example.com,2025-09-17 08:01:07,Central,retail,medium,active,
2740,company_02740@example.com,2025-04-07 02:06:11,Volga,services,small,active,
2741,company_02741@example.com,2025-04-24 13:04:02,Northwest,entertainment,small,active,
2742,company_02742@example.com,2024-05-17 15:11:05,Saint Petersburg,saas,small,active,
2743,company_02743@example.com,2023-05-08 05:26:29,Ural,saas,small,active,
2744,company_02744@example.com,2023-08-10 21:47:08,Central,retail,small,active,
2745,company_02745@example.com,2022-07-02 23:06:38,South,retail,small,active,
2746,company_02746@example.com,2023-08-13 17:05:56,Saint Petersburg,travel,small,churned,2025-10-10 19:00:01.346109249
2747,company_02747@example.com,2023-05-14 13:14:48,Moscow,saas,medium,active,
2748,company_02748@example.com,2022-10-07 17:05:07,Moscow,saas,small,active,
2749,company_02749@example.com,2024-01-02 08:00:42,Moscow,travel,small,active,
2750,company_02750@example.com,2023-05-21 06:16:09,Northwest,ecommerce,small,active,
2751,company_02751@example.com,2025-09-21 04:00:13,Ural,retail,medium,active,
2752,company_02752@example.com,2023-10-17 15:01:20,Moscow,other,medium,active,
2753,company_02753@example.com,2025-08-04 12:17:07,Volga,services,small,active,
2754,company_02754@example.com,2024-06-22 20:28:10,South,travel,large,active,
2755,company_02755@example.com,2022-02-25 06:23:14,Saint Petersburg,services,medium,active,
2756,company_02756@example.com,2022-10-06 07:30:40,Central,entertainment,medium,active,
2757,company_02757@example.com,2024-08-23 12:43:37,South,saas,medium,active,
2758,company_02758@example.com,2024-01-16 17:17:57,Moscow,retail,small,active,
2759,company_02759@example.com,2023-02-17 19:32:38,Volga,entertainment,medium,churned,2026-05-22 13:52:01.214697927
2760,company_02760@example.com,2023-12-16 05:05:00,Moscow,retail,small,active,
2761,company_02761@example.com,2025-05-20 06:56:23,Moscow,education,medium,active,
2762,company_02762@example.com,2023-06-16 18:03:46,South,saas,small,churned,2024-07-05 07:04:52.749273878
2763,company_02763@example.com,2022-03-03 17:12:26,South,retail,medium,active,
2764,company_02764@example.com,2023-03-02 09:24:49,Northwest,retail,large,active,
2765,company_02765@example.com,2025-07-04 06:37:06,Moscow,services,small,active,
2766,company_02766@example.com,2024-11-08 02:40:29,South,other,large,active,
2767,company_02767@example.com,2025-02-19 16:00:13,Far East,ecommerce,small,active,
2768,company_02768@example.com,2025-06-01 01:52:12,South,travel,small,active,
2769,company_02769@example.com,2022-06-10 17:54:13,Northwest,education,small,active,
2770,company_02770@example.com,2023-01-22 16:42:33,Northwest,retail,medium,active,
2771,company_02771@example.com,2022-03-23 20:09:09,Ural,travel,small,active,
2772,company_02772@example.com,2022-01-07 11:28:50,Northwest,services,small,active,
2773,company_02773@example.com,2025-02-15 21:07:19,Volga,saas,small,churned,2025-10-06 19:11:00.510741079
2774,company_02774@example.com,2025-07-05 17:50:55,Central,travel,small,active,
2775,company_02775@example.com,2022-08-02 01:50:09,Far East,other,small,active,
2776,company_02776@example.com,2024-09-14 22:15:10,Siberia,saas,medium,active,
2777,company_02777@example.com,2024-01-02 17:46:34,Moscow,ecommerce,small,active,
2778,company_02778@example.com,2022-04-05 16:48:44,Saint Petersburg,saas,medium,churned,2023-10-28 18:35:09.949959107
2779,company_02779@example.com,2025-06-06 17:44:06,Saint Petersburg,services,small,active,
2780,company_02780@example.com,2025-04-06 20:30:27,Siberia,ecommerce,large,active,
2781,company_02781@example.com,2024-02-16 06:27:23,Moscow,services,small,active,
2782,company_02782@example.com,2024-08-26 09:23:36,Saint Petersburg,travel,small,active,
2783,company_02783@example.com,2023-06-28 09:57:49,Volga,ecommerce,small,active,
2784,company_02784@example.com,2024-12-20 14:29:23,Moscow,education,small,active,
2785,company_02785@example.com,2023-09-01 18:46:01,Northwest,services,small,active,
2786,company_02786@example.com,2025-09-15 04:36:47,Central,retail,medium,active,
2787,company_02787@example.com,2022-03-28 08:15:46,Moscow,entertainment,small,active,
2788,company_02788@example.com,2022-08-24 12:00:48,Saint Petersburg,ecommerce,small,active,
2789,company_02789@example.com,2025-08-18 06:04:34,Ural,saas,small,active,
2790,company_02790@example.com,2023-01-31 01:16:48,Volga,saas,large,active,
2791,company_02791@example.com,2023-03-01 23:23:53,Central,education,small,churned,2025-09-20 15:19:48.804046780
2792,company_02792@example.com,2024-12-18 11:09:33,Saint Petersburg,services,small,active,
2793,company_02793@example.com,2022-09-17 01:10:55,Siberia,ecommerce,small,churned,2024-03-18 18:53:34.608057737
2794,company_02794@example.com,2023-12-04 12:29:45,Ural,ecommerce,small,churned,2025-09-18 02:43:57.185297057
2795,company_02795@example.com,2023-01-27 07:30:18,South,services,small,active,
2796,company_02796@example.com,2022-09-28 18:38:22,Central,ecommerce,small,active,
2797,company_02797@example.com,2025-08-12 06:18:02,Northwest,saas,small,active,
2798,company_02798@example.com,2022-10-01 11:01:16,South,services,small,active,
2799,company_02799@example.com,2022-05-09 23:35:58,Central,ecommerce,small,active,
2800,company_02800@example.com,2024-07-10 22:43:21,Northwest,retail,small,active,
2801,company_02801@example.com,2025-04-01 11:17:36,Siberia,saas,medium,active,
2802,company_02802@example.com,2022-06-24 09:56:30,South,retail,small,active,
2803,company_02803@example.com,2024-08-26 07:55:50,Ural,travel,small,active,
2804,company_02804@example.com,2024-01-10 19:14:49,Central,ecommerce,small,active,
2805,company_02805@example.com,2025-02-09 11:11:22,Volga,other,small,active,
2806,company_02806@example.com,2022-06-23 16:10:20,Moscow,education,medium,active,
2807,company_02807@example.com,2025-08-28 00:40:04,Volga,education,small,active,
2808,company_02808@example.com,2024-04-26 22:38:33,Saint Petersburg,services,small,active,
2809,company_02809@example.com,2025-02-26 01:37:17,Saint Petersburg,retail,small,churned,2025-11-24 04:38:22.544186313
2810,company_02810@example.com,2023-05-11 03:56:34,Far East,travel,small,active,
2811,company_02811@example.com,2025-07-14 13:07:45,Moscow,ecommerce,large,active,
2812,company_02812@example.com,2024-05-06 20:44:33,Ural,ecommerce,small,active,
2813,company_02813@example.com,2022-06-23 15:32:18,Saint Petersburg,ecommerce,small,active,
2814,company_02814@example.com,2025-06-16 12:42:10,Moscow,services,medium,active,
2815,company_02815@example.com,2024-12-24 15:19:48,Moscow,entertainment,medium,active,
2816,company_02816@example.com,2023-02-15 16:12:35,Central,ecommerce,small,active,
2817,company_02817@example.com,2024-01-17 11:37:27,Central,saas,small,churned,2025-08-12 00:06:23.005036354
2818,company_02818@example.com,2023-06-15 20:47:34,Saint Petersburg,saas,small,active,
2819,company_02819@example.com,2024-01-14 12:02:50,South,ecommerce,medium,active,
2820,company_02820@example.com,2025-08-13 15:10:03,Central,ecommerce,medium,active,
2821,company_02821@example.com,2025-05-14 17:23:35,Moscow,retail,small,active,
2822,company_02822@example.com,2022-10-22 20:36:44,Saint Petersburg,ecommerce,medium,active,
2823,company_02823@example.com,2025-08-22 10:15:46,Moscow,travel,small,active,
2824,company_02824@example.com,2023-08-23 02:37:25,Moscow,education,small,active,
2825,company_02825@example.com,2024-08-22 05:15:06,Moscow,retail,small,active,
2826,company_02826@example.com,2024-11-11 10:58:21,South,travel,medium,churned,2026-03-15 19:39:24.045571942
2827,company_02827@example.com,2023-10-23 15:49:59,South,retail,small,active,
2828,company_02828@example.com,2023-09-17 16:58:12,Siberia,entertainment,small,active,
2829,company_02829@example.com,2023-09-17 08:39:05,Ural,services,small,active,
2830,company_02830@example.com,2025-03-25 23:13:05,Volga,retail,medium,active,
2831,company_02831@example.com,2023-06-13 12:21:45,Saint Petersburg,services,medium,active,
2832,company_02832@example.com,2023-01-18 22:26:16,Moscow,retail,small,active,
2833,company_02833@example.com,2023-05-10 16:01:09,South,other,small,active,
2834,company_02834@example.com,2022-09-24 14:23:26,Saint Petersburg,education,medium,active,
2835,company_02835@example.com,2023-06-20 13:57:09,Saint Petersburg,entertainment,medium,active,
2836,company_02836@example.com,2022-06-06 01:25:23,Northwest,other,small,active,
2837,company_02837@example.com,2022-05-03 18:46:41,Moscow,services,small,active,
2838,company_02838@example.com,2024-09-17 05:27:02,Moscow,travel,medium,active,
2839,company_02839@example.com,2022-04-16 22:22:53,Far East,services,large,active,
2840,company_02840@example.com,2024-02-17 07:18:40,Saint Petersburg,ecommerce,small,active,
2841,company_02841@example.com,2024-12-02 20:41:12,Central,other,small,active,
2842,company_02842@example.com,2024-09-18 02:10:42,Moscow,education,small,active,
2843,company_02843@example.com,2023-09-03 05:27:54,Central,entertainment,medium,active,
2844,company_02844@example.com,2022-09-22 21:19:44,Northwest,services,small,active,
2845,company_02845@example.com,2025-06-27 04:13:59,South,ecommerce,small,active,
2846,company_02846@example.com,2025-02-16 12:00:07,Central,retail,small,active,
2847,company_02847@example.com,2024-04-17 12:26:24,Saint Petersburg,ecommerce,medium,active,
2848,company_02848@example.com,2022-04-29 16:33:21,Saint Petersburg,ecommerce,medium,churned,2024-08-02 03:18:25.328393355
2849,company_02849@example.com,2022-02-18 02:53:52,Volga,travel,large,active,
2850,company_02850@example.com,2023-03-08 05:18:15,Saint Petersburg,ecommerce,small,active,
2851,company_02851@example.com,2022-08-04 11:48:22,Moscow,other,medium,active,
2852,company_02852@example.com,2025-03-22 23:14:18,South,education,medium,active,
2853,company_02853@example.com,2022-10-09 13:28:31,Siberia,education,small,active,
2854,company_02854@example.com,2023-01-22 15:59:37,Siberia,retail,small,active,
2855,company_02855@example.com,2025-08-27 19:21:54,Siberia,ecommerce,large,churned,2026-03-10 00:36:57.210321564
2856,company_02856@example.com,2025-01-24 09:06:39,Volga,services,small,churned,2025-08-31 14:13:39.197373653
2857,company_02857@example.com,2022-10-27 04:29:49,Ural,retail,small,active,
2858,company_02858@example.com,2023-06-09 16:29:13,Far East,services,small,active,
2859,company_02859@example.com,2023-12-07 13:17:25,Moscow,services,medium,active,
2860,company_02860@example.com,2024-06-27 17:19:20,Central,ecommerce,small,active,
2861,company_02861@example.com,2025-07-04 16:33:39,Moscow,education,medium,active,
2862,company_02862@example.com,2025-04-06 16:48:07,Northwest,retail,small,active,
2863,company_02863@example.com,2025-08-29 19:11:30,Far East,ecommerce,medium,churned,2026-03-17 08:27:20.312172616
2864,company_02864@example.com,2022-02-25 14:28:09,Ural,travel,small,active,
2865,company_02865@example.com,2022-11-20 08:11:08,Saint Petersburg,ecommerce,medium,active,
2866,company_02866@example.com,2024-02-10 04:27:22,Northwest,retail,medium,churned,2024-12-15 08:04:07.475858012
2867,company_02867@example.com,2022-03-09 04:37:49,Moscow,services,small,active,
2868,company_02868@example.com,2023-05-02 02:34:20,Moscow,education,small,active,
2869,company_02869@example.com,2022-07-30 03:03:19,Volga,other,medium,active,
2870,company_02870@example.com,2025-06-30 05:37:37,Ural,saas,small,active,
2871,company_02871@example.com,2022-03-28 15:12:02,Siberia,travel,small,active,
2872,company_02872@example.com,2022-07-23 00:24:37,Saint Petersburg,education,small,churned,2025-11-10 12:30:22.963758901
2873,company_02873@example.com,2022-09-24 22:19:08,Central,education,large,active,
2874,company_02874@example.com,2022-07-23 06:38:22,Central,ecommerce,small,active,
2875,company_02875@example.com,2024-02-17 19:16:51,Moscow,saas,small,active,
2876,company_02876@example.com,2023-05-14 10:15:35,Siberia,education,large,active,
2877,company_02877@example.com,2025-06-02 05:31:07,Saint Petersburg,retail,small,active,
2878,company_02878@example.com,2022-12-23 19:10:41,Moscow,services,small,active,
2879,company_02879@example.com,2024-01-05 21:58:13,Central,travel,small,active,
2880,company_02880@example.com,2024-06-22 00:03:52,South,education,small,churned,2025-06-05 15:41:18.713000186
2881,company_02881@example.com,2024-05-06 08:29:20,Siberia,ecommerce,small,active,
2882,company_02882@example.com,2024-12-25 10:50:23,Moscow,entertainment,medium,active,
2883,company_02883@example.com,2022-10-04 03:42:20,Moscow,ecommerce,small,active,
2884,company_02884@example.com,2023-11-26 04:47:59,Far East,other,medium,active,
2885,company_02885@example.com,2024-12-31 04:45:41,Volga,education,small,active,
2886,company_02886@example.com,2025-03-26 14:33:04,Saint Petersburg,other,small,active,
2887,company_02887@example.com,2024-04-25 03:14:43,Moscow,entertainment,small,active,
2888,company_02888@example.com,2024-06-10 18:53:45,Northwest,retail,small,active,
2889,company_02889@example.com,2025-03-28 03:20:25,South,saas,medium,active,
2890,company_02890@example.com,2024-05-04 19:46:28,Moscow,ecommerce,small,active,
2891,company_02891@example.com,2025-07-22 00:25:00,Moscow,ecommerce,small,active,
2892,company_02892@example.com,2022-06-24 13:09:33,Moscow,retail,small,active,
2893,company_02893@example.com,2023-04-21 22:16:41,Moscow,services,medium,active,
2894,company_02894@example.com,2022-06-03 11:09:45,Moscow,ecommerce,small,active,
2895,company_02895@example.com,2022-05-04 21:53:29,Moscow,education,medium,churned,2023-02-25 09:55:36.522901461
2896,company_02896@example.com,2023-10-08 14:46:20,Moscow,other,small,churned,2024-08-26 11:31:41.000125404
2897,company_02897@example.com,2022-11-06 01:41:58,Saint Petersburg,saas,small,active,
2898,company_02898@example.com,2023-07-11 23:47:09,Central,ecommerce,medium,active,
2899,company_02899@example.com,2023-08-22 23:12:51,Central,education,small,active,
2900,company_02900@example.com,2024-04-29 10:09:43,Ural,ecommerce,small,active,
2901,company_02901@example.com,2025-07-17 17:00:50,Saint Petersburg,retail,large,churned,2026-02-28 04:14:58.965373475
2902,company_02902@example.com,2025-03-07 23:05:58,Siberia,entertainment,small,churned,2026-05-03 10:55:51.014096532
2903,company_02903@example.com,2023-06-02 12:40:05,Siberia,other,small,active,
2904,company_02904@example.com,2023-03-22 09:36:06,Northwest,retail,small,active,
2905,company_02905@example.com,2024-11-20 10:01:34,Moscow,ecommerce,small,active,
2906,company_02906@example.com,2022-06-19 03:45:06,Moscow,retail,medium,active,
2907,company_02907@example.com,2024-01-10 08:55:50,Volga,education,small,active,
2908,company_02908@example.com,2023-08-02 16:28:32,Moscow,ecommerce,large,active,
2909,company_02909@example.com,2022-09-08 01:58:39,Moscow,ecommerce,small,active,
2910,company_02910@example.com,2024-04-23 07:14:50,Moscow,education,large,churned,2025-03-03 23:24:05.083508085
2911,company_02911@example.com,2023-03-15 18:20:33,Volga,ecommerce,medium,active,
2912,company_02912@example.com,2022-09-11 21:34:39,Ural,saas,large,active,
2913,company_02913@example.com,2024-06-12 13:35:45,Saint Petersburg,travel,small,active,
2914,company_02914@example.com,2022-08-27 07:16:24,Far East,services,small,churned,2023-11-21 11:58:20.258460056
2915,company_02915@example.com,2024-07-09 11:07:21,Ural,education,small,active,
2916,company_02916@example.com,2022-08-10 17:52:02,Moscow,saas,small,active,
2917,company_02917@example.com,2023-08-18 18:01:55,Central,ecommerce,small,active,
2918,company_02918@example.com,2025-01-10 08:01:28,Moscow,entertainment,medium,active,
2919,company_02919@example.com,2022-11-09 18:53:32,Far East,ecommerce,small,active,
2920,company_02920@example.com,2024-11-16 02:45:26,Ural,entertainment,medium,active,
2921,company_02921@example.com,2024-09-14 13:38:36,South,ecommerce,small,active,
2922,company_02922@example.com,2025-05-19 20:02:13,South,saas,large,active,
2923,company_02923@example.com,2022-08-20 00:26:22,Saint Petersburg,ecommerce,small,active,
2924,company_02924@example.com,2024-09-05 06:42:11,Far East,saas,small,active,
2925,company_02925@example.com,2025-07-05 08:44:21,Far East,services,medium,active,
2926,company_02926@example.com,2024-11-09 19:25:48,South,ecommerce,medium,active,
2927,company_02927@example.com,2022-09-15 01:15:01,Central,saas,medium,active,
2928,company_02928@example.com,2025-01-29 17:11:55,Moscow,ecommerce,large,active,
2929,company_02929@example.com,2022-05-27 19:16:46,Moscow,services,small,churned,2024-03-24 07:11:33.591721378
2930,company_02930@example.com,2024-03-16 12:56:06,Moscow,retail,medium,active,
2931,company_02931@example.com,2023-11-12 18:46:09,Volga,travel,small,churned,2026-05-04 20:58:42.193378299
2932,company_02932@example.com,2023-12-28 12:24:00,Ural,saas,small,churned,2026-02-01 16:09:08.996929698
2933,company_02933@example.com,2023-12-12 17:51:08,Far East,education,small,active,
2934,company_02934@example.com,2022-02-13 01:26:34,Moscow,travel,small,active,
2935,company_02935@example.com,2023-11-27 04:59:23,Saint Petersburg,entertainment,small,active,
2936,company_02936@example.com,2025-07-05 11:11:31,Moscow,services,medium,active,
2937,company_02937@example.com,2023-08-21 08:40:01,Northwest,retail,small,active,
2938,company_02938@example.com,2023-01-14 19:36:32,Ural,education,large,active,
2939,company_02939@example.com,2025-09-22 21:45:45,Central,ecommerce,small,active,
2940,company_02940@example.com,2022-05-16 10:07:10,Volga,education,small,active,
2941,company_02941@example.com,2023-10-28 05:33:54,Volga,retail,small,active,
2942,company_02942@example.com,2023-12-03 05:36:42,Saint Petersburg,saas,small,active,
2943,company_02943@example.com,2023-10-16 19:56:31,Moscow,services,small,active,
2944,company_02944@example.com,2025-06-14 22:06:24,Saint Petersburg,services,medium,active,
2945,company_02945@example.com,2023-07-31 23:25:24,Moscow,ecommerce,small,active,
2946,company_02946@example.com,2025-08-24 11:26:23,Volga,ecommerce,small,churned,2026-01-15 08:27:08.980427427
2947,company_02947@example.com,2022-04-02 10:01:23,Saint Petersburg,saas,medium,active,
2948,company_02948@example.com,2024-10-01 00:35:46,South,services,small,active,
2949,company_02949@example.com,2024-03-22 03:57:07,Volga,other,medium,active,
2950,company_02950@example.com,2022-11-26 01:36:11,Volga,services,medium,active,
2951,company_02951@example.com,2022-11-08 20:38:16,Northwest,ecommerce,small,active,
2952,company_02952@example.com,2024-09-11 12:32:34,Saint Petersburg,services,small,active,
2953,company_02953@example.com,2024-05-22 05:58:40,Volga,travel,small,active,
2954,company_02954@example.com,2024-04-16 01:55:53,Moscow,ecommerce,small,active,
2955,company_02955@example.com,2022-03-11 12:57:51,South,services,small,active,
2956,company_02956@example.com,2024-03-28 21:41:45,Volga,ecommerce,large,active,
2957,company_02957@example.com,2025-09-04 12:54:04,Moscow,retail,small,active,
2958,company_02958@example.com,2022-01-24 16:45:16,Moscow,ecommerce,medium,active,
2959,company_02959@example.com,2023-10-04 14:22:29,South,services,small,churned,2025-07-06 22:07:09.285789244
2960,company_02960@example.com,2023-11-08 07:24:18,South,travel,small,active,
2961,company_02961@example.com,2025-05-11 18:16:20,South,ecommerce,small,active,
2962,company_02962@example.com,2023-01-22 22:23:50,Central,saas,small,active,
2963,company_02963@example.com,2023-10-13 13:37:27,Volga,travel,large,active,
2964,company_02964@example.com,2024-09-08 02:50:51,Volga,retail,small,active,
2965,company_02965@example.com,2022-03-24 12:46:53,Moscow,ecommerce,small,churned,2025-08-10 20:20:24.593426287
2966,company_02966@example.com,2024-12-31 21:21:49,Volga,retail,small,active,
2967,company_02967@example.com,2025-01-29 18:54:54,Volga,ecommerce,small,active,
2968,company_02968@example.com,2024-09-11 11:27:00,Ural,other,medium,active,
2969,company_02969@example.com,2024-06-05 17:10:05,Central,saas,medium,active,
2970,company_02970@example.com,2024-10-19 17:33:53,Central,ecommerce,medium,churned,2026-02-11 08:47:57.250952356
2971,company_02971@example.com,2024-12-05 10:38:50,Northwest,education,small,churned,2025-10-27 12:28:10.258067742
2972,company_02972@example.com,2025-05-20 20:15:52,Siberia,retail,small,active,
2973,company_02973@example.com,2023-08-09 17:40:22,Moscow,ecommerce,medium,active,
2974,company_02974@example.com,2024-05-22 16:44:21,Far East,retail,small,active,
2975,company_02975@example.com,2022-09-22 03:30:28,Moscow,ecommerce,small,active,
2976,company_02976@example.com,2025-03-17 07:42:38,Siberia,ecommerce,small,active,
2977,company_02977@example.com,2024-11-20 01:29:37,Moscow,retail,small,active,
2978,company_02978@example.com,2024-05-13 07:08:26,Central,retail,medium,active,
2979,company_02979@example.com,2023-02-17 15:49:08,Northwest,education,small,active,
2980,company_02980@example.com,2023-04-21 14:49:14,Moscow,education,large,active,
2981,company_02981@example.com,2023-08-19 01:05:06,Siberia,retail,small,active,
2982,company_02982@example.com,2024-06-25 08:10:17,Central,education,small,active,
2983,company_02983@example.com,2024-11-30 08:26:25,Moscow,retail,small,active,
2984,company_02984@example.com,2024-07-08 02:19:00,Northwest,other,small,active,
2985,company_02985@example.com,2025-06-26 03:33:11,Volga,ecommerce,small,churned,2026-04-02 07:27:30.891915800
2986,company_02986@example.com,2025-08-07 01:59:28,Siberia,services,small,active,
2987,company_02987@example.com,2024-08-22 07:27:49,Siberia,ecommerce,small,active,
2988,company_02988@example.com,2024-03-30 12:37:48,Moscow,retail,medium,active,
2989,company_02989@example.com,2023-08-05 12:17:04,Saint Petersburg,services,small,active,
2990,company_02990@example.com,2024-05-10 14:30:06,Saint Petersburg,travel,small,active,
2991,company_02991@example.com,2025-01-15 23:37:15,Volga,other,small,churned,2025-12-23 18:09:07.194712300
2992,company_02992@example.com,2023-05-21 05:55:21,Moscow,education,medium,churned,2024-04-03 19:43:24.658692896
2993,company_02993@example.com,2023-11-23 21:11:17,Central,retail,small,active,
2994,company_02994@example.com,2022-03-04 10:20:15,Ural,saas,small,active,
2995,company_02995@example.com,2024-10-04 15:10:04,Moscow,ecommerce,small,active,
2996,company_02996@example.com,2023-11-02 02:51:00,South,education,small,active,
2997,company_02997@example.com,2023-09-21 21:10:52,Central,saas,small,active,
2998,company_02998@example.com,2023-12-30 08:45:59,Moscow,retail,small,active,
2999,company_02999@example.com,2022-10-22 19:08:11,Moscow,services,large,active,
3000,company_03000@example.com,2024-03-29 00:28:06,Moscow,ecommerce,small,churned,2024-09-02 17:49:13.746381082
3001,company_03001@example.com,2024-10-16 10:31:57,Volga,ecommerce,small,active,
3002,company_03002@example.com,2023-04-24 08:34:06,Moscow,other,small,active,
3003,company_03003@example.com,2022-06-29 10:05:11,Ural,ecommerce,small,active,
3004,company_03004@example.com,2023-06-14 04:36:23,Ural,retail,small,active,
3005,company_03005@example.com,2022-09-29 15:53:55,Moscow,education,small,active,
3006,company_03006@example.com,2023-05-27 13:10:21,Siberia,retail,small,churned,2024-09-20 10:56:15.864894483
3007,company_03007@example.com,2024-05-07 11:55:04,Northwest,ecommerce,medium,active,
3008,company_03008@example.com,2022-06-05 02:58:18,Moscow,ecommerce,small,active,
3009,company_03009@example.com,2024-10-19 06:21:43,Northwest,education,medium,active,
3010,company_03010@example.com,2022-11-04 06:30:52,Saint Petersburg,education,small,active,
3011,company_03011@example.com,2025-05-08 22:23:33,South,saas,small,active,
3012,company_03012@example.com,2024-09-28 23:35:36,Moscow,retail,large,churned,2025-02-26 06:32:04.735381632
3013,company_03013@example.com,2023-01-08 21:33:35,Ural,other,medium,active,
3014,company_03014@example.com,2024-02-10 11:53:31,Siberia,retail,small,active,
3015,company_03015@example.com,2022-06-01 11:17:55,Northwest,retail,medium,churned,2024-03-11 14:27:59.682140723
3016,company_03016@example.com,2022-05-17 10:38:26,Northwest,other,small,active,
3017,company_03017@example.com,2025-07-31 20:55:26,Moscow,saas,small,active,
3018,company_03018@example.com,2025-01-02 17:25:30,South,retail,medium,active,
3019,company_03019@example.com,2022-07-31 06:01:07,Saint Petersburg,retail,medium,active,
3020,company_03020@example.com,2023-01-22 17:15:14,Moscow,saas,small,active,
3021,company_03021@example.com,2022-09-28 09:48:08,Moscow,ecommerce,small,active,
3022,company_03022@example.com,2023-06-25 13:55:54,Far East,retail,small,active,
3023,company_03023@example.com,2023-02-03 12:55:43,South,services,small,active,
3024,company_03024@example.com,2023-03-25 18:57:17,Moscow,saas,large,active,
3025,company_03025@example.com,2023-12-26 04:58:36,Northwest,services,small,active,
3026,company_03026@example.com,2022-09-16 15:00:25,Ural,education,small,active,
3027,company_03027@example.com,2025-04-22 16:55:44,Saint Petersburg,other,small,active,
3028,company_03028@example.com,2024-09-22 10:15:11,Central,ecommerce,small,active,
3029,company_03029@example.com,2024-11-06 10:14:49,South,saas,small,active,
3030,company_03030@example.com,2022-08-20 20:16:36,South,ecommerce,large,active,
3031,company_03031@example.com,2024-08-26 18:13:43,Central,travel,small,active,
3032,company_03032@example.com,2025-02-17 23:35:36,Volga,services,medium,active,
3033,company_03033@example.com,2022-08-28 15:31:42,Moscow,retail,small,active,
3034,company_03034@example.com,2024-10-24 17:57:40,Volga,services,small,active,
3035,company_03035@example.com,2023-05-05 07:26:10,Saint Petersburg,entertainment,small,active,
3036,company_03036@example.com,2024-12-13 09:48:09,Saint Petersburg,education,small,active,
3037,company_03037@example.com,2023-10-17 10:59:25,Saint Petersburg,ecommerce,small,churned,2026-01-07 20:24:07.383095182
3038,company_03038@example.com,2025-01-02 10:06:57,South,ecommerce,small,active,
3039,company_03039@example.com,2022-07-21 16:17:20,Central,services,medium,active,
3040,company_03040@example.com,2023-06-17 06:16:35,Central,services,small,active,
3041,company_03041@example.com,2023-01-10 01:14:38,Moscow,retail,small,churned,2025-12-08 02:01:52.360255003
3042,company_03042@example.com,2022-12-06 18:17:33,Northwest,retail,medium,active,
3043,company_03043@example.com,2023-02-26 19:11:44,Moscow,travel,small,active,
3044,company_03044@example.com,2023-06-08 04:03:51,Central,retail,large,active,
3045,company_03045@example.com,2022-06-24 02:43:55,Moscow,ecommerce,small,active,
3046,company_03046@example.com,2024-08-25 06:56:09,South,retail,small,active,
3047,company_03047@example.com,2024-01-23 17:28:10,Central,services,small,active,
3048,company_03048@example.com,2025-02-08 10:34:48,Central,other,large,active,
3049,company_03049@example.com,2024-08-22 11:29:08,Siberia,services,small,active,
3050,company_03050@example.com,2022-07-23 21:23:46,Ural,ecommerce,small,active,
3051,company_03051@example.com,2022-04-06 15:59:43,Volga,saas,small,active,
3052,company_03052@example.com,2023-08-02 09:39:08,Central,retail,small,active,
3053,company_03053@example.com,2023-10-21 04:14:01,Northwest,other,medium,active,
3054,company_03054@example.com,2022-11-25 15:52:49,Northwest,retail,small,active,
3055,company_03055@example.com,2024-12-06 01:33:28,South,entertainment,small,active,
3056,company_03056@example.com,2024-03-06 14:31:00,Ural,entertainment,small,active,
3057,company_03057@example.com,2024-10-20 06:00:42,Siberia,saas,medium,active,
3058,company_03058@example.com,2022-05-30 03:01:55,Northwest,ecommerce,small,active,
3059,company_03059@example.com,2025-01-20 00:28:47,Moscow,saas,small,active,
3060,company_03060@example.com,2022-10-09 22:21:40,Northwest,travel,large,active,
3061,company_03061@example.com,2023-09-06 04:38:11,South,retail,medium,active,
3062,company_03062@example.com,2023-08-25 01:26:46,Volga,education,medium,active,
3063,company_03063@example.com,2025-01-27 12:31:48,Central,services,medium,churned,2025-06-09 01:51:42.124150108
3064,company_03064@example.com,2023-01-14 17:25:52,Saint Petersburg,other,medium,active,
3065,company_03065@example.com,2022-11-26 08:24:17,Ural,saas,small,active,
3066,company_03066@example.com,2023-04-10 14:40:14,South,education,small,active,
3067,company_03067@example.com,2023-05-09 14:07:56,Moscow,services,medium,active,
3068,company_03068@example.com,2022-09-06 13:06:02,Volga,ecommerce,medium,active,
3069,company_03069@example.com,2022-08-30 06:06:22,Moscow,education,large,active,
3070,company_03070@example.com,2022-11-13 11:18:27,Central,saas,small,active,
3071,company_03071@example.com,2023-10-02 12:27:08,Volga,services,small,active,
3072,company_03072@example.com,2023-04-15 17:03:17,Volga,saas,small,churned,2023-10-23 17:26:05.140363659
3073,company_03073@example.com,2023-06-21 08:06:52,Moscow,education,small,active,
3074,company_03074@example.com,2024-09-10 16:02:47,Moscow,retail,small,churned,2025-12-14 12:19:01.102835957
3075,company_03075@example.com,2022-11-26 14:07:08,Saint Petersburg,travel,medium,active,
3076,company_03076@example.com,2025-05-29 17:35:04,Volga,ecommerce,small,active,
3077,company_03077@example.com,2024-10-25 10:27:51,Far East,other,small,active,
3078,company_03078@example.com,2022-08-27 23:19:56,Ural,other,small,active,
3079,company_03079@example.com,2023-03-06 08:13:01,Ural,entertainment,small,active,
3080,company_03080@example.com,2022-09-09 02:21:24,Saint Petersburg,entertainment,medium,active,
3081,company_03081@example.com,2023-01-09 04:42:42,Moscow,education,small,active,
3082,company_03082@example.com,2023-05-15 23:58:42,Siberia,education,small,churned,2025-01-20 11:57:29.257717215
3083,company_03083@example.com,2022-06-29 01:23:28,Volga,saas,small,active,
3084,company_03084@example.com,2022-01-20 17:54:17,Moscow,retail,small,active,
3085,company_03085@example.com,2023-08-24 07:23:38,Volga,saas,small,active,
3086,company_03086@example.com,2024-08-16 22:56:21,South,ecommerce,medium,active,
3087,company_03087@example.com,2023-02-19 10:56:04,Saint Petersburg,entertainment,medium,active,
3088,company_03088@example.com,2025-03-23 02:31:33,Moscow,services,small,active,
3089,company_03089@example.com,2023-05-21 03:57:57,Volga,saas,small,churned,2024-02-12 09:47:25.830286078
3090,company_03090@example.com,2025-05-17 06:58:14,Moscow,education,small,active,
3091,company_03091@example.com,2022-11-19 20:15:43,Central,services,small,active,
3092,company_03092@example.com,2024-01-08 19:24:05,Ural,entertainment,small,active,
3093,company_03093@example.com,2024-11-09 23:55:15,Northwest,retail,medium,active,
3094,company_03094@example.com,2022-03-22 18:22:31,Saint Petersburg,ecommerce,small,active,
3095,company_03095@example.com,2025-06-26 05:52:11,Moscow,ecommerce,medium,active,
3096,company_03096@example.com,2023-05-15 06:20:04,Central,services,small,active,
3097,company_03097@example.com,2023-11-13 04:05:54,Saint Petersburg,services,small,churned,2025-12-24 12:17:33.983382791
3098,company_03098@example.com,2024-05-09 16:54:40,Siberia,services,small,active,
3099,company_03099@example.com,2024-05-29 14:55:27,South,ecommerce,small,active,
3100,company_03100@example.com,2022-02-02 09:05:04,Central,ecommerce,small,active,
3101,company_03101@example.com,2025-04-01 07:00:00,Ural,entertainment,medium,active,
3102,company_03102@example.com,2024-05-03 02:10:58,Saint Petersburg,services,small,active,
3103,company_03103@example.com,2025-09-28 09:34:28,Volga,ecommerce,small,active,
3104,company_03104@example.com,2023-10-08 00:42:28,Far East,ecommerce,small,active,
3105,company_03105@example.com,2024-04-19 06:58:23,Moscow,ecommerce,small,active,
3106,company_03106@example.com,2023-08-27 08:58:24,Saint Petersburg,saas,small,active,
3107,company_03107@example.com,2025-05-02 05:14:21,Siberia,travel,small,active,
3108,company_03108@example.com,2025-02-12 16:56:34,Central,services,small,active,
3109,company_03109@example.com,2025-05-27 23:25:33,Saint Petersburg,services,small,active,
3110,company_03110@example.com,2023-11-21 20:32:46,Moscow,saas,medium,active,
3111,company_03111@example.com,2024-12-18 16:56:06,Central,retail,medium,churned,2025-07-15 02:23:41.894198895
3112,company_03112@example.com,2023-05-06 19:57:07,Volga,retail,small,active,
3113,company_03113@example.com,2023-09-23 13:17:57,Central,education,small,active,
3114,company_03114@example.com,2024-11-05 23:28:32,Saint Petersburg,other,small,active,
3115,company_03115@example.com,2022-04-22 00:26:53,Saint Petersburg,services,small,active,
3116,company_03116@example.com,2024-08-29 22:48:36,South,services,small,active,
3117,company_03117@example.com,2022-01-22 14:55:40,Siberia,saas,small,active,
3118,company_03118@example.com,2024-03-05 07:55:37,South,ecommerce,small,active,
3119,company_03119@example.com,2023-10-15 19:27:04,South,retail,small,churned,2024-04-18 07:32:39.889779382
3120,company_03120@example.com,2023-10-04 03:39:48,Ural,services,small,active,
3121,company_03121@example.com,2023-11-08 05:20:05,Moscow,other,medium,active,
3122,company_03122@example.com,2023-11-04 23:09:39,Saint Petersburg,ecommerce,small,active,
3123,company_03123@example.com,2023-07-12 06:31:18,Moscow,education,small,active,
3124,company_03124@example.com,2023-09-10 10:51:47,Saint Petersburg,entertainment,small,active,
3125,company_03125@example.com,2024-02-17 06:04:13,Northwest,travel,medium,active,
3126,company_03126@example.com,2024-11-10 10:06:34,Saint Petersburg,services,medium,active,
3127,company_03127@example.com,2024-01-26 08:36:21,Siberia,retail,small,active,
3128,company_03128@example.com,2024-05-28 23:18:29,Moscow,ecommerce,small,active,
3129,company_03129@example.com,2025-02-18 11:40:45,Central,retail,small,active,
3130,company_03130@example.com,2025-09-15 15:39:58,Saint Petersburg,retail,small,active,
3131,company_03131@example.com,2022-05-29 15:25:48,Moscow,saas,small,active,
3132,company_03132@example.com,2024-09-02 06:46:55,Saint Petersburg,travel,small,active,
3133,company_03133@example.com,2022-11-05 01:01:59,South,saas,small,active,
3134,company_03134@example.com,2022-09-27 04:42:45,Central,ecommerce,medium,active,
3135,company_03135@example.com,2024-12-20 19:56:22,Siberia,retail,small,active,
3136,company_03136@example.com,2022-04-04 23:16:15,Siberia,travel,small,active,
3137,company_03137@example.com,2025-03-05 20:10:48,Central,ecommerce,small,churned,2026-03-09 01:07:40.160402436
3138,company_03138@example.com,2024-11-20 02:32:23,Northwest,ecommerce,small,active,
3139,company_03139@example.com,2025-09-22 22:04:06,Moscow,retail,small,active,
3140,company_03140@example.com,2024-07-02 17:54:06,Saint Petersburg,ecommerce,medium,active,
3141,company_03141@example.com,2025-04-09 03:26:50,Central,ecommerce,medium,active,
3142,company_03142@example.com,2022-06-12 03:44:03,Volga,retail,small,active,
3143,company_03143@example.com,2025-05-02 09:09:51,Volga,entertainment,medium,active,
3144,company_03144@example.com,2022-08-08 07:49:13,Volga,ecommerce,small,churned,2025-01-17 15:56:03.542268738
3145,company_03145@example.com,2023-03-07 00:40:17,Siberia,services,small,active,
3146,company_03146@example.com,2022-06-25 08:50:29,Saint Petersburg,services,small,active,
3147,company_03147@example.com,2023-07-04 11:21:17,Ural,services,small,active,
3148,company_03148@example.com,2024-10-21 15:07:46,Volga,education,small,active,
3149,company_03149@example.com,2023-01-02 17:46:12,Central,ecommerce,medium,active,
3150,company_03150@example.com,2025-01-29 18:19:00,Saint Petersburg,ecommerce,small,active,
3151,company_03151@example.com,2024-04-09 10:01:18,Saint Petersburg,education,medium,churned,2025-04-25 08:58:29.733539823
3152,company_03152@example.com,2024-05-10 08:54:06,Central,other,small,active,
3153,company_03153@example.com,2025-07-08 06:51:26,Ural,retail,medium,churned,2026-03-28 11:34:14.970361158
3154,company_03154@example.com,2023-08-14 18:21:37,Central,education,small,active,
3155,company_03155@example.com,2023-04-17 11:14:58,Moscow,other,medium,active,
3156,company_03156@example.com,2025-09-22 13:12:47,Ural,saas,small,active,
3157,company_03157@example.com,2024-02-01 23:28:56,South,saas,small,active,
3158,company_03158@example.com,2024-04-20 18:40:45,Far East,education,small,active,
3159,company_03159@example.com,2023-02-10 08:06:34,Volga,entertainment,medium,active,
3160,company_03160@example.com,2022-10-22 17:13:19,South,services,small,active,
3161,company_03161@example.com,2022-08-21 06:52:21,Central,services,small,active,
3162,company_03162@example.com,2022-11-02 19:53:22,South,saas,medium,churned,2026-02-14 23:18:09.042391360
3163,company_03163@example.com,2022-09-25 00:19:52,Central,retail,small,active,
3164,company_03164@example.com,2024-10-18 12:19:41,Moscow,other,medium,active,
3165,company_03165@example.com,2022-03-21 06:27:41,Northwest,other,small,active,
3166,company_03166@example.com,2024-05-10 23:57:03,South,services,small,active,
3167,company_03167@example.com,2025-07-22 15:12:17,Volga,ecommerce,small,active,
3168,company_03168@example.com,2024-11-13 06:37:24,Central,saas,small,active,
3169,company_03169@example.com,2023-07-06 03:20:35,South,retail,small,active,
3170,company_03170@example.com,2022-03-23 06:18:18,Moscow,services,small,active,
3171,company_03171@example.com,2025-02-15 01:51:25,Saint Petersburg,ecommerce,small,active,
3172,company_03172@example.com,2022-01-05 07:22:48,Moscow,saas,medium,active,
3173,company_03173@example.com,2024-07-21 01:24:33,Moscow,other,medium,active,
3174,company_03174@example.com,2024-07-06 20:35:58,Moscow,ecommerce,small,active,
3175,company_03175@example.com,2022-09-20 13:09:20,Ural,travel,small,active,
3176,company_03176@example.com,2024-10-09 03:25:24,Moscow,saas,small,churned,2025-02-22 12:16:03.638938720
3177,company_03177@example.com,2022-08-29 00:46:35,Siberia,ecommerce,medium,active,
3178,company_03178@example.com,2022-11-05 16:28:25,Siberia,retail,medium,active,
3179,company_03179@example.com,2025-01-15 19:11:47,Moscow,retail,small,churned,2026-01-09 10:38:52.758272331
3180,company_03180@example.com,2025-09-01 10:45:52,South,saas,small,active,
3181,company_03181@example.com,2022-12-29 03:00:53,Central,education,medium,active,
3182,company_03182@example.com,2025-06-14 09:22:28,Far East,ecommerce,medium,active,
3183,company_03183@example.com,2025-06-03 08:58:44,Central,retail,small,active,
3184,company_03184@example.com,2024-11-18 13:11:30,Saint Petersburg,education,medium,active,
3185,company_03185@example.com,2022-07-11 14:17:56,Saint Petersburg,ecommerce,small,active,
3186,company_03186@example.com,2023-02-14 14:32:56,Siberia,services,small,churned,2024-02-05 12:44:35.397691719
3187,company_03187@example.com,2024-07-16 02:31:45,Moscow,ecommerce,medium,active,
3188,company_03188@example.com,2025-09-28 22:22:31,Ural,saas,small,active,
3189,company_03189@example.com,2025-01-19 04:48:22,Moscow,travel,small,active,
3190,company_03190@example.com,2023-07-29 22:16:00,South,saas,medium,active,
3191,company_03191@example.com,2022-11-18 19:56:15,Central,ecommerce,medium,active,
3192,company_03192@example.com,2025-08-06 17:46:40,Moscow,services,small,active,
3193,company_03193@example.com,2023-01-13 20:26:24,Moscow,saas,small,active,
3194,company_03194@example.com,2023-04-14 03:44:13,Saint Petersburg,education,medium,active,
3195,company_03195@example.com,2025-08-12 11:05:02,Ural,ecommerce,small,active,
3196,company_03196@example.com,2024-02-08 08:34:48,South,ecommerce,large,active,
3197,company_03197@example.com,2022-12-28 23:16:06,Moscow,services,medium,active,
3198,company_03198@example.com,2022-01-08 07:30:12,Central,education,small,active,
3199,company_03199@example.com,2023-08-12 04:20:59,Moscow,entertainment,small,active,
3200,company_03200@example.com,2025-09-10 20:24:03,South,saas,medium,active,
3201,company_03201@example.com,2023-08-15 16:21:07,Ural,travel,large,active,
3202,company_03202@example.com,2024-08-14 22:56:31,Siberia,other,small,churned,2025-08-23 03:59:35.303799208
3203,company_03203@example.com,2022-12-13 03:38:12,Siberia,services,small,active,
3204,company_03204@example.com,2024-11-27 00:55:22,Saint Petersburg,ecommerce,medium,active,
3205,company_03205@example.com,2024-11-27 06:46:22,Saint Petersburg,ecommerce,small,active,
3206,company_03206@example.com,2024-04-12 03:44:00,Siberia,saas,small,churned,2025-05-16 11:50:09.617537551
3207,company_03207@example.com,2024-11-21 21:21:27,Moscow,retail,medium,active,
3208,company_03208@example.com,2024-03-02 19:54:07,Moscow,entertainment,medium,active,
3209,company_03209@example.com,2023-06-02 12:56:13,Saint Petersburg,ecommerce,medium,active,
3210,company_03210@example.com,2024-10-06 10:04:31,Ural,ecommerce,small,active,
3211,company_03211@example.com,2025-02-16 10:50:59,South,saas,small,active,
3212,company_03212@example.com,2025-02-24 13:42:36,Northwest,saas,medium,active,
3213,company_03213@example.com,2022-10-19 11:40:34,Saint Petersburg,saas,small,active,
3214,company_03214@example.com,2024-07-14 13:53:17,Saint Petersburg,ecommerce,small,active,
3215,company_03215@example.com,2022-01-06 21:22:01,Saint Petersburg,retail,medium,churned,2023-12-07 01:16:08.919112906
3216,company_03216@example.com,2024-02-22 11:52:57,Ural,services,medium,active,
3217,company_03217@example.com,2024-02-21 08:34:00,Moscow,entertainment,medium,active,
3218,company_03218@example.com,2023-05-13 06:16:58,Far East,ecommerce,small,active,
3219,company_03219@example.com,2025-09-21 21:33:41,Volga,services,large,active,
3220,company_03220@example.com,2025-04-22 21:22:23,Ural,ecommerce,small,active,
3221,company_03221@example.com,2022-02-22 20:46:11,Ural,travel,small,active,
3222,company_03222@example.com,2022-10-13 16:29:30,Central,ecommerce,medium,active,
3223,company_03223@example.com,2022-10-12 12:59:33,Ural,other,small,active,
3224,company_03224@example.com,2025-05-12 20:39:11,Saint Petersburg,ecommerce,medium,active,
3225,company_03225@example.com,2023-12-11 21:00:19,Ural,services,small,active,
3226,company_03226@example.com,2024-09-24 02:24:50,Ural,saas,medium,churned,2025-04-26 02:48:58.733810922
3227,company_03227@example.com,2025-01-12 23:58:27,Volga,retail,medium,active,
3228,company_03228@example.com,2024-11-16 02:29:35,Moscow,retail,medium,active,
3229,company_03229@example.com,2022-05-02 19:25:37,Northwest,services,small,active,
3230,company_03230@example.com,2022-07-11 23:28:32,Far East,services,small,active,
3231,company_03231@example.com,2023-06-25 16:20:38,Volga,travel,large,active,
3232,company_03232@example.com,2023-04-08 21:37:54,Northwest,services,large,active,
3233,company_03233@example.com,2024-10-18 23:59:33,Volga,ecommerce,large,active,
3234,company_03234@example.com,2022-08-02 17:31:34,Saint Petersburg,entertainment,small,active,
3235,company_03235@example.com,2023-05-24 06:30:23,Central,ecommerce,small,active,
3236,company_03236@example.com,2022-11-20 15:12:44,Moscow,services,medium,active,
3237,company_03237@example.com,2022-09-16 07:52:38,Volga,entertainment,medium,active,
3238,company_03238@example.com,2022-08-25 09:29:46,South,entertainment,small,active,
3239,company_03239@example.com,2022-09-25 10:31:08,Moscow,ecommerce,small,active,
3240,company_03240@example.com,2024-02-12 01:30:06,Saint Petersburg,ecommerce,small,active,
3241,company_03241@example.com,2023-07-15 22:43:18,South,services,small,active,
3242,company_03242@example.com,2023-08-19 11:22:51,Ural,retail,small,active,
3243,company_03243@example.com,2023-10-18 20:13:17,Northwest,travel,small,active,
3244,company_03244@example.com,2024-10-10 18:28:53,Saint Petersburg,education,small,active,
3245,company_03245@example.com,2025-03-24 23:05:27,Siberia,retail,medium,active,
3246,company_03246@example.com,2023-12-22 03:55:57,Moscow,retail,medium,active,
3247,company_03247@example.com,2024-05-28 14:25:53,Moscow,services,large,active,
3248,company_03248@example.com,2024-10-07 08:21:09,South,saas,small,active,
3249,company_03249@example.com,2024-08-02 11:16:37,Central,retail,small,active,
3250,company_03250@example.com,2022-07-03 16:06:58,Ural,ecommerce,small,active,
3251,company_03251@example.com,2025-09-06 17:26:05,Saint Petersburg,retail,small,active,
3252,company_03252@example.com,2022-08-14 11:04:06,Moscow,services,small,active,
3253,company_03253@example.com,2023-07-18 09:38:37,Volga,travel,medium,active,
3254,company_03254@example.com,2024-06-11 18:14:38,Moscow,entertainment,medium,churned,2026-02-01 22:29:45.308273196
3255,company_03255@example.com,2023-07-06 18:55:54,Saint Petersburg,other,medium,active,
3256,company_03256@example.com,2022-11-29 14:28:56,Moscow,education,small,active,
3257,company_03257@example.com,2025-06-17 03:19:39,Saint Petersburg,entertainment,small,active,
3258,company_03258@example.com,2022-04-08 20:27:56,Ural,retail,small,churned,2024-01-17 13:56:20.923012972
3259,company_03259@example.com,2022-12-03 08:35:14,Moscow,services,small,active,
3260,company_03260@example.com,2025-09-20 10:05:22,Volga,services,medium,active,
3261,company_03261@example.com,2024-09-25 09:17:38,Volga,travel,small,active,
3262,company_03262@example.com,2022-04-29 23:36:30,Volga,saas,medium,active,
3263,company_03263@example.com,2024-10-29 06:08:42,Central,retail,small,active,
3264,company_03264@example.com,2025-08-19 06:57:06,South,entertainment,large,active,
3265,company_03265@example.com,2022-05-14 18:34:31,Siberia,entertainment,large,active,
3266,company_03266@example.com,2023-07-21 10:09:10,Moscow,other,small,active,
3267,company_03267@example.com,2023-10-03 12:58:24,Ural,education,medium,active,
3268,company_03268@example.com,2022-06-29 05:24:28,Moscow,other,small,active,
3269,company_03269@example.com,2022-10-02 08:52:01,Central,saas,medium,active,
3270,company_03270@example.com,2022-08-26 16:42:29,Volga,services,medium,active,
3271,company_03271@example.com,2022-09-11 14:14:27,Moscow,education,medium,churned,2026-01-11 09:58:54.207091451
3272,company_03272@example.com,2023-07-07 00:39:33,Moscow,saas,medium,churned,2024-10-02 01:13:46.489027921
3273,company_03273@example.com,2023-09-27 12:24:16,Moscow,travel,small,active,
3274,company_03274@example.com,2022-11-22 13:30:47,Moscow,services,medium,active,
3275,company_03275@example.com,2023-01-31 22:33:22,Volga,other,medium,active,
3276,company_03276@example.com,2022-09-20 23:31:05,Moscow,retail,small,active,
3277,company_03277@example.com,2024-12-25 00:15:23,Ural,services,small,active,
3278,company_03278@example.com,2022-10-17 16:18:44,Siberia,retail,medium,churned,2025-11-19 10:39:54.715842247
3279,company_03279@example.com,2025-05-26 14:29:01,Saint Petersburg,education,small,active,
3280,company_03280@example.com,2024-01-08 03:42:13,Moscow,retail,small,active,
3281,company_03281@example.com,2025-01-03 02:55:22,Central,retail,medium,active,
3282,company_03282@example.com,2024-05-20 14:06:07,Siberia,retail,small,active,
3283,company_03283@example.com,2022-12-30 22:19:32,Central,ecommerce,small,active,
3284,company_03284@example.com,2024-04-02 15:55:24,Moscow,ecommerce,small,churned,2025-07-30 13:12:18.120269075
3285,company_03285@example.com,2023-01-11 00:22:49,Northwest,travel,small,active,
3286,company_03286@example.com,2022-06-12 04:34:43,Central,retail,medium,active,
3287,company_03287@example.com,2022-12-15 11:14:28,Saint Petersburg,ecommerce,small,churned,2024-06-28 01:22:39.711621441
3288,company_03288@example.com,2023-01-13 01:49:43,Siberia,ecommerce,small,active,
3289,company_03289@example.com,2022-07-04 17:34:14,Far East,ecommerce,medium,active,
3290,company_03290@example.com,2022-02-02 07:08:32,Central,ecommerce,medium,active,
3291,company_03291@example.com,2025-07-15 02:47:16,Saint Petersburg,other,medium,active,
3292,company_03292@example.com,2023-12-04 08:40:23,Central,services,small,active,
3293,company_03293@example.com,2023-07-05 00:01:59,Moscow,retail,medium,active,
3294,company_03294@example.com,2025-06-26 04:11:40,Central,services,small,active,
3295,company_03295@example.com,2022-11-04 09:00:17,Moscow,ecommerce,small,active,
3296,company_03296@example.com,2023-07-06 03:02:56,Volga,travel,medium,active,
3297,company_03297@example.com,2025-03-04 05:54:14,Ural,other,medium,active,
3298,company_03298@example.com,2024-05-14 14:52:22,Northwest,ecommerce,small,churned,2025-11-26 14:40:43.062140316
3299,company_03299@example.com,2023-07-01 02:22:48,Siberia,ecommerce,medium,churned,2025-11-10 09:50:04.732796617
3300,company_03300@example.com,2022-12-16 23:20:15,Moscow,services,small,active,
3301,company_03301@example.com,2022-02-18 00:57:18,Moscow,ecommerce,small,active,
3302,company_03302@example.com,2022-04-27 08:26:41,Volga,ecommerce,small,active,
3303,company_03303@example.com,2022-08-10 12:51:56,Saint Petersburg,services,small,active,
3304,company_03304@example.com,2024-12-12 02:17:20,Moscow,services,medium,active,
3305,company_03305@example.com,2024-05-24 11:52:01,Ural,ecommerce,medium,churned,2025-07-16 01:49:26.767332979
3306,company_03306@example.com,2023-08-16 23:37:07,Saint Petersburg,saas,medium,active,
3307,company_03307@example.com,2024-12-07 00:20:45,Moscow,ecommerce,small,active,
3308,company_03308@example.com,2022-08-08 22:46:03,Volga,retail,small,active,
3309,company_03309@example.com,2022-10-16 13:23:52,Northwest,travel,small,active,
3310,company_03310@example.com,2023-06-22 06:05:16,South,services,medium,active,
3311,company_03311@example.com,2025-06-08 23:55:55,Moscow,services,small,active,
3312,company_03312@example.com,2024-04-20 06:28:18,Volga,services,small,active,
3313,company_03313@example.com,2025-03-10 03:56:14,Siberia,services,medium,active,
3314,company_03314@example.com,2022-12-06 11:39:06,Moscow,entertainment,medium,active,
3315,company_03315@example.com,2025-03-06 14:02:12,Volga,services,small,churned,2025-11-22 03:36:18.233996661
3316,company_03316@example.com,2022-04-10 03:39:20,South,retail,small,active,
3317,company_03317@example.com,2022-11-08 10:34:14,South,travel,small,active,
3318,company_03318@example.com,2023-12-17 11:58:12,Moscow,retail,small,active,
3319,company_03319@example.com,2022-03-11 03:11:51,Siberia,travel,small,churned,2024-10-07 03:30:20.965351835
3320,company_03320@example.com,2025-03-20 02:27:23,Saint Petersburg,retail,medium,active,
3321,company_03321@example.com,2025-04-01 15:14:58,Moscow,education,small,active,
3322,company_03322@example.com,2024-01-11 17:26:06,Moscow,travel,small,churned,2025-07-23 18:13:02.678458147
3323,company_03323@example.com,2023-02-23 08:01:59,Central,services,small,active,
3324,company_03324@example.com,2022-05-16 09:11:00,Moscow,ecommerce,small,active,
3325,company_03325@example.com,2024-04-26 16:15:45,Ural,education,small,active,
3326,company_03326@example.com,2024-01-06 12:49:48,Siberia,saas,small,active,
3327,company_03327@example.com,2024-11-05 15:13:57,Moscow,other,small,active,
3328,company_03328@example.com,2024-04-04 06:25:25,Ural,education,small,active,
3329,company_03329@example.com,2022-06-25 12:07:27,Northwest,ecommerce,medium,active,
3330,company_03330@example.com,2022-06-16 13:46:54,Moscow,retail,large,active,
3331,company_03331@example.com,2024-12-04 04:29:05,South,education,small,churned,2025-09-30 02:02:29.635744458
3332,company_03332@example.com,2025-07-07 21:12:29,Northwest,ecommerce,small,active,
3333,company_03333@example.com,2022-05-25 22:27:49,Ural,saas,medium,active,
3334,company_03334@example.com,2024-09-23 10:00:24,Volga,services,large,active,
3335,company_03335@example.com,2025-08-27 02:46:59,Siberia,retail,medium,active,
3336,company_03336@example.com,2023-08-27 14:13:30,South,retail,small,active,
3337,company_03337@example.com,2022-03-19 14:02:23,Saint Petersburg,ecommerce,small,active,
3338,company_03338@example.com,2025-04-14 07:05:47,Moscow,education,small,active,
3339,company_03339@example.com,2022-09-14 05:39:42,Volga,education,medium,active,
3340,company_03340@example.com,2023-12-23 13:29:20,Saint Petersburg,retail,small,active,
3341,company_03341@example.com,2025-09-08 20:16:57,Saint Petersburg,services,small,active,
3342,company_03342@example.com,2024-10-15 20:19:08,Moscow,retail,small,active,
3343,company_03343@example.com,2022-03-05 08:40:03,Siberia,services,small,active,
3344,company_03344@example.com,2025-01-27 10:51:04,South,entertainment,small,active,
3345,company_03345@example.com,2022-08-09 13:53:36,Saint Petersburg,retail,small,active,
3346,company_03346@example.com,2024-10-22 02:45:11,Moscow,retail,small,active,
3347,company_03347@example.com,2024-04-29 11:12:17,Moscow,saas,medium,active,
3348,company_03348@example.com,2023-01-29 18:51:04,Moscow,retail,medium,active,
3349,company_03349@example.com,2023-08-03 11:56:35,Volga,education,small,active,
3350,company_03350@example.com,2022-06-11 05:03:03,Moscow,saas,medium,churned,2025-07-12 17:49:23.103481665
3351,company_03351@example.com,2025-09-11 22:05:55,Northwest,services,medium,churned,2026-03-07 07:30:57.658425865
3352,company_03352@example.com,2022-11-23 01:07:50,Saint Petersburg,other,small,active,
3353,company_03353@example.com,2023-02-27 06:31:35,Moscow,education,small,active,
3354,company_03354@example.com,2023-11-19 22:23:23,Siberia,education,small,active,
3355,company_03355@example.com,2024-07-08 19:35:41,Saint Petersburg,ecommerce,small,churned,2025-07-22 13:28:46.547821824
3356,company_03356@example.com,2023-11-23 05:15:06,Saint Petersburg,ecommerce,small,active,
3357,company_03357@example.com,2023-11-23 00:43:42,Moscow,services,small,active,
3358,company_03358@example.com,2024-03-08 01:22:45,South,ecommerce,small,active,
3359,company_03359@example.com,2025-03-19 07:53:28,Saint Petersburg,education,small,active,
3360,company_03360@example.com,2023-06-25 11:59:00,Ural,retail,small,active,
3361,company_03361@example.com,2025-02-12 08:30:21,Volga,ecommerce,small,active,
3362,company_03362@example.com,2024-12-12 11:13:04,Siberia,education,medium,active,
3363,company_03363@example.com,2025-08-07 15:45:40,Volga,services,small,active,
3364,company_03364@example.com,2025-06-03 04:39:50,Ural,retail,small,churned,2026-02-24 13:31:44.394829817
3365,company_03365@example.com,2024-12-27 21:50:59,South,saas,small,active,
3366,company_03366@example.com,2022-12-04 12:28:37,Central,ecommerce,medium,active,
3367,company_03367@example.com,2024-11-25 05:44:05,South,ecommerce,large,active,
3368,company_03368@example.com,2024-10-04 13:31:48,South,other,small,active,
3369,company_03369@example.com,2023-02-01 00:54:47,Moscow,entertainment,small,active,
3370,company_03370@example.com,2024-07-16 11:10:18,South,retail,small,active,
3371,company_03371@example.com,2022-12-13 01:29:22,Saint Petersburg,retail,small,active,
3372,company_03372@example.com,2023-12-17 14:06:26,Volga,saas,medium,active,
3373,company_03373@example.com,2024-12-25 22:53:11,Moscow,services,small,churned,2026-05-25 17:25:09.073098421
3374,company_03374@example.com,2022-09-15 21:49:28,Moscow,ecommerce,large,active,
3375,company_03375@example.com,2023-04-06 22:50:05,Moscow,ecommerce,small,active,
3376,company_03376@example.com,2024-12-23 21:03:55,Moscow,ecommerce,small,active,
3377,company_03377@example.com,2023-09-13 18:53:10,Moscow,saas,medium,active,
3378,company_03378@example.com,2025-08-07 03:16:55,Moscow,services,small,active,
3379,company_03379@example.com,2022-01-11 21:21:26,Volga,retail,medium,active,
3380,company_03380@example.com,2024-09-14 11:19:49,Central,ecommerce,small,active,
3381,company_03381@example.com,2025-01-18 19:45:25,Northwest,ecommerce,medium,active,
3382,company_03382@example.com,2025-06-09 15:10:45,Ural,travel,small,churned,2025-12-07 23:44:53.885485600
3383,company_03383@example.com,2022-08-03 10:33:27,Moscow,entertainment,small,churned,2023-09-23 12:59:53.052012052
3384,company_03384@example.com,2025-09-08 08:46:14,Central,services,medium,active,
3385,company_03385@example.com,2023-06-21 15:16:35,Central,saas,small,active,
3386,company_03386@example.com,2023-04-27 14:31:39,Saint Petersburg,retail,small,active,
3387,company_03387@example.com,2023-05-02 09:09:47,Central,services,medium,active,
3388,company_03388@example.com,2024-05-23 02:09:20,South,education,small,active,
3389,company_03389@example.com,2024-06-20 21:55:22,South,ecommerce,medium,churned,2025-01-31 02:46:07.000918068
3390,company_03390@example.com,2023-10-11 08:09:34,Saint Petersburg,education,small,active,
3391,company_03391@example.com,2022-04-08 04:15:42,South,saas,small,churned,2025-03-24 03:22:08.828878582
3392,company_03392@example.com,2025-09-11 16:59:42,Saint Petersburg,ecommerce,small,active,
3393,company_03393@example.com,2022-10-31 20:04:20,Siberia,education,small,active,
3394,company_03394@example.com,2022-05-09 07:53:54,Northwest,entertainment,large,active,
3395,company_03395@example.com,2024-03-28 05:15:50,Saint Petersburg,saas,small,active,
3396,company_03396@example.com,2023-07-19 03:05:35,Ural,education,small,active,
3397,company_03397@example.com,2024-04-22 02:18:09,Ural,ecommerce,small,active,
3398,company_03398@example.com,2025-04-12 17:41:52,Central,saas,small,active,
3399,company_03399@example.com,2022-05-14 03:21:43,Moscow,ecommerce,small,active,
3400,company_03400@example.com,2023-01-24 13:58:21,Ural,retail,medium,active,
3401,company_03401@example.com,2023-12-08 16:04:33,Central,ecommerce,medium,active,
3402,company_03402@example.com,2024-12-13 16:48:53,Moscow,education,medium,active,
3403,company_03403@example.com,2024-04-01 16:18:40,Volga,services,small,churned,2025-05-27 06:25:39.533767577
3404,company_03404@example.com,2023-06-08 15:32:12,Central,saas,small,active,
3405,company_03405@example.com,2024-04-14 13:31:53,Moscow,education,small,active,
3406,company_03406@example.com,2025-09-02 14:39:19,Northwest,other,medium,active,
3407,company_03407@example.com,2023-10-19 17:07:09,Moscow,services,small,active,
3408,company_03408@example.com,2025-04-23 16:03:05,Volga,services,small,active,
3409,company_03409@example.com,2024-12-02 23:31:23,South,ecommerce,small,active,
3410,company_03410@example.com,2023-02-17 04:56:59,Moscow,ecommerce,medium,active,
3411,company_03411@example.com,2022-12-08 07:41:08,South,services,medium,active,
3412,company_03412@example.com,2024-11-19 14:58:49,South,travel,medium,active,
3413,company_03413@example.com,2022-10-11 19:58:25,Central,ecommerce,small,active,
3414,company_03414@example.com,2023-04-06 19:40:26,Volga,education,large,active,
3415,company_03415@example.com,2022-11-19 00:33:01,Northwest,retail,small,active,
3416,company_03416@example.com,2024-04-09 12:06:17,Far East,education,small,active,
3417,company_03417@example.com,2023-02-07 09:11:48,Moscow,ecommerce,small,active,
3418,company_03418@example.com,2024-06-19 19:14:26,Saint Petersburg,ecommerce,small,active,
3419,company_03419@example.com,2025-07-02 20:48:18,Volga,retail,small,churned,2026-01-21 07:16:32.359996010
3420,company_03420@example.com,2025-02-08 21:16:35,Far East,saas,small,active,
3421,company_03421@example.com,2025-07-20 19:13:21,Ural,saas,small,active,
3422,company_03422@example.com,2023-09-16 01:30:28,Central,ecommerce,small,active,
3423,company_03423@example.com,2022-10-29 04:13:25,Siberia,ecommerce,medium,active,
3424,company_03424@example.com,2025-06-09 15:27:26,Saint Petersburg,education,medium,active,
3425,company_03425@example.com,2024-08-31 21:41:07,Saint Petersburg,retail,small,active,
3426,company_03426@example.com,2023-03-15 01:29:47,Volga,saas,small,active,
3427,company_03427@example.com,2024-02-10 21:35:41,Saint Petersburg,education,medium,active,
3428,company_03428@example.com,2024-04-08 05:32:56,Volga,saas,small,active,
3429,company_03429@example.com,2023-11-09 23:42:21,Central,ecommerce,small,active,
3430,company_03430@example.com,2023-10-11 21:55:54,Ural,other,small,active,
3431,company_03431@example.com,2022-03-17 12:39:11,Northwest,travel,small,active,
3432,company_03432@example.com,2023-09-11 23:13:38,Saint Petersburg,travel,small,active,
3433,company_03433@example.com,2023-04-22 10:35:37,Volga,other,small,active,
3434,company_03434@example.com,2025-01-24 08:47:45,South,education,small,active,
3435,company_03435@example.com,2025-03-29 10:58:14,Moscow,ecommerce,small,active,
3436,company_03436@example.com,2024-10-23 13:39:21,Ural,education,small,active,
3437,company_03437@example.com,2022-02-12 06:16:25,Volga,saas,small,active,
3438,company_03438@example.com,2025-02-24 19:09:53,Moscow,saas,small,active,
3439,company_03439@example.com,2023-06-27 07:47:40,Siberia,education,small,active,
3440,company_03440@example.com,2023-07-24 14:13:22,Central,travel,small,active,
3441,company_03441@example.com,2025-07-16 23:06:30,Moscow,retail,small,active,
3442,company_03442@example.com,2025-04-01 11:02:55,Moscow,ecommerce,small,active,
3443,company_03443@example.com,2022-03-11 14:30:58,Ural,services,small,active,
3444,company_03444@example.com,2023-05-08 06:01:56,Far East,education,small,active,
3445,company_03445@example.com,2024-10-22 14:20:21,Saint Petersburg,ecommerce,small,active,
3446,company_03446@example.com,2024-01-08 03:25:38,Moscow,travel,small,active,
3447,company_03447@example.com,2022-12-19 09:56:14,Moscow,services,small,active,
3448,company_03448@example.com,2023-12-19 21:27:48,South,education,medium,active,
3449,company_03449@example.com,2025-03-31 12:30:04,Saint Petersburg,ecommerce,small,churned,2025-09-29 20:47:22.064699253
3450,company_03450@example.com,2022-11-02 11:02:05,Central,retail,medium,active,
3451,company_03451@example.com,2024-10-17 14:54:13,Saint Petersburg,services,small,active,
3452,company_03452@example.com,2024-10-02 03:40:14,Central,saas,small,active,
3453,company_03453@example.com,2025-04-26 15:28:19,South,ecommerce,medium,active,
3454,company_03454@example.com,2023-02-12 14:01:00,Volga,saas,small,active,
3455,company_03455@example.com,2022-10-23 09:14:33,Moscow,saas,small,active,
3456,company_03456@example.com,2024-01-20 04:35:52,Central,saas,small,active,
3457,company_03457@example.com,2023-12-28 19:24:13,Central,services,large,active,
3458,company_03458@example.com,2023-07-15 05:51:01,Volga,retail,large,active,
3459,company_03459@example.com,2024-12-02 00:59:26,Moscow,saas,small,active,
3460,company_03460@example.com,2024-12-29 02:21:48,Moscow,education,medium,active,
3461,company_03461@example.com,2022-12-03 02:48:50,Volga,ecommerce,small,active,
3462,company_03462@example.com,2024-12-24 06:49:38,Saint Petersburg,retail,small,active,
3463,company_03463@example.com,2022-11-12 15:51:45,Volga,education,small,active,
3464,company_03464@example.com,2023-07-12 15:25:57,Saint Petersburg,education,small,active,
3465,company_03465@example.com,2022-02-07 04:26:37,Moscow,entertainment,small,active,
3466,company_03466@example.com,2023-04-11 15:48:56,South,retail,medium,active,
3467,company_03467@example.com,2025-08-04 05:58:26,Central,retail,small,churned,2026-05-11 10:22:05.223432282
3468,company_03468@example.com,2023-08-29 10:12:32,Moscow,other,small,active,
3469,company_03469@example.com,2024-08-29 07:16:27,Ural,retail,small,active,
3470,company_03470@example.com,2022-05-28 15:27:05,Central,ecommerce,small,churned,2024-05-12 23:35:35.426795550
3471,company_03471@example.com,2024-05-19 10:43:03,Far East,saas,small,active,
3472,company_03472@example.com,2023-05-24 07:33:28,Moscow,other,large,active,
3473,company_03473@example.com,2024-10-14 18:50:05,Siberia,services,small,active,
3474,company_03474@example.com,2025-06-23 12:43:32,Ural,retail,small,active,
3475,company_03475@example.com,2023-12-29 05:54:55,Moscow,services,medium,active,
3476,company_03476@example.com,2022-05-21 16:02:22,Volga,saas,large,active,
3477,company_03477@example.com,2023-10-14 08:25:32,South,entertainment,medium,active,
3478,company_03478@example.com,2022-06-18 09:54:30,Central,ecommerce,small,active,
3479,company_03479@example.com,2023-09-07 23:02:33,Central,saas,small,active,
3480,company_03480@example.com,2022-03-25 15:34:44,Far East,services,small,active,
3481,company_03481@example.com,2024-05-26 02:54:00,South,ecommerce,medium,active,
3482,company_03482@example.com,2023-03-01 16:42:49,Northwest,ecommerce,medium,active,
3483,company_03483@example.com,2022-10-03 16:47:46,Siberia,ecommerce,medium,active,
3484,company_03484@example.com,2022-01-24 16:06:37,Ural,other,small,active,
3485,company_03485@example.com,2025-04-29 20:44:35,South,education,small,churned,2026-02-11 16:04:57.987104774
3486,company_03486@example.com,2025-02-19 06:48:48,South,travel,small,active,
3487,company_03487@example.com,2025-01-15 11:27:13,Siberia,ecommerce,small,active,
3488,company_03488@example.com,2022-03-21 12:44:52,Volga,saas,small,active,
3489,company_03489@example.com,2023-04-24 04:52:20,Moscow,education,small,churned,2023-12-14 04:08:35.018009372
3490,company_03490@example.com,2025-08-21 19:20:47,Volga,entertainment,small,active,
3491,company_03491@example.com,2024-03-02 12:54:01,Moscow,education,medium,active,
3492,company_03492@example.com,2022-06-25 18:45:54,Far East,saas,medium,active,
3493,company_03493@example.com,2022-07-12 22:12:29,South,services,medium,active,
3494,company_03494@example.com,2022-12-26 22:28:42,Volga,education,medium,active,
3495,company_03495@example.com,2025-08-23 04:04:19,Moscow,other,medium,active,
3496,company_03496@example.com,2022-08-21 00:41:42,Volga,education,small,active,
3497,company_03497@example.com,2025-05-20 03:46:21,Saint Petersburg,entertainment,small,active,
3498,company_03498@example.com,2024-07-16 12:32:11,South,ecommerce,small,active,
3499,company_03499@example.com,2025-06-15 03:44:20,Volga,services,small,active,
3500,company_03500@example.com,2025-02-03 23:39:07,Central,entertainment,small,active,
3501,company_03501@example.com,2023-03-31 09:34:37,Saint Petersburg,entertainment,medium,active,
3502,company_03502@example.com,2025-02-06 13:27:46,Volga,education,medium,churned,2025-07-15 06:17:52.046791737
3503,company_03503@example.com,2022-08-20 09:01:50,Central,education,large,active,
3504,company_03504@example.com,2023-02-03 01:06:06,Siberia,saas,large,active,
3505,company_03505@example.com,2022-10-17 16:54:13,Siberia,retail,medium,active,
3506,company_03506@example.com,2022-07-02 04:11:15,Ural,other,small,active,
3507,company_03507@example.com,2022-05-04 02:55:32,Saint Petersburg,retail,medium,active,
3508,company_03508@example.com,2022-09-14 08:41:30,Moscow,ecommerce,medium,active,
3509,company_03509@example.com,2022-06-14 07:28:19,Far East,saas,medium,active,
3510,company_03510@example.com,2023-06-05 10:06:55,Northwest,retail,small,churned,2023-12-07 19:03:51.144541234
3511,company_03511@example.com,2022-04-08 13:04:13,Moscow,retail,small,active,
3512,company_03512@example.com,2022-03-25 19:50:14,South,retail,large,active,
3513,company_03513@example.com,2025-09-16 01:52:15,Central,other,small,active,
3514,company_03514@example.com,2022-04-30 23:10:48,Moscow,services,small,active,
3515,company_03515@example.com,2022-04-12 07:27:42,Northwest,other,small,active,
3516,company_03516@example.com,2022-02-11 04:26:36,Far East,retail,small,active,
3517,company_03517@example.com,2022-07-01 07:37:17,Northwest,retail,small,active,
3518,company_03518@example.com,2023-12-24 04:38:28,Moscow,ecommerce,large,active,
3519,company_03519@example.com,2025-02-05 16:25:22,Central,education,medium,active,
3520,company_03520@example.com,2024-10-02 07:59:32,Siberia,ecommerce,medium,active,
3521,company_03521@example.com,2024-03-04 18:26:48,South,ecommerce,small,active,
3522,company_03522@example.com,2022-04-27 07:31:39,Central,education,small,active,
3523,company_03523@example.com,2024-11-25 09:39:56,Volga,travel,small,active,
3524,company_03524@example.com,2022-02-20 23:02:11,Moscow,education,small,active,
3525,company_03525@example.com,2024-05-13 02:06:10,Volga,education,small,active,
3526,company_03526@example.com,2023-07-14 23:11:04,Siberia,education,medium,active,
3527,company_03527@example.com,2025-04-21 19:34:18,Moscow,education,large,active,
3528,company_03528@example.com,2023-02-25 16:55:34,Moscow,saas,small,active,
3529,company_03529@example.com,2024-05-23 10:09:57,Volga,saas,small,active,
3530,company_03530@example.com,2023-08-25 21:54:58,Volga,saas,small,active,
3531,company_03531@example.com,2023-12-16 06:24:39,Saint Petersburg,ecommerce,small,active,
3532,company_03532@example.com,2025-07-08 06:36:49,Moscow,education,small,active,
3533,company_03533@example.com,2024-09-02 00:59:52,Ural,saas,small,active,
3534,company_03534@example.com,2023-07-22 02:42:06,Moscow,other,small,churned,2024-10-23 11:58:33.271229759
3535,company_03535@example.com,2023-09-05 00:47:55,South,services,small,active,
3536,company_03536@example.com,2024-08-21 20:29:15,Volga,education,medium,active,
3537,company_03537@example.com,2023-04-19 09:58:02,Central,travel,small,active,
3538,company_03538@example.com,2022-08-18 15:06:33,Volga,other,small,active,
3539,company_03539@example.com,2023-10-02 17:57:55,South,education,small,active,
3540,company_03540@example.com,2022-04-04 07:57:57,Volga,ecommerce,small,active,
3541,company_03541@example.com,2022-08-21 04:03:12,Volga,saas,small,active,
3542,company_03542@example.com,2023-07-30 12:41:54,Central,travel,medium,active,
3543,company_03543@example.com,2024-12-25 17:02:34,Central,ecommerce,medium,churned,2025-10-31 11:23:36.292020345
3544,company_03544@example.com,2024-12-04 23:29:58,Central,retail,small,active,
3545,company_03545@example.com,2022-12-23 15:25:35,Central,services,small,active,
3546,company_03546@example.com,2023-08-01 04:44:13,Central,travel,small,active,
3547,company_03547@example.com,2022-07-30 00:44:51,Moscow,saas,small,active,
3548,company_03548@example.com,2024-10-30 04:10:35,South,ecommerce,small,active,
3549,company_03549@example.com,2022-12-04 00:14:12,Moscow,ecommerce,medium,active,
3550,company_03550@example.com,2024-12-29 18:02:55,Siberia,travel,small,active,
3551,company_03551@example.com,2025-02-25 22:50:49,Volga,ecommerce,small,active,
3552,company_03552@example.com,2024-07-31 16:02:32,Moscow,education,small,active,
3553,company_03553@example.com,2023-03-28 17:10:08,South,services,small,active,
3554,company_03554@example.com,2025-07-27 13:54:45,Saint Petersburg,retail,medium,active,
3555,company_03555@example.com,2024-07-27 12:23:21,Far East,saas,small,churned,2025-04-08 15:24:00.888121391
3556,company_03556@example.com,2024-06-02 12:12:11,Far East,ecommerce,small,active,
3557,company_03557@example.com,2025-03-17 13:38:27,Siberia,saas,small,active,
3558,company_03558@example.com,2025-04-20 20:23:48,Volga,services,medium,active,
3559,company_03559@example.com,2022-04-17 08:30:46,Far East,education,small,active,
3560,company_03560@example.com,2025-04-20 22:58:03,South,entertainment,small,churned,2025-11-26 15:07:21.656012218
3561,company_03561@example.com,2024-11-12 13:16:52,Siberia,ecommerce,small,active,
3562,company_03562@example.com,2022-10-10 12:31:42,Moscow,saas,small,active,
3563,company_03563@example.com,2023-02-25 21:16:21,Siberia,ecommerce,medium,active,
3564,company_03564@example.com,2024-10-26 15:30:11,South,other,small,active,
3565,company_03565@example.com,2022-10-24 08:08:43,Saint Petersburg,ecommerce,small,active,
3566,company_03566@example.com,2023-09-11 21:41:16,Northwest,services,small,active,
3567,company_03567@example.com,2024-07-31 10:00:44,South,ecommerce,small,active,
3568,company_03568@example.com,2024-06-08 20:52:23,Siberia,retail,small,active,
3569,company_03569@example.com,2025-05-29 14:26:33,Moscow,ecommerce,medium,active,
3570,company_03570@example.com,2022-06-02 13:58:53,Volga,ecommerce,small,active,
3571,company_03571@example.com,2023-02-08 14:04:14,South,ecommerce,small,active,
3572,company_03572@example.com,2025-09-09 07:33:29,Moscow,ecommerce,small,active,
3573,company_03573@example.com,2024-02-18 03:57:05,Ural,travel,medium,active,
3574,company_03574@example.com,2022-12-07 05:32:53,South,education,small,active,
3575,company_03575@example.com,2023-02-01 11:50:01,Saint Petersburg,ecommerce,small,active,
3576,company_03576@example.com,2023-04-10 01:01:36,South,other,small,active,
3577,company_03577@example.com,2024-01-29 06:18:15,Moscow,services,small,active,
3578,company_03578@example.com,2023-01-25 06:05:26,Ural,retail,large,churned,2023-06-01 03:37:04.109992378
3579,company_03579@example.com,2024-04-30 16:58:27,Siberia,education,small,active,
3580,company_03580@example.com,2023-09-02 03:01:06,Central,education,small,churned,2024-11-04 17:47:57.350288007
3581,company_03581@example.com,2024-04-14 22:31:53,Volga,services,small,active,
3582,company_03582@example.com,2022-08-01 04:56:16,Central,saas,small,active,
3583,company_03583@example.com,2024-05-03 00:16:27,Saint Petersburg,services,small,active,
3584,company_03584@example.com,2025-06-19 01:07:02,Siberia,other,small,active,
3585,company_03585@example.com,2022-07-04 18:56:23,Saint Petersburg,travel,small,churned,2023-04-06 10:50:56.692383718
3586,company_03586@example.com,2023-03-24 22:36:58,Central,other,medium,active,
3587,company_03587@example.com,2024-08-06 18:19:14,Saint Petersburg,services,medium,active,
3588,company_03588@example.com,2024-04-24 14:37:21,South,services,small,active,
3589,company_03589@example.com,2024-07-12 01:24:13,Ural,travel,large,active,
3590,company_03590@example.com,2024-02-05 11:37:24,Moscow,travel,large,active,
3591,company_03591@example.com,2024-07-22 18:43:59,Saint Petersburg,ecommerce,small,active,
3592,company_03592@example.com,2024-04-13 15:24:22,Moscow,ecommerce,small,active,
3593,company_03593@example.com,2022-04-12 07:53:03,Moscow,ecommerce,small,active,
3594,company_03594@example.com,2024-10-24 18:08:24,Central,retail,small,active,
3595,company_03595@example.com,2023-09-04 06:36:46,Ural,entertainment,small,active,
3596,company_03596@example.com,2022-03-12 09:13:56,Volga,travel,small,churned,2023-01-08 18:28:16.315144030
3597,company_03597@example.com,2023-07-14 13:26:29,Moscow,ecommerce,large,active,
3598,company_03598@example.com,2023-08-19 07:49:10,Volga,education,small,active,
3599,company_03599@example.com,2022-04-29 14:54:41,Ural,retail,medium,active,
3600,company_03600@example.com,2025-09-24 15:34:13,Central,saas,small,active,
3601,company_03601@example.com,2022-11-01 04:47:01,Moscow,entertainment,small,active,
3602,company_03602@example.com,2023-03-29 08:09:26,Ural,ecommerce,medium,active,
3603,company_03603@example.com,2023-08-27 05:41:06,Moscow,retail,small,active,
3604,company_03604@example.com,2025-02-12 20:50:27,Ural,other,small,active,
3605,company_03605@example.com,2024-10-13 07:05:59,Ural,services,small,active,
3606,company_03606@example.com,2024-11-20 16:15:34,Siberia,saas,medium,active,
3607,company_03607@example.com,2022-11-21 07:13:19,Moscow,retail,small,churned,2023-03-26 13:23:46.255627598
3608,company_03608@example.com,2025-03-02 13:18:32,Moscow,ecommerce,small,active,
3609,company_03609@example.com,2025-02-09 02:20:56,Siberia,services,small,active,
3610,company_03610@example.com,2023-09-27 13:25:12,Central,ecommerce,small,active,
3611,company_03611@example.com,2024-01-17 15:38:57,Central,saas,small,active,
3612,company_03612@example.com,2022-02-20 19:22:52,Volga,travel,small,churned,2025-03-19 17:30:35.923608869
3613,company_03613@example.com,2024-11-06 06:09:53,Moscow,retail,small,active,
3614,company_03614@example.com,2025-08-07 13:00:35,South,education,small,active,
3615,company_03615@example.com,2023-10-09 10:57:28,Far East,saas,small,active,
3616,company_03616@example.com,2024-01-10 09:44:30,South,other,medium,active,
3617,company_03617@example.com,2023-11-14 21:32:41,Central,retail,small,active,
3618,company_03618@example.com,2022-04-24 01:23:43,Northwest,saas,small,active,
3619,company_03619@example.com,2024-04-27 18:37:37,South,ecommerce,small,active,
3620,company_03620@example.com,2024-09-13 22:30:16,Moscow,entertainment,large,active,
3621,company_03621@example.com,2025-06-23 11:07:51,South,services,small,active,
3622,company_03622@example.com,2025-06-25 22:43:54,Moscow,ecommerce,small,active,
3623,company_03623@example.com,2023-11-04 19:11:26,Saint Petersburg,travel,small,active,
3624,company_03624@example.com,2025-08-04 21:21:06,Volga,travel,small,active,
3625,company_03625@example.com,2023-12-25 04:53:03,Moscow,travel,small,active,
3626,company_03626@example.com,2024-05-28 07:35:50,Moscow,retail,small,active,
3627,company_03627@example.com,2024-04-03 12:45:51,Volga,travel,small,churned,2026-04-15 03:13:06.855313666
3628,company_03628@example.com,2025-09-28 04:43:45,Saint Petersburg,saas,small,churned,2026-04-13 18:25:35.244029789
3629,company_03629@example.com,2024-10-05 22:05:49,Volga,retail,small,active,
3630,company_03630@example.com,2022-06-14 03:59:37,Saint Petersburg,ecommerce,medium,churned,2023-02-16 19:27:08.522379672
3631,company_03631@example.com,2022-04-09 06:59:24,South,entertainment,small,churned,2026-05-16 14:01:57.872780204
3632,company_03632@example.com,2023-07-15 17:12:18,Siberia,services,medium,churned,2026-05-08 06:53:42.414719582
3633,company_03633@example.com,2023-12-07 11:02:59,Moscow,education,medium,active,
3634,company_03634@example.com,2024-07-03 16:14:55,Ural,entertainment,medium,churned,2025-07-28 12:45:08.280062370
3635,company_03635@example.com,2023-10-21 19:36:54,Moscow,ecommerce,medium,churned,2024-05-18 14:01:14.014774663
3636,company_03636@example.com,2023-12-06 00:41:12,Saint Petersburg,saas,small,active,
3637,company_03637@example.com,2025-06-14 20:45:41,Saint Petersburg,education,small,active,
3638,company_03638@example.com,2023-04-04 02:44:13,Moscow,ecommerce,small,active,
3639,company_03639@example.com,2023-11-07 02:48:28,Moscow,other,small,churned,2025-10-15 03:44:33.871529154
3640,company_03640@example.com,2024-02-02 12:04:19,Ural,saas,small,active,
3641,company_03641@example.com,2023-10-03 15:53:59,Ural,ecommerce,small,active,
3642,company_03642@example.com,2025-08-17 09:19:26,Northwest,entertainment,small,active,
3643,company_03643@example.com,2025-08-09 06:57:00,Far East,other,large,active,
3644,company_03644@example.com,2023-12-03 22:47:19,Central,saas,medium,active,
3645,company_03645@example.com,2023-09-09 09:19:35,Moscow,ecommerce,small,active,
3646,company_03646@example.com,2024-03-16 17:01:34,Moscow,ecommerce,small,active,
3647,company_03647@example.com,2022-09-05 10:47:51,Volga,travel,small,active,
3648,company_03648@example.com,2023-08-06 17:48:23,Siberia,entertainment,medium,active,
3649,company_03649@example.com,2022-10-24 17:47:24,Saint Petersburg,ecommerce,small,active,
3650,company_03650@example.com,2022-07-17 01:27:25,Moscow,education,small,churned,2026-04-11 03:24:45.709642932
3651,company_03651@example.com,2022-05-11 05:11:50,Central,ecommerce,small,active,
3652,company_03652@example.com,2024-03-14 02:35:56,Siberia,education,small,active,
3653,company_03653@example.com,2022-01-01 18:39:10,Central,services,medium,active,
3654,company_03654@example.com,2024-06-02 23:08:39,South,ecommerce,large,churned,2026-01-16 15:54:23.172613263
3655,company_03655@example.com,2023-08-14 21:38:23,Central,services,small,active,
3656,company_03656@example.com,2023-05-17 08:21:38,Saint Petersburg,services,small,active,
3657,company_03657@example.com,2024-11-18 07:46:20,Central,education,small,active,
3658,company_03658@example.com,2024-01-08 00:14:00,Ural,entertainment,small,active,
3659,company_03659@example.com,2024-09-30 09:10:12,Ural,ecommerce,large,active,
3660,company_03660@example.com,2024-08-28 13:27:49,Central,ecommerce,medium,active,
3661,company_03661@example.com,2022-02-13 23:31:07,Saint Petersburg,education,small,active,
3662,company_03662@example.com,2022-10-22 19:02:36,Moscow,services,small,active,
3663,company_03663@example.com,2024-02-19 17:40:43,Moscow,retail,small,active,
3664,company_03664@example.com,2025-08-27 13:07:42,Moscow,other,small,active,
3665,company_03665@example.com,2022-07-31 01:25:24,Moscow,retail,small,churned,2025-02-04 00:02:47.677287117
3666,company_03666@example.com,2022-05-25 09:41:02,South,retail,medium,active,
3667,company_03667@example.com,2025-07-11 09:24:59,Ural,saas,small,active,
3668,company_03668@example.com,2025-08-15 14:02:31,South,entertainment,small,churned,2026-03-26 10:59:55.942164758
3669,company_03669@example.com,2022-08-17 22:55:39,South,services,medium,active,
3670,company_03670@example.com,2023-07-04 12:52:23,Northwest,ecommerce,medium,active,
3671,company_03671@example.com,2024-05-07 05:49:07,Northwest,retail,small,active,
3672,company_03672@example.com,2022-09-25 01:43:16,Saint Petersburg,ecommerce,small,active,
3673,company_03673@example.com,2023-03-23 07:03:28,Moscow,education,small,active,
3674,company_03674@example.com,2023-06-25 18:07:06,Moscow,services,medium,active,
3675,company_03675@example.com,2024-05-27 15:44:29,Siberia,retail,small,churned,2026-05-17 10:56:56.149749003
3676,company_03676@example.com,2023-02-26 10:22:02,Moscow,services,small,active,
3677,company_03677@example.com,2023-07-18 23:16:27,Saint Petersburg,travel,small,active,
3678,company_03678@example.com,2023-02-01 03:35:33,Volga,retail,small,active,
3679,company_03679@example.com,2024-11-05 04:36:02,Volga,ecommerce,small,active,
3680,company_03680@example.com,2022-07-29 08:26:32,Volga,saas,medium,churned,2023-02-28 01:33:38.476089773
3681,company_03681@example.com,2022-11-12 13:39:25,Ural,ecommerce,small,active,
3682,company_03682@example.com,2022-12-08 23:39:25,Volga,ecommerce,small,active,
3683,company_03683@example.com,2025-05-24 02:57:29,Siberia,ecommerce,large,churned,2025-10-28 19:01:49.681290164
3684,company_03684@example.com,2025-07-16 01:02:46,Moscow,services,small,active,
3685,company_03685@example.com,2023-11-16 06:52:59,Siberia,services,small,churned,2026-01-14 12:19:14.145396113
3686,company_03686@example.com,2022-08-02 22:56:08,Volga,services,small,active,
3687,company_03687@example.com,2024-10-31 08:03:00,Moscow,retail,small,active,
3688,company_03688@example.com,2023-11-05 04:19:21,Northwest,education,small,churned,2024-06-30 20:33:18.869572176
3689,company_03689@example.com,2025-03-08 10:20:29,Far East,ecommerce,medium,active,
3690,company_03690@example.com,2023-05-08 11:20:23,Siberia,saas,small,active,
3691,company_03691@example.com,2025-09-28 09:32:27,Far East,other,small,active,
3692,company_03692@example.com,2025-01-08 23:32:05,Central,services,small,active,
3693,company_03693@example.com,2022-11-03 08:35:02,Moscow,retail,medium,churned,2024-05-30 10:14:44.889702685
3694,company_03694@example.com,2024-09-19 13:07:07,Moscow,saas,small,active,
3695,company_03695@example.com,2023-01-28 11:15:06,Siberia,ecommerce,medium,active,
3696,company_03696@example.com,2023-04-24 12:22:14,Ural,retail,small,active,
3697,company_03697@example.com,2022-12-09 14:13:08,Northwest,other,small,churned,2024-02-25 20:50:23.161957934
3698,company_03698@example.com,2024-07-22 06:38:08,Siberia,ecommerce,small,active,
3699,company_03699@example.com,2022-12-26 14:35:29,Volga,ecommerce,small,churned,2024-01-26 00:56:42.894999474
3700,company_03700@example.com,2024-05-23 21:03:11,Moscow,services,small,active,
3701,company_03701@example.com,2024-03-07 18:49:32,Moscow,services,medium,active,
3702,company_03702@example.com,2024-10-24 02:13:51,Central,services,small,active,
3703,company_03703@example.com,2025-09-21 03:19:53,Ural,ecommerce,small,active,
3704,company_03704@example.com,2022-01-13 01:35:18,Moscow,travel,small,active,
3705,company_03705@example.com,2025-09-16 16:48:36,Far East,retail,small,active,
3706,company_03706@example.com,2022-05-30 14:17:35,South,other,small,churned,2022-11-01 02:22:40.841686459
3707,company_03707@example.com,2023-12-22 15:01:07,Saint Petersburg,ecommerce,small,active,
3708,company_03708@example.com,2023-04-12 08:05:38,Siberia,ecommerce,small,churned,2025-03-12 13:17:30.469325997
3709,company_03709@example.com,2024-05-24 04:32:28,Volga,services,small,active,
3710,company_03710@example.com,2024-09-14 08:03:29,South,ecommerce,small,active,
3711,company_03711@example.com,2025-03-22 10:33:10,Central,services,small,active,
3712,company_03712@example.com,2023-07-04 21:47:39,Central,ecommerce,small,active,
3713,company_03713@example.com,2025-06-30 06:04:16,Moscow,education,small,active,
3714,company_03714@example.com,2023-03-18 02:11:45,Volga,ecommerce,medium,churned,2024-09-09 08:33:02.531599387
3715,company_03715@example.com,2022-10-06 21:09:07,Ural,education,small,active,
3716,company_03716@example.com,2023-06-03 15:39:53,Northwest,ecommerce,medium,churned,2025-03-20 23:45:31.896936916
3717,company_03717@example.com,2023-12-25 01:04:55,Siberia,retail,small,active,
3718,company_03718@example.com,2024-07-03 01:01:21,Moscow,ecommerce,small,active,
3719,company_03719@example.com,2025-02-13 07:42:22,Northwest,saas,small,active,
3720,company_03720@example.com,2022-11-04 14:30:32,Moscow,travel,small,active,
3721,company_03721@example.com,2023-02-19 18:43:50,Moscow,ecommerce,small,active,
3722,company_03722@example.com,2025-07-08 02:43:01,Ural,ecommerce,medium,active,
3723,company_03723@example.com,2023-08-25 15:48:37,Siberia,ecommerce,small,churned,2024-09-19 11:17:28.353242822
3724,company_03724@example.com,2022-11-27 11:15:17,Far East,ecommerce,small,active,
3725,company_03725@example.com,2025-09-10 07:54:43,Ural,education,small,churned,2026-05-22 15:33:24.526831913
3726,company_03726@example.com,2023-09-07 04:37:37,Moscow,retail,small,active,
3727,company_03727@example.com,2025-09-09 13:03:11,Moscow,other,medium,active,
3728,company_03728@example.com,2025-06-11 14:58:44,Moscow,saas,small,active,
3729,company_03729@example.com,2025-05-24 13:17:55,Volga,ecommerce,small,active,
3730,company_03730@example.com,2024-03-06 22:55:21,Central,ecommerce,large,active,
3731,company_03731@example.com,2024-12-28 06:39:21,Moscow,ecommerce,large,active,
3732,company_03732@example.com,2025-08-07 00:57:07,Central,ecommerce,small,active,
3733,company_03733@example.com,2023-01-04 04:05:33,Volga,education,small,active,
3734,company_03734@example.com,2022-02-21 15:20:42,South,ecommerce,medium,active,
3735,company_03735@example.com,2023-03-15 22:08:58,Central,ecommerce,small,active,
3736,company_03736@example.com,2024-05-21 06:38:55,Saint Petersburg,ecommerce,small,active,
3737,company_03737@example.com,2024-01-19 16:23:24,South,services,small,active,
3738,company_03738@example.com,2022-04-21 05:45:20,South,ecommerce,medium,active,
3739,company_03739@example.com,2024-02-07 03:26:33,Saint Petersburg,other,medium,churned,2025-08-08 04:39:20.158846162
3740,company_03740@example.com,2022-08-27 13:51:15,Moscow,retail,small,active,
3741,company_03741@example.com,2023-11-23 12:40:06,Far East,retail,small,active,
3742,company_03742@example.com,2024-02-27 13:23:50,Ural,education,small,active,
3743,company_03743@example.com,2024-05-20 23:09:31,Moscow,education,small,active,
3744,company_03744@example.com,2023-07-19 08:59:58,Volga,education,medium,active,
3745,company_03745@example.com,2023-07-13 14:03:41,Volga,education,small,active,
3746,company_03746@example.com,2024-07-17 06:55:04,Moscow,retail,small,active,
3747,company_03747@example.com,2024-10-21 20:53:09,Moscow,retail,medium,active,
3748,company_03748@example.com,2023-04-02 07:06:40,Northwest,ecommerce,small,churned,2026-04-20 20:39:32.028710201
3749,company_03749@example.com,2023-08-04 03:16:19,Volga,services,medium,churned,2024-10-15 22:39:24.941945512
3750,company_03750@example.com,2023-03-29 08:47:13,Moscow,services,small,active,
3751,company_03751@example.com,2023-12-23 16:19:17,Ural,services,medium,active,
3752,company_03752@example.com,2022-06-24 01:04:57,Central,other,small,churned,2022-10-25 01:26:51.784866136
3753,company_03753@example.com,2023-08-12 08:45:41,Volga,education,small,active,
3754,company_03754@example.com,2022-09-16 03:47:57,Saint Petersburg,entertainment,small,active,
3755,company_03755@example.com,2023-12-30 07:59:29,Moscow,education,small,active,
3756,company_03756@example.com,2025-03-09 12:18:05,Moscow,education,small,active,
3757,company_03757@example.com,2025-09-10 00:30:23,Northwest,services,small,active,
3758,company_03758@example.com,2023-09-03 12:20:30,Volga,ecommerce,small,churned,2025-11-19 09:46:43.150985755
3759,company_03759@example.com,2022-03-19 01:25:30,Siberia,ecommerce,medium,active,
3760,company_03760@example.com,2022-11-08 17:21:18,Moscow,education,small,churned,2025-11-08 10:21:54.004091352
3761,company_03761@example.com,2022-05-24 09:24:41,Ural,ecommerce,small,churned,2022-12-09 12:01:52.372610430
3762,company_03762@example.com,2024-11-04 18:41:13,Central,ecommerce,medium,active,
3763,company_03763@example.com,2025-09-09 00:46:36,South,saas,small,active,
3764,company_03764@example.com,2024-01-28 20:18:29,Saint Petersburg,education,medium,churned,2025-08-29 08:06:44.464008309
3765,company_03765@example.com,2022-08-30 22:16:58,Volga,ecommerce,small,active,
3766,company_03766@example.com,2022-01-29 22:35:38,Moscow,ecommerce,small,active,
3767,company_03767@example.com,2025-08-28 07:01:30,Moscow,entertainment,small,churned,2026-04-08 05:13:56.077256111
3768,company_03768@example.com,2023-03-09 18:46:45,Ural,other,medium,active,
3769,company_03769@example.com,2022-06-03 05:32:19,Moscow,services,small,active,
3770,company_03770@example.com,2022-08-31 03:18:37,Moscow,ecommerce,small,active,
3771,company_03771@example.com,2022-12-16 04:31:40,Far East,retail,large,active,
3772,company_03772@example.com,2024-06-16 05:37:03,Saint Petersburg,retail,small,active,
3773,company_03773@example.com,2025-05-04 23:01:48,Volga,saas,medium,active,
3774,company_03774@example.com,2023-01-12 05:49:08,Siberia,services,medium,active,
3775,company_03775@example.com,2024-07-29 03:29:45,Ural,saas,large,active,
3776,company_03776@example.com,2022-03-30 20:19:57,Moscow,retail,medium,active,
3777,company_03777@example.com,2022-01-14 19:42:06,Volga,saas,large,active,
3778,company_03778@example.com,2022-03-17 03:37:32,Volga,education,small,active,
3779,company_03779@example.com,2025-06-16 20:09:10,Saint Petersburg,retail,medium,active,
3780,company_03780@example.com,2024-03-06 19:16:14,Ural,education,medium,active,
3781,company_03781@example.com,2025-01-06 11:20:02,Northwest,services,small,active,
3782,company_03782@example.com,2022-01-30 17:13:28,Moscow,entertainment,small,active,
3783,company_03783@example.com,2022-01-31 09:57:45,Moscow,education,large,active,
3784,company_03784@example.com,2025-03-07 03:32:33,South,other,small,active,
3785,company_03785@example.com,2022-05-21 08:54:56,Central,retail,small,active,
3786,company_03786@example.com,2022-08-01 13:59:53,Ural,retail,small,active,
3787,company_03787@example.com,2023-12-11 22:00:16,Moscow,retail,small,active,
3788,company_03788@example.com,2024-04-09 18:47:09,Moscow,ecommerce,medium,active,
3789,company_03789@example.com,2022-11-10 02:45:16,South,saas,small,active,
3790,company_03790@example.com,2023-09-01 07:59:50,Northwest,ecommerce,medium,active,
3791,company_03791@example.com,2024-07-12 05:22:29,Moscow,retail,medium,active,
3792,company_03792@example.com,2023-08-29 19:42:04,Siberia,retail,small,churned,2024-05-04 19:42:53.787251461
3793,company_03793@example.com,2023-06-08 11:16:22,Central,travel,medium,active,
3794,company_03794@example.com,2022-04-09 05:14:37,Moscow,other,small,active,
3795,company_03795@example.com,2023-09-11 03:58:07,Volga,saas,medium,active,
3796,company_03796@example.com,2025-01-03 03:57:42,Saint Petersburg,retail,large,active,
3797,company_03797@example.com,2024-05-07 09:44:34,South,education,small,active,
3798,company_03798@example.com,2025-05-06 16:41:57,Saint Petersburg,retail,medium,churned,2026-01-30 11:49:53.650401175
3799,company_03799@example.com,2022-06-22 14:27:32,Central,entertainment,small,active,
3800,company_03800@example.com,2022-01-16 01:41:57,Moscow,ecommerce,small,active,
3801,company_03801@example.com,2024-01-20 21:09:16,Ural,other,medium,churned,2024-11-16 02:53:43.347777311
3802,company_03802@example.com,2022-09-02 07:55:56,Far East,saas,small,active,
3803,company_03803@example.com,2024-03-23 13:55:24,Central,travel,small,active,
3804,company_03804@example.com,2025-05-21 12:58:56,Central,saas,small,active,
3805,company_03805@example.com,2023-04-07 04:53:15,Northwest,retail,small,active,
3806,company_03806@example.com,2024-01-22 16:58:27,Moscow,retail,medium,active,
3807,company_03807@example.com,2024-07-21 13:26:01,Ural,retail,small,active,
3808,company_03808@example.com,2022-07-25 06:05:57,Volga,ecommerce,small,churned,2022-12-13 09:45:51.093687811
3809,company_03809@example.com,2025-05-12 14:37:27,Siberia,travel,small,active,
3810,company_03810@example.com,2022-10-05 10:00:58,Saint Petersburg,education,medium,active,
3811,company_03811@example.com,2025-01-10 17:15:37,Saint Petersburg,entertainment,small,churned,2026-04-09 17:21:41.374056980
3812,company_03812@example.com,2024-06-21 20:40:06,Saint Petersburg,entertainment,small,active,
3813,company_03813@example.com,2022-07-12 20:09:52,Moscow,ecommerce,small,active,
3814,company_03814@example.com,2024-09-18 13:11:09,Moscow,ecommerce,small,active,
3815,company_03815@example.com,2022-09-26 18:38:23,Northwest,retail,large,active,
3816,company_03816@example.com,2024-03-31 00:22:51,Moscow,ecommerce,small,active,
3817,company_03817@example.com,2025-08-05 20:16:13,Moscow,services,small,active,
3818,company_03818@example.com,2025-07-27 21:46:03,Saint Petersburg,travel,medium,churned,2026-02-24 21:35:35.296562882
3819,company_03819@example.com,2025-04-06 20:30:17,Central,travel,small,churned,2026-03-26 16:42:35.013073709
3820,company_03820@example.com,2023-11-07 21:05:46,Volga,education,small,active,
3821,company_03821@example.com,2024-02-05 10:44:28,Moscow,saas,small,active,
3822,company_03822@example.com,2023-02-15 18:31:38,Ural,services,small,active,
3823,company_03823@example.com,2025-06-13 20:54:13,Ural,other,medium,active,
3824,company_03824@example.com,2023-10-15 20:30:39,Moscow,saas,medium,active,
3825,company_03825@example.com,2024-11-21 14:01:46,Ural,travel,medium,active,
3826,company_03826@example.com,2023-05-08 00:33:49,Saint Petersburg,ecommerce,medium,active,
3827,company_03827@example.com,2024-10-09 21:36:19,Central,saas,small,active,
3828,company_03828@example.com,2022-11-04 00:01:21,Far East,retail,small,active,
3829,company_03829@example.com,2024-09-30 19:58:33,Siberia,retail,small,active,
3830,company_03830@example.com,2022-03-04 21:03:55,Saint Petersburg,education,large,active,
3831,company_03831@example.com,2022-05-24 09:24:45,Central,retail,medium,churned,2025-05-22 13:38:37.132836968
3832,company_03832@example.com,2023-04-27 19:50:26,Saint Petersburg,ecommerce,small,active,
3833,company_03833@example.com,2023-10-22 10:11:46,Volga,ecommerce,medium,active,
3834,company_03834@example.com,2024-08-31 04:59:30,South,saas,medium,churned,2026-05-27 17:46:30.814217016
3835,company_03835@example.com,2023-05-07 04:24:19,Moscow,services,medium,active,
3836,company_03836@example.com,2022-01-26 05:20:59,Far East,other,medium,churned,2024-02-27 03:57:33.681688763
3837,company_03837@example.com,2023-03-22 03:19:37,South,saas,small,churned,2024-10-09 07:08:05.781698741
3838,company_03838@example.com,2023-08-24 19:06:32,Moscow,retail,small,active,
3839,company_03839@example.com,2024-01-14 19:24:45,Siberia,saas,small,active,
3840,company_03840@example.com,2024-05-31 00:06:59,Ural,services,small,active,
3841,company_03841@example.com,2022-12-05 19:16:29,Saint Petersburg,retail,large,active,
3842,company_03842@example.com,2024-04-15 00:47:15,Volga,other,small,active,
3843,company_03843@example.com,2024-05-14 00:16:52,Siberia,entertainment,small,churned,2025-03-06 16:03:34.846115779
3844,company_03844@example.com,2024-11-28 10:55:17,Northwest,ecommerce,small,active,
3845,company_03845@example.com,2023-12-16 03:56:32,Saint Petersburg,saas,small,active,
3846,company_03846@example.com,2025-01-13 18:58:59,South,ecommerce,small,active,
3847,company_03847@example.com,2022-10-31 03:41:40,Siberia,entertainment,small,active,
3848,company_03848@example.com,2024-08-31 14:43:31,Northwest,services,medium,active,
3849,company_03849@example.com,2022-03-04 17:09:54,Moscow,ecommerce,small,active,
3850,company_03850@example.com,2022-05-21 15:03:14,Volga,saas,small,active,
3851,company_03851@example.com,2025-03-28 22:30:44,Siberia,education,small,active,
3852,company_03852@example.com,2023-10-12 19:56:12,Moscow,ecommerce,small,active,
3853,company_03853@example.com,2024-04-29 07:36:28,Central,saas,medium,active,
3854,company_03854@example.com,2024-04-05 11:01:27,Volga,saas,medium,active,
3855,company_03855@example.com,2024-08-08 13:42:18,Volga,education,small,active,
3856,company_03856@example.com,2022-12-02 22:25:27,South,travel,large,churned,2025-03-24 00:29:24.180075236
3857,company_03857@example.com,2022-09-01 20:39:53,Moscow,ecommerce,medium,active,
3858,company_03858@example.com,2022-02-28 05:03:40,Ural,retail,small,churned,2024-05-24 16:58:55.058990285
3859,company_03859@example.com,2025-03-29 00:03:43,Saint Petersburg,services,small,churned,2026-03-08 11:01:08.459806137
3860,company_03860@example.com,2022-11-02 20:55:02,Ural,ecommerce,small,active,
3861,company_03861@example.com,2024-02-26 19:58:28,Central,education,medium,active,
3862,company_03862@example.com,2023-09-15 07:05:34,Moscow,other,small,active,
3863,company_03863@example.com,2022-08-11 02:29:35,Northwest,saas,small,active,
3864,company_03864@example.com,2023-07-21 06:09:36,Ural,services,medium,active,
3865,company_03865@example.com,2022-04-24 19:41:12,Saint Petersburg,services,medium,active,
3866,company_03866@example.com,2022-08-30 16:19:49,Saint Petersburg,entertainment,small,active,
3867,company_03867@example.com,2022-07-11 02:25:54,Volga,saas,medium,active,
3868,company_03868@example.com,2025-02-01 19:12:39,Northwest,ecommerce,small,active,
3869,company_03869@example.com,2024-02-16 05:27:57,Saint Petersburg,education,medium,active,
3870,company_03870@example.com,2025-06-20 08:08:40,Far East,ecommerce,small,churned,2026-01-06 10:24:14.494703043
3871,company_03871@example.com,2023-08-20 10:16:45,Saint Petersburg,ecommerce,small,active,
3872,company_03872@example.com,2022-10-03 10:40:04,South,retail,large,active,
3873,company_03873@example.com,2024-04-12 13:06:23,Central,services,small,active,
3874,company_03874@example.com,2025-06-25 15:44:16,Moscow,saas,small,active,
3875,company_03875@example.com,2023-12-30 14:05:17,Far East,entertainment,small,active,
3876,company_03876@example.com,2022-01-25 10:24:39,Moscow,education,small,active,
3877,company_03877@example.com,2023-02-20 08:33:56,Far East,education,small,active,
3878,company_03878@example.com,2025-06-19 08:22:04,Moscow,ecommerce,small,active,
3879,company_03879@example.com,2023-12-11 02:26:21,Saint Petersburg,ecommerce,medium,active,
3880,company_03880@example.com,2025-07-26 05:43:33,Far East,ecommerce,medium,active,
3881,company_03881@example.com,2023-11-28 16:22:56,South,other,small,active,
3882,company_03882@example.com,2022-01-17 11:41:12,Moscow,ecommerce,small,churned,2022-11-26 10:03:40.970723506
3883,company_03883@example.com,2025-04-09 08:01:42,Volga,travel,medium,active,
3884,company_03884@example.com,2024-11-09 19:26:58,Moscow,retail,small,active,
3885,company_03885@example.com,2024-09-05 11:01:40,Siberia,services,small,active,
3886,company_03886@example.com,2025-08-20 05:39:28,Moscow,entertainment,small,active,
3887,company_03887@example.com,2022-09-26 09:26:39,Volga,other,small,active,
3888,company_03888@example.com,2025-05-24 06:34:53,Moscow,retail,small,active,
3889,company_03889@example.com,2022-11-15 05:29:44,South,entertainment,medium,active,
3890,company_03890@example.com,2025-08-20 22:21:21,Far East,retail,large,active,
3891,company_03891@example.com,2022-09-19 21:03:39,Siberia,saas,small,active,
3892,company_03892@example.com,2024-01-23 20:13:16,Saint Petersburg,ecommerce,small,active,
3893,company_03893@example.com,2024-12-15 19:44:41,Moscow,services,small,active,
3894,company_03894@example.com,2022-04-17 22:01:20,Moscow,travel,small,active,
3895,company_03895@example.com,2022-04-02 06:04:11,Siberia,saas,medium,churned,2025-11-19 10:39:58.211304918
3896,company_03896@example.com,2025-03-08 12:16:44,Moscow,saas,small,active,
3897,company_03897@example.com,2022-03-24 15:55:49,Volga,retail,large,active,
3898,company_03898@example.com,2024-04-19 17:12:33,Saint Petersburg,saas,small,active,
3899,company_03899@example.com,2025-07-07 11:38:23,Northwest,retail,small,active,
3900,company_03900@example.com,2024-04-20 23:02:12,Volga,ecommerce,small,active,
3901,company_03901@example.com,2023-07-25 19:16:13,Volga,ecommerce,small,active,
3902,company_03902@example.com,2024-05-23 00:11:14,Far East,ecommerce,medium,active,
3903,company_03903@example.com,2024-02-22 06:42:56,Northwest,ecommerce,medium,active,
3904,company_03904@example.com,2023-11-18 10:00:51,Volga,services,small,active,
3905,company_03905@example.com,2022-07-30 02:19:52,Ural,ecommerce,small,churned,2025-10-22 17:52:33.691607192
3906,company_03906@example.com,2024-06-25 12:41:27,Volga,services,small,active,
3907,company_03907@example.com,2024-10-09 00:07:46,Central,ecommerce,medium,churned,2025-07-24 03:10:55.777810147
3908,company_03908@example.com,2024-08-27 17:07:25,Moscow,travel,small,churned,2025-12-20 14:01:43.009539146
3909,company_03909@example.com,2022-04-13 14:58:05,South,retail,small,active,
3910,company_03910@example.com,2024-08-19 13:00:30,South,retail,small,active,
3911,company_03911@example.com,2024-09-25 08:09:43,Moscow,services,small,active,
3912,company_03912@example.com,2022-09-08 21:52:30,Moscow,other,small,churned,2024-09-08 12:49:54.648976952
3913,company_03913@example.com,2025-03-07 09:39:34,South,other,small,active,
3914,company_03914@example.com,2023-12-18 14:54:21,Moscow,retail,small,churned,2025-11-26 21:38:38.100194313
3915,company_03915@example.com,2023-10-09 08:05:29,South,other,small,churned,2024-12-31 20:49:08.805691894
3916,company_03916@example.com,2024-09-15 16:51:31,South,services,small,active,
3917,company_03917@example.com,2023-11-29 10:45:02,Saint Petersburg,entertainment,medium,active,
3918,company_03918@example.com,2024-01-16 05:03:45,Saint Petersburg,ecommerce,small,active,
3919,company_03919@example.com,2023-03-04 02:37:08,Saint Petersburg,ecommerce,small,active,
3920,company_03920@example.com,2025-06-23 08:02:33,Saint Petersburg,ecommerce,small,active,
3921,company_03921@example.com,2025-08-19 05:15:51,Volga,saas,small,active,
3922,company_03922@example.com,2022-06-28 10:19:07,Ural,ecommerce,medium,active,
3923,company_03923@example.com,2024-09-29 21:56:33,Siberia,ecommerce,small,active,
3924,company_03924@example.com,2022-02-01 22:07:07,Moscow,services,small,active,
3925,company_03925@example.com,2023-05-20 18:37:55,South,other,medium,active,
3926,company_03926@example.com,2025-08-19 22:57:50,Saint Petersburg,services,medium,active,
3927,company_03927@example.com,2022-08-28 03:16:33,Siberia,travel,medium,churned,2024-10-26 16:24:32.088625431
3928,company_03928@example.com,2023-05-31 17:37:53,Moscow,ecommerce,small,active,
3929,company_03929@example.com,2022-10-28 09:14:13,Volga,entertainment,small,churned,2023-05-05 05:19:06.308003781
3930,company_03930@example.com,2024-09-23 04:55:28,Volga,ecommerce,medium,active,
3931,company_03931@example.com,2023-09-27 15:29:47,Saint Petersburg,retail,small,active,
3932,company_03932@example.com,2024-03-22 09:13:55,Northwest,education,medium,active,
3933,company_03933@example.com,2025-07-13 10:24:20,Moscow,ecommerce,medium,active,
3934,company_03934@example.com,2023-12-14 19:09:38,Moscow,services,small,active,
3935,company_03935@example.com,2024-10-01 07:29:34,South,services,small,active,
3936,company_03936@example.com,2022-05-14 22:31:23,Volga,ecommerce,small,active,
3937,company_03937@example.com,2022-10-22 10:52:57,Saint Petersburg,ecommerce,small,churned,2023-09-16 17:47:34.775475968
3938,company_03938@example.com,2025-07-19 07:18:12,Saint Petersburg,ecommerce,small,active,
3939,company_03939@example.com,2025-03-21 21:06:40,Moscow,ecommerce,medium,churned,2026-03-23 05:31:03.143528063
3940,company_03940@example.com,2024-06-17 07:59:41,Siberia,entertainment,small,active,
3941,company_03941@example.com,2023-06-02 09:04:46,Volga,services,medium,churned,2024-10-05 21:05:23.111233156
3942,company_03942@example.com,2022-10-01 07:56:19,Moscow,ecommerce,small,active,
3943,company_03943@example.com,2025-03-11 03:44:33,Central,ecommerce,medium,churned,2025-07-20 14:16:33.445639684
3944,company_03944@example.com,2024-12-10 07:08:11,Siberia,saas,small,active,
3945,company_03945@example.com,2022-11-27 15:28:52,Siberia,saas,medium,active,
3946,company_03946@example.com,2024-03-17 21:21:24,Moscow,entertainment,medium,active,
3947,company_03947@example.com,2024-04-26 07:51:54,South,ecommerce,small,active,
3948,company_03948@example.com,2023-10-16 04:05:48,Moscow,education,small,active,
3949,company_03949@example.com,2025-06-21 16:26:43,Moscow,ecommerce,medium,active,
3950,company_03950@example.com,2022-06-19 18:28:28,Siberia,saas,small,active,
3951,company_03951@example.com,2022-12-19 19:10:33,Siberia,retail,medium,active,
3952,company_03952@example.com,2022-05-10 23:58:47,Moscow,services,large,active,
3953,company_03953@example.com,2024-08-05 22:09:56,Siberia,ecommerce,medium,active,
3954,company_03954@example.com,2024-05-31 00:07:35,South,saas,small,active,
3955,company_03955@example.com,2025-09-12 15:26:52,Ural,ecommerce,small,active,
3956,company_03956@example.com,2024-01-12 21:16:11,Ural,saas,large,churned,2024-09-14 11:09:26.236100893
3957,company_03957@example.com,2022-07-26 00:26:34,Volga,ecommerce,small,churned,2024-05-04 21:56:37.827010125
3958,company_03958@example.com,2023-09-09 19:20:40,Far East,saas,small,churned,2025-09-26 09:37:55.421695307
3959,company_03959@example.com,2022-05-01 22:25:26,Moscow,ecommerce,small,churned,2024-01-09 22:23:05.842765525
3960,company_03960@example.com,2024-07-06 19:22:59,Volga,services,medium,active,
3961,company_03961@example.com,2024-07-11 07:10:35,Saint Petersburg,saas,small,active,
3962,company_03962@example.com,2025-03-19 06:23:04,Ural,retail,small,active,
3963,company_03963@example.com,2023-04-10 18:12:38,Moscow,retail,small,active,
3964,company_03964@example.com,2023-03-01 05:54:33,Central,retail,medium,active,
3965,company_03965@example.com,2022-04-08 11:05:55,Ural,retail,small,active,
3966,company_03966@example.com,2023-07-22 22:17:39,Saint Petersburg,services,medium,churned,2025-10-07 18:55:12.577320188
3967,company_03967@example.com,2023-10-13 05:14:02,Moscow,ecommerce,medium,active,
3968,company_03968@example.com,2024-10-29 03:11:12,Saint Petersburg,ecommerce,large,active,
3969,company_03969@example.com,2024-10-28 03:47:56,South,retail,medium,active,
3970,company_03970@example.com,2022-07-11 20:46:23,Saint Petersburg,retail,small,active,
3971,company_03971@example.com,2023-01-26 01:08:19,Central,ecommerce,small,active,
3972,company_03972@example.com,2023-12-01 16:38:53,Volga,travel,small,active,
3973,company_03973@example.com,2023-04-04 08:15:32,Far East,ecommerce,large,active,
3974,company_03974@example.com,2022-02-04 22:45:15,Ural,entertainment,small,churned,2025-11-05 07:53:32.386515841
3975,company_03975@example.com,2025-03-02 22:00:09,Moscow,travel,small,churned,2025-10-22 21:14:06.071495526
3976,company_03976@example.com,2024-09-27 09:08:59,Siberia,retail,medium,churned,2026-02-22 01:27:08.046086401
3977,company_03977@example.com,2023-12-13 11:00:03,Siberia,saas,small,active,
3978,company_03978@example.com,2023-03-11 07:49:47,Ural,services,medium,active,
3979,company_03979@example.com,2025-02-26 20:34:33,Volga,services,small,active,
3980,company_03980@example.com,2022-02-18 06:21:10,Moscow,retail,small,churned,2022-12-18 07:40:40.640149744
3981,company_03981@example.com,2023-09-03 15:51:35,South,services,small,active,
3982,company_03982@example.com,2024-12-31 17:08:37,Volga,ecommerce,small,active,
3983,company_03983@example.com,2025-07-27 16:04:49,Saint Petersburg,education,small,active,
3984,company_03984@example.com,2022-12-10 22:32:33,Moscow,ecommerce,medium,active,
3985,company_03985@example.com,2024-06-09 06:53:16,Moscow,education,small,active,
3986,company_03986@example.com,2022-09-17 11:44:22,Volga,services,small,active,
3987,company_03987@example.com,2022-06-08 13:11:29,Moscow,ecommerce,medium,active,
3988,company_03988@example.com,2023-04-28 22:25:51,South,ecommerce,medium,active,
3989,company_03989@example.com,2025-04-25 19:22:22,Ural,saas,small,active,
3990,company_03990@example.com,2024-08-01 04:51:46,Saint Petersburg,retail,large,active,
3991,company_03991@example.com,2023-11-01 07:33:17,Moscow,ecommerce,small,churned,2025-02-04 13:07:50.711377945
3992,company_03992@example.com,2023-01-22 21:29:39,Moscow,retail,small,active,
3993,company_03993@example.com,2022-07-13 18:17:26,Saint Petersburg,other,small,active,
3994,company_03994@example.com,2023-01-06 09:45:11,Ural,services,medium,active,
3995,company_03995@example.com,2022-07-28 21:07:20,Volga,services,small,active,
3996,company_03996@example.com,2022-09-13 22:23:53,Siberia,saas,small,active,
3997,company_03997@example.com,2024-07-29 13:06:50,Northwest,services,medium,churned,2025-01-19 05:59:58.541611555
3998,company_03998@example.com,2022-07-01 12:45:32,Moscow,saas,small,active,
3999,company_03999@example.com,2022-03-06 19:20:02,South,services,small,active,
4000,company_04000@example.com,2024-01-12 22:07:12,Central,saas,medium,active,
4001,company_04001@example.com,2023-01-28 01:26:47,Central,services,small,active,
4002,company_04002@example.com,2023-09-15 01:32:17,Saint Petersburg,retail,small,active,
4003,company_04003@example.com,2022-07-11 05:30:22,Saint Petersburg,ecommerce,small,active,
4004,company_04004@example.com,2022-10-15 05:59:29,South,ecommerce,large,active,
4005,company_04005@example.com,2024-08-01 22:49:10,Volga,education,small,churned,2024-12-28 16:28:08.016784514
4006,company_04006@example.com,2023-07-21 20:03:46,Saint Petersburg,other,small,active,
4007,company_04007@example.com,2024-01-12 01:37:32,Moscow,travel,small,churned,2024-06-28 11:00:48.446843914
4008,company_04008@example.com,2023-12-15 22:14:49,Volga,saas,small,active,
4009,company_04009@example.com,2023-01-03 19:13:31,South,services,large,active,
4010,company_04010@example.com,2023-01-18 13:01:11,Volga,entertainment,small,churned,2023-09-11 15:44:08.997836065
4011,company_04011@example.com,2023-08-06 09:22:16,Moscow,travel,small,active,
4012,company_04012@example.com,2022-02-13 20:03:18,Saint Petersburg,retail,small,active,
4013,company_04013@example.com,2024-07-26 14:53:24,Ural,education,small,active,
4014,company_04014@example.com,2024-04-20 11:31:28,Ural,retail,small,active,
4015,company_04015@example.com,2023-02-23 18:57:30,Moscow,ecommerce,large,churned,2025-12-05 20:43:42.033075585
4016,company_04016@example.com,2023-05-27 05:54:34,Central,ecommerce,medium,churned,2025-03-09 21:58:57.225183621
4017,company_04017@example.com,2023-03-26 15:54:21,Central,retail,small,active,
4018,company_04018@example.com,2024-06-10 00:37:50,South,ecommerce,small,churned,2026-04-29 10:25:23.083173983
4019,company_04019@example.com,2024-11-05 07:08:00,Moscow,ecommerce,small,active,
4020,company_04020@example.com,2022-05-29 15:45:14,Volga,entertainment,small,active,
4021,company_04021@example.com,2023-07-20 10:05:11,Far East,retail,small,active,
4022,company_04022@example.com,2022-01-19 20:20:17,Saint Petersburg,saas,small,active,
4023,company_04023@example.com,2023-09-11 16:16:09,Saint Petersburg,ecommerce,medium,active,
4024,company_04024@example.com,2022-12-06 15:59:48,Moscow,other,medium,active,
4025,company_04025@example.com,2023-04-05 09:05:49,Moscow,travel,small,churned,2025-02-08 09:23:39.294602320
4026,company_04026@example.com,2023-09-17 13:21:42,Far East,entertainment,large,active,
4027,company_04027@example.com,2023-03-19 20:30:00,Northwest,education,small,active,
4028,company_04028@example.com,2023-06-24 02:10:15,Moscow,services,small,active,
4029,company_04029@example.com,2024-11-12 04:57:06,Siberia,retail,medium,active,
4030,company_04030@example.com,2025-01-13 11:51:12,Moscow,education,small,active,
4031,company_04031@example.com,2022-01-09 00:30:03,Volga,travel,small,active,
4032,company_04032@example.com,2023-06-01 21:09:55,South,ecommerce,medium,active,
4033,company_04033@example.com,2025-03-04 12:58:07,Saint Petersburg,ecommerce,small,active,
4034,company_04034@example.com,2023-12-27 15:26:41,Volga,entertainment,medium,churned,2025-08-19 19:57:48.900711149
4035,company_04035@example.com,2022-10-08 19:46:09,Volga,ecommerce,small,active,
4036,company_04036@example.com,2024-03-22 22:18:14,Moscow,travel,medium,active,
4037,company_04037@example.com,2022-07-18 06:18:21,Northwest,ecommerce,small,churned,2023-07-11 18:02:55.645200558
4038,company_04038@example.com,2022-01-30 20:46:05,Moscow,retail,small,active,
4039,company_04039@example.com,2024-05-15 03:47:47,Moscow,retail,small,active,
4040,company_04040@example.com,2023-12-06 16:51:32,Far East,education,medium,active,
4041,company_04041@example.com,2024-10-31 21:27:27,Central,saas,small,active,
4042,company_04042@example.com,2023-04-17 17:29:59,Central,entertainment,medium,active,
4043,company_04043@example.com,2025-03-14 15:49:33,Saint Petersburg,ecommerce,small,active,
4044,company_04044@example.com,2023-07-31 07:28:08,Moscow,retail,small,active,
4045,company_04045@example.com,2024-10-06 14:39:29,Saint Petersburg,saas,small,active,
4046,company_04046@example.com,2022-05-18 04:38:09,Central,ecommerce,small,active,
4047,company_04047@example.com,2022-05-13 21:42:10,Volga,ecommerce,large,active,
4048,company_04048@example.com,2024-12-06 21:33:53,Central,education,small,active,
4049,company_04049@example.com,2025-02-14 21:25:48,Siberia,saas,medium,active,
4050,company_04050@example.com,2025-07-13 05:00:58,Far East,retail,small,active,
4051,company_04051@example.com,2023-03-21 01:59:57,Saint Petersburg,ecommerce,small,active,
4052,company_04052@example.com,2022-01-31 11:07:47,Northwest,other,small,active,
4053,company_04053@example.com,2025-09-02 12:13:34,Siberia,other,medium,active,
4054,company_04054@example.com,2024-04-02 16:16:13,Far East,services,medium,active,
4055,company_04055@example.com,2022-12-05 01:29:44,South,services,small,active,
4056,company_04056@example.com,2024-11-10 22:31:42,Moscow,other,small,active,
4057,company_04057@example.com,2025-05-21 12:42:34,Moscow,services,small,active,
4058,company_04058@example.com,2023-01-25 14:48:09,Siberia,saas,small,active,
4059,company_04059@example.com,2024-11-18 21:45:33,Volga,education,small,churned,2025-11-10 17:33:29.547139004
4060,company_04060@example.com,2024-12-13 09:01:29,Siberia,ecommerce,small,active,
4061,company_04061@example.com,2023-11-18 07:17:25,South,saas,medium,active,
4062,company_04062@example.com,2024-05-15 01:28:51,Moscow,services,large,active,
4063,company_04063@example.com,2023-01-04 16:52:36,Central,retail,large,active,
4064,company_04064@example.com,2025-06-25 02:16:03,Northwest,services,medium,active,
4065,company_04065@example.com,2025-09-06 21:15:51,Moscow,saas,small,active,
4066,company_04066@example.com,2025-09-04 00:20:59,South,retail,medium,active,
4067,company_04067@example.com,2024-10-05 09:17:17,Northwest,travel,small,active,
4068,company_04068@example.com,2022-02-27 22:18:27,Moscow,ecommerce,small,active,
4069,company_04069@example.com,2023-05-17 07:27:20,Saint Petersburg,services,small,active,
4070,company_04070@example.com,2023-09-01 16:11:47,Volga,other,small,active,
4071,company_04071@example.com,2025-08-06 01:32:37,Siberia,saas,large,active,
4072,company_04072@example.com,2024-01-19 06:42:10,Volga,entertainment,medium,churned,2025-02-28 10:50:06.830436703
4073,company_04073@example.com,2024-01-04 11:29:57,Moscow,services,small,active,
4074,company_04074@example.com,2022-07-20 17:52:25,Moscow,education,small,active,
4075,company_04075@example.com,2024-12-21 19:25:49,Saint Petersburg,services,medium,active,
4076,company_04076@example.com,2023-04-06 00:56:10,Saint Petersburg,retail,small,active,
4077,company_04077@example.com,2022-05-06 16:20:29,Moscow,services,medium,active,
4078,company_04078@example.com,2025-09-13 02:26:27,Siberia,services,large,active,
4079,company_04079@example.com,2022-09-18 00:24:31,Moscow,services,small,active,
4080,company_04080@example.com,2022-01-23 04:52:42,Ural,retail,small,active,
4081,company_04081@example.com,2022-04-17 11:33:32,Far East,retail,small,active,
4082,company_04082@example.com,2023-09-12 00:44:25,Volga,retail,small,active,
4083,company_04083@example.com,2022-05-21 18:32:24,Volga,ecommerce,small,churned,2026-02-27 10:07:50.600337893
4084,company_04084@example.com,2025-02-26 18:02:11,Moscow,education,small,active,
4085,company_04085@example.com,2023-12-03 00:41:29,Volga,ecommerce,small,churned,2026-04-08 19:11:30.974495910
4086,company_04086@example.com,2023-03-20 02:19:34,Saint Petersburg,entertainment,small,active,
4087,company_04087@example.com,2022-01-05 07:24:55,Moscow,ecommerce,small,active,
4088,company_04088@example.com,2023-10-19 08:44:39,Volga,saas,medium,active,
4089,company_04089@example.com,2022-07-26 23:36:52,Moscow,retail,small,churned,2023-08-05 20:37:27.190402765
4090,company_04090@example.com,2025-08-30 23:11:52,Saint Petersburg,saas,medium,active,
4091,company_04091@example.com,2023-02-03 05:00:45,South,travel,small,active,
4092,company_04092@example.com,2023-10-12 15:09:22,Central,entertainment,small,churned,2025-07-15 09:21:42.614281192
4093,company_04093@example.com,2022-01-26 11:22:24,Moscow,entertainment,small,churned,2024-12-16 17:41:33.356154352
4094,company_04094@example.com,2022-06-29 02:24:30,Moscow,travel,medium,churned,2024-11-03 02:09:29.315967739
4095,company_04095@example.com,2022-10-11 20:11:42,Saint Petersburg,ecommerce,small,active,
4096,company_04096@example.com,2022-03-12 18:07:12,Volga,services,small,active,
4097,company_04097@example.com,2024-09-20 03:49:29,Volga,retail,small,active,
4098,company_04098@example.com,2025-07-17 07:55:00,Moscow,entertainment,large,active,
4099,company_04099@example.com,2025-09-09 23:11:18,Volga,entertainment,small,churned,2026-01-25 17:59:19.699628431
4100,company_04100@example.com,2022-12-30 15:03:16,Northwest,retail,small,active,
4101,company_04101@example.com,2024-12-15 00:07:07,Volga,services,medium,churned,2026-01-08 10:56:40.237173244
4102,company_04102@example.com,2023-11-21 13:25:34,Volga,retail,small,active,
4103,company_04103@example.com,2022-03-04 17:35:22,Volga,services,small,active,
4104,company_04104@example.com,2022-05-05 01:55:13,Siberia,services,medium,active,
4105,company_04105@example.com,2024-01-20 08:55:49,Far East,education,small,active,
4106,company_04106@example.com,2023-08-03 13:26:41,Moscow,entertainment,small,active,
4107,company_04107@example.com,2022-01-12 11:11:07,Moscow,retail,small,active,
4108,company_04108@example.com,2025-06-26 09:13:27,Moscow,saas,small,active,
4109,company_04109@example.com,2024-09-26 02:25:17,Ural,services,medium,active,
4110,company_04110@example.com,2023-11-19 07:13:24,Moscow,retail,small,active,
4111,company_04111@example.com,2025-09-12 04:59:11,Siberia,education,small,active,
4112,company_04112@example.com,2025-08-21 12:18:33,Moscow,ecommerce,small,active,
4113,company_04113@example.com,2025-08-25 08:47:00,Volga,services,medium,active,
4114,company_04114@example.com,2022-12-21 02:05:29,Saint Petersburg,entertainment,medium,active,
4115,company_04115@example.com,2025-04-20 01:24:41,Central,ecommerce,small,active,
4116,company_04116@example.com,2023-11-22 05:13:45,Central,ecommerce,medium,active,
4117,company_04117@example.com,2024-09-20 05:14:19,Ural,education,small,churned,2026-02-19 23:43:11.422102161
4118,company_04118@example.com,2025-03-21 20:06:53,Central,retail,medium,active,
4119,company_04119@example.com,2022-08-12 10:20:21,Central,retail,small,active,
4120,company_04120@example.com,2023-09-06 05:01:16,South,services,small,active,
4121,company_04121@example.com,2022-06-26 08:01:00,Far East,retail,medium,active,
4122,company_04122@example.com,2023-01-18 08:07:46,Ural,saas,medium,active,
4123,company_04123@example.com,2023-07-20 16:34:55,South,education,small,active,
4124,company_04124@example.com,2025-03-16 06:58:01,Central,services,small,active,
4125,company_04125@example.com,2025-03-26 03:02:37,Siberia,retail,medium,churned,2025-11-08 10:45:35.978394218
4126,company_04126@example.com,2023-06-18 08:51:03,Central,retail,small,active,
4127,company_04127@example.com,2023-03-27 08:07:49,Far East,education,small,active,
4128,company_04128@example.com,2023-12-28 00:42:25,Ural,travel,small,active,
4129,company_04129@example.com,2025-06-01 10:32:25,Moscow,other,small,active,
4130,company_04130@example.com,2025-08-28 21:20:11,Moscow,ecommerce,small,active,
4131,company_04131@example.com,2022-11-07 05:07:14,Ural,services,small,active,
4132,company_04132@example.com,2022-09-13 02:37:10,South,services,medium,active,
4133,company_04133@example.com,2024-08-24 20:49:28,Volga,ecommerce,small,active,
4134,company_04134@example.com,2023-02-17 07:35:08,Northwest,saas,small,active,
4135,company_04135@example.com,2022-10-01 06:35:46,Volga,retail,large,active,
4136,company_04136@example.com,2022-02-12 12:04:37,Saint Petersburg,entertainment,small,active,
4137,company_04137@example.com,2023-07-06 14:15:04,Volga,services,small,active,
4138,company_04138@example.com,2023-06-21 00:48:56,Moscow,ecommerce,small,active,
4139,company_04139@example.com,2024-02-10 06:19:45,Volga,travel,small,active,
4140,company_04140@example.com,2022-10-01 20:25:20,Siberia,ecommerce,small,active,
4141,company_04141@example.com,2024-09-04 06:03:56,Moscow,travel,large,active,
4142,company_04142@example.com,2024-07-19 06:54:25,Siberia,saas,medium,churned,2025-08-31 19:16:37.485845238
4143,company_04143@example.com,2023-09-25 11:50:16,Ural,services,small,active,
4144,company_04144@example.com,2022-09-06 01:08:46,Moscow,retail,small,active,
4145,company_04145@example.com,2023-11-25 12:22:56,Siberia,education,medium,active,
4146,company_04146@example.com,2024-07-12 03:27:08,Ural,education,small,active,
4147,company_04147@example.com,2023-05-25 21:00:42,Central,services,medium,active,
4148,company_04148@example.com,2022-12-27 10:25:30,Moscow,services,small,active,
4149,company_04149@example.com,2023-11-24 21:36:15,Saint Petersburg,retail,medium,active,
4150,company_04150@example.com,2023-05-01 22:30:42,Volga,travel,medium,active,
4151,company_04151@example.com,2023-07-02 21:38:27,Moscow,saas,small,active,
4152,company_04152@example.com,2023-04-23 05:47:34,Saint Petersburg,services,small,active,
4153,company_04153@example.com,2023-02-20 03:21:39,Far East,retail,medium,active,
4154,company_04154@example.com,2024-09-07 12:23:36,South,education,small,active,
4155,company_04155@example.com,2023-09-22 14:40:07,South,education,small,active,
4156,company_04156@example.com,2023-10-01 04:25:55,Northwest,saas,small,active,
4157,company_04157@example.com,2024-06-12 10:06:46,Moscow,saas,small,active,
4158,company_04158@example.com,2023-05-10 06:09:55,Moscow,saas,medium,churned,2024-01-01 04:56:35.462114656
4159,company_04159@example.com,2022-05-19 05:08:54,South,ecommerce,small,active,
4160,company_04160@example.com,2025-03-12 09:18:32,Central,travel,small,active,
4161,company_04161@example.com,2022-03-18 04:54:19,Moscow,entertainment,medium,active,
4162,company_04162@example.com,2024-02-22 10:16:58,Ural,ecommerce,small,active,
4163,company_04163@example.com,2022-12-30 15:27:14,Moscow,ecommerce,small,active,
4164,company_04164@example.com,2022-10-20 12:29:36,Volga,ecommerce,small,active,
4165,company_04165@example.com,2022-02-27 09:30:48,Volga,services,medium,active,
4166,company_04166@example.com,2025-05-16 07:47:48,Volga,education,small,active,
4167,company_04167@example.com,2023-08-11 03:39:48,Saint Petersburg,ecommerce,medium,active,
4168,company_04168@example.com,2023-04-14 17:53:40,Moscow,education,small,active,
4169,company_04169@example.com,2024-10-11 00:00:52,Siberia,saas,small,active,
4170,company_04170@example.com,2022-02-23 07:46:15,Far East,saas,large,active,
4171,company_04171@example.com,2024-02-12 07:19:45,Central,travel,medium,active,
4172,company_04172@example.com,2023-11-08 14:42:52,Moscow,entertainment,small,active,
4173,company_04173@example.com,2024-01-28 02:28:02,Volga,services,small,active,
4174,company_04174@example.com,2022-06-19 13:08:03,Saint Petersburg,saas,small,active,
4175,company_04175@example.com,2025-07-27 01:45:54,Moscow,retail,small,active,
4176,company_04176@example.com,2022-11-23 05:19:48,Moscow,saas,medium,active,
4177,company_04177@example.com,2024-07-17 02:53:08,Moscow,entertainment,medium,active,
4178,company_04178@example.com,2023-04-16 13:40:32,Saint Petersburg,services,small,active,
4179,company_04179@example.com,2022-06-28 20:50:36,Saint Petersburg,education,small,active,
4180,company_04180@example.com,2023-02-10 20:16:21,Siberia,retail,small,active,
4181,company_04181@example.com,2025-01-08 21:35:33,Central,retail,small,active,
4182,company_04182@example.com,2025-05-25 02:02:57,Central,ecommerce,medium,active,
4183,company_04183@example.com,2025-07-05 16:32:24,Moscow,ecommerce,small,active,
4184,company_04184@example.com,2022-11-06 14:14:56,Siberia,retail,small,active,
4185,company_04185@example.com,2024-04-09 17:39:42,Moscow,ecommerce,small,active,
4186,company_04186@example.com,2022-07-26 14:48:32,Moscow,entertainment,large,active,
4187,company_04187@example.com,2024-08-29 18:30:46,Volga,services,small,active,
4188,company_04188@example.com,2023-07-23 21:46:00,South,saas,small,churned,2026-03-28 02:07:30.045266166
4189,company_04189@example.com,2024-09-03 04:28:32,Ural,education,small,active,
4190,company_04190@example.com,2024-07-26 06:04:39,Central,ecommerce,small,active,
4191,company_04191@example.com,2025-09-20 03:52:15,Saint Petersburg,retail,small,churned,2026-02-01 17:05:29.968389808
4192,company_04192@example.com,2023-10-31 11:08:17,Saint Petersburg,saas,small,active,
4193,company_04193@example.com,2023-04-13 05:23:03,Volga,ecommerce,small,active,
4194,company_04194@example.com,2023-12-22 14:26:07,Saint Petersburg,services,small,active,
4195,company_04195@example.com,2022-08-11 18:54:22,Saint Petersburg,ecommerce,medium,churned,2023-08-31 01:17:58.815843221
4196,company_04196@example.com,2022-06-02 21:18:52,Moscow,retail,small,churned,2023-11-04 06:51:24.623510636
4197,company_04197@example.com,2023-12-12 05:17:55,Far East,ecommerce,small,active,
4198,company_04198@example.com,2025-02-03 03:44:19,Moscow,education,small,active,
4199,company_04199@example.com,2023-12-31 11:39:27,Saint Petersburg,ecommerce,medium,active,
4200,company_04200@example.com,2024-12-05 16:07:09,Far East,saas,medium,active,
4201,company_04201@example.com,2022-09-01 09:13:22,South,ecommerce,medium,active,
4202,company_04202@example.com,2023-09-07 18:23:53,Volga,retail,small,active,
4203,company_04203@example.com,2024-04-18 17:36:30,South,ecommerce,small,active,
4204,company_04204@example.com,2023-04-21 14:53:23,Moscow,other,small,churned,2025-12-05 02:39:47.257781044
4205,company_04205@example.com,2022-01-20 07:44:35,Ural,services,small,active,
4206,company_04206@example.com,2022-04-11 11:26:08,Saint Petersburg,services,small,active,
4207,company_04207@example.com,2025-06-23 01:12:32,Northwest,education,small,active,
4208,company_04208@example.com,2024-04-07 19:51:24,Moscow,saas,small,churned,2025-11-13 11:35:48.209030710
4209,company_04209@example.com,2022-12-28 22:30:09,Volga,ecommerce,small,churned,2023-05-05 20:34:34.378510713
4210,company_04210@example.com,2022-12-21 01:32:36,Volga,saas,small,active,
4211,company_04211@example.com,2022-02-24 02:50:26,Moscow,saas,small,active,
4212,company_04212@example.com,2025-07-16 10:55:46,Saint Petersburg,ecommerce,medium,active,
4213,company_04213@example.com,2022-05-29 02:02:44,Ural,ecommerce,small,active,
4214,company_04214@example.com,2024-11-04 22:29:15,Moscow,services,medium,active,
4215,company_04215@example.com,2022-11-25 15:51:12,Northwest,ecommerce,small,active,
4216,company_04216@example.com,2023-04-05 03:17:00,Saint Petersburg,retail,medium,active,
4217,company_04217@example.com,2023-01-10 16:53:14,Volga,retail,medium,churned,2023-12-01 14:42:19.201800112
4218,company_04218@example.com,2025-02-01 22:40:46,Volga,ecommerce,small,active,
4219,company_04219@example.com,2022-02-14 21:13:04,Central,travel,large,active,
4220,company_04220@example.com,2023-04-27 22:21:17,South,education,small,active,
4221,company_04221@example.com,2023-01-18 03:46:37,Ural,services,small,active,
4222,company_04222@example.com,2023-01-09 09:40:33,Volga,education,medium,active,
4223,company_04223@example.com,2022-09-21 22:39:47,Volga,retail,small,active,
4224,company_04224@example.com,2025-06-02 05:26:59,Volga,education,small,active,
4225,company_04225@example.com,2023-06-02 22:52:56,Central,entertainment,small,active,
4226,company_04226@example.com,2023-07-27 02:31:23,Moscow,retail,small,active,
4227,company_04227@example.com,2023-06-11 21:49:37,Moscow,services,small,active,
4228,company_04228@example.com,2025-09-02 22:29:44,Volga,saas,small,active,
4229,company_04229@example.com,2023-04-09 18:18:07,Far East,services,small,active,
4230,company_04230@example.com,2023-04-13 10:15:55,Moscow,ecommerce,small,active,
4231,company_04231@example.com,2023-03-25 14:23:48,Volga,ecommerce,small,active,
4232,company_04232@example.com,2023-03-24 06:58:36,Saint Petersburg,services,small,active,
4233,company_04233@example.com,2022-05-03 18:03:26,Volga,travel,medium,active,
4234,company_04234@example.com,2024-04-06 15:34:52,Ural,travel,small,active,
4235,company_04235@example.com,2022-02-04 11:31:43,South,services,small,churned,2025-06-01 02:10:00.637946710
4236,company_04236@example.com,2022-11-06 02:27:23,South,ecommerce,medium,active,
4237,company_04237@example.com,2022-10-04 11:49:00,Ural,saas,medium,active,
4238,company_04238@example.com,2023-02-03 18:09:53,Moscow,services,small,active,
4239,company_04239@example.com,2024-11-01 02:18:50,Volga,other,small,active,
4240,company_04240@example.com,2024-03-31 02:41:04,Saint Petersburg,travel,medium,active,
4241,company_04241@example.com,2025-09-17 10:15:58,Far East,education,medium,active,
4242,company_04242@example.com,2023-04-26 10:34:32,Ural,services,small,active,
4243,company_04243@example.com,2025-06-24 05:22:16,Moscow,services,small,active,
4244,company_04244@example.com,2022-03-03 10:35:35,Moscow,retail,small,active,
4245,company_04245@example.com,2023-11-21 18:31:47,Central,services,small,active,
4246,company_04246@example.com,2024-12-28 19:47:37,Northwest,ecommerce,medium,churned,2025-10-05 14:55:09.674640361
4247,company_04247@example.com,2023-12-29 12:50:26,Moscow,ecommerce,medium,churned,2024-05-17 13:09:19.045999014
4248,company_04248@example.com,2025-06-30 18:26:29,Volga,travel,small,active,
4249,company_04249@example.com,2023-03-07 08:20:31,Saint Petersburg,retail,small,churned,2026-04-22 17:28:49.414575160
4250,company_04250@example.com,2022-02-15 14:22:52,South,travel,medium,active,
4251,company_04251@example.com,2024-11-24 17:58:46,South,education,small,active,
4252,company_04252@example.com,2022-04-04 00:42:31,Moscow,saas,medium,churned,2023-03-01 10:46:05.306773346
4253,company_04253@example.com,2024-11-12 04:29:29,Ural,travel,small,active,
4254,company_04254@example.com,2024-09-30 07:33:22,Moscow,travel,small,active,
4255,company_04255@example.com,2025-02-28 23:09:00,Ural,education,small,active,
4256,company_04256@example.com,2023-10-18 04:06:02,Moscow,other,small,active,
4257,company_04257@example.com,2025-05-10 01:12:22,Volga,retail,large,active,
4258,company_04258@example.com,2022-08-21 07:54:48,Saint Petersburg,saas,small,active,
4259,company_04259@example.com,2023-08-18 04:33:16,Volga,education,small,churned,2025-03-17 23:33:19.365910970
4260,company_04260@example.com,2022-06-16 16:04:01,Saint Petersburg,ecommerce,small,churned,2023-09-08 12:31:45.006977800
4261,company_04261@example.com,2024-11-15 02:03:31,Volga,services,small,active,
4262,company_04262@example.com,2024-09-04 02:59:17,Moscow,education,small,active,
4263,company_04263@example.com,2025-01-08 03:40:59,Saint Petersburg,retail,medium,active,
4264,company_04264@example.com,2024-11-11 14:54:55,Ural,retail,small,churned,2026-02-03 01:47:14.358142596
4265,company_04265@example.com,2023-02-26 23:20:46,Central,ecommerce,small,active,
4266,company_04266@example.com,2022-04-04 02:45:28,Central,other,small,active,
4267,company_04267@example.com,2025-06-25 04:52:52,Volga,services,small,active,
4268,company_04268@example.com,2023-11-06 04:12:29,Central,ecommerce,small,active,
4269,company_04269@example.com,2022-05-10 01:25:12,Siberia,travel,small,churned,2025-07-30 21:56:23.188549578
4270,company_04270@example.com,2025-06-22 05:22:48,Central,services,small,active,
4271,company_04271@example.com,2025-09-22 03:50:44,Far East,travel,medium,active,
4272,company_04272@example.com,2023-09-02 10:34:59,Siberia,services,medium,active,
4273,company_04273@example.com,2024-11-19 11:37:06,Central,ecommerce,medium,active,
4274,company_04274@example.com,2022-02-19 15:44:12,Saint Petersburg,ecommerce,small,active,
4275,company_04275@example.com,2022-05-08 14:16:13,South,travel,small,active,
4276,company_04276@example.com,2023-01-14 08:13:10,Ural,travel,medium,active,
4277,company_04277@example.com,2024-06-16 17:19:54,Moscow,travel,small,active,
4278,company_04278@example.com,2022-07-02 12:32:13,Moscow,ecommerce,small,active,
4279,company_04279@example.com,2022-02-16 18:10:42,Moscow,saas,small,active,
4280,company_04280@example.com,2024-07-03 21:05:08,Ural,education,medium,active,
4281,company_04281@example.com,2024-11-19 14:46:40,South,services,small,active,
4282,company_04282@example.com,2024-10-08 05:49:54,Moscow,retail,small,active,
4283,company_04283@example.com,2024-12-29 08:05:13,Volga,travel,small,active,
4284,company_04284@example.com,2025-01-03 07:12:28,Ural,other,small,active,
4285,company_04285@example.com,2024-04-04 02:20:00,Far East,retail,small,active,
4286,company_04286@example.com,2023-12-12 13:22:54,Moscow,saas,small,active,
4287,company_04287@example.com,2025-03-18 04:26:25,Saint Petersburg,services,small,active,
4288,company_04288@example.com,2023-04-22 02:24:46,Saint Petersburg,retail,medium,active,
4289,company_04289@example.com,2022-05-14 21:42:13,Volga,retail,medium,active,
4290,company_04290@example.com,2024-10-25 16:26:46,Moscow,travel,small,active,
4291,company_04291@example.com,2023-01-13 11:07:53,Moscow,retail,large,active,
4292,company_04292@example.com,2025-09-01 01:43:45,Ural,ecommerce,small,active,
4293,company_04293@example.com,2023-07-21 14:16:34,Volga,entertainment,medium,active,
4294,company_04294@example.com,2025-03-11 06:03:59,Moscow,services,small,active,
4295,company_04295@example.com,2022-02-28 01:58:46,Central,travel,small,active,
4296,company_04296@example.com,2024-06-20 19:51:49,Moscow,services,small,active,
4297,company_04297@example.com,2023-09-06 03:49:50,Saint Petersburg,education,small,active,
4298,company_04298@example.com,2023-09-25 20:09:16,Central,travel,small,active,
4299,company_04299@example.com,2022-12-29 19:29:17,Moscow,ecommerce,small,active,
4300,company_04300@example.com,2025-08-21 14:13:43,Moscow,retail,small,active,
4301,company_04301@example.com,2023-06-22 06:16:33,Siberia,services,small,active,
4302,company_04302@example.com,2025-03-09 10:57:08,Siberia,other,small,churned,2025-11-14 13:31:14.853502471
4303,company_04303@example.com,2023-08-05 12:58:10,Moscow,retail,large,active,
4304,company_04304@example.com,2022-03-08 00:59:35,South,other,small,active,
4305,company_04305@example.com,2025-04-18 00:50:45,Moscow,travel,large,active,
4306,company_04306@example.com,2022-09-11 05:31:08,Ural,education,small,active,
4307,company_04307@example.com,2023-01-05 19:50:05,Siberia,education,small,active,
4308,company_04308@example.com,2025-03-23 23:51:42,Volga,ecommerce,small,active,
4309,company_04309@example.com,2025-05-07 15:22:27,Volga,services,small,active,
4310,company_04310@example.com,2025-06-08 02:52:50,Saint Petersburg,ecommerce,small,active,
4311,company_04311@example.com,2023-08-06 17:28:43,Moscow,education,medium,active,
4312,company_04312@example.com,2024-11-01 12:55:37,Central,ecommerce,small,active,
4313,company_04313@example.com,2023-03-25 10:34:59,Moscow,other,medium,churned,2025-06-08 21:55:32.055576980
4314,company_04314@example.com,2024-10-09 20:30:41,South,retail,small,churned,2026-04-17 12:34:29.838050529
4315,company_04315@example.com,2023-11-19 10:28:32,Central,education,small,active,
4316,company_04316@example.com,2022-03-13 01:55:22,Moscow,retail,small,active,
4317,company_04317@example.com,2023-07-26 11:20:51,Volga,ecommerce,large,active,
4318,company_04318@example.com,2023-10-02 20:23:31,Ural,retail,small,active,
4319,company_04319@example.com,2023-05-28 06:35:09,Volga,saas,small,active,
4320,company_04320@example.com,2023-11-19 15:58:03,Volga,services,small,active,
4321,company_04321@example.com,2022-03-09 23:48:50,Siberia,education,small,active,
4322,company_04322@example.com,2022-07-27 15:57:16,Moscow,saas,large,active,
4323,company_04323@example.com,2024-11-14 23:01:30,Volga,ecommerce,medium,churned,2026-03-10 03:18:52.444296353
4324,company_04324@example.com,2023-04-27 10:33:49,Central,saas,medium,active,
4325,company_04325@example.com,2024-04-12 06:29:37,Moscow,ecommerce,large,active,
4326,company_04326@example.com,2024-02-14 00:01:28,Northwest,entertainment,medium,active,
4327,company_04327@example.com,2024-01-25 01:35:56,Central,other,small,active,
4328,company_04328@example.com,2023-07-20 13:01:10,Saint Petersburg,saas,small,active,
4329,company_04329@example.com,2023-10-24 04:11:56,Moscow,ecommerce,small,active,
4330,company_04330@example.com,2025-02-01 02:41:26,Northwest,education,small,active,
4331,company_04331@example.com,2025-08-13 04:30:52,Siberia,saas,small,active,
4332,company_04332@example.com,2022-12-18 04:41:19,Moscow,services,small,active,
4333,company_04333@example.com,2024-07-04 20:10:34,Volga,retail,large,churned,2025-06-28 11:21:04.094580460
4334,company_04334@example.com,2025-08-19 15:32:25,Moscow,education,large,churned,2026-02-28 04:55:29.246515223
4335,company_04335@example.com,2022-01-11 09:00:27,South,ecommerce,small,active,
4336,company_04336@example.com,2024-12-09 11:59:36,Central,education,medium,active,
4337,company_04337@example.com,2023-11-11 15:37:28,Moscow,ecommerce,small,active,
4338,company_04338@example.com,2025-08-16 16:00:51,Volga,services,small,active,
4339,company_04339@example.com,2024-03-02 01:40:46,Far East,retail,small,active,
4340,company_04340@example.com,2025-02-20 13:41:57,Saint Petersburg,ecommerce,small,active,
4341,company_04341@example.com,2022-08-16 02:35:22,Moscow,ecommerce,small,active,
4342,company_04342@example.com,2022-07-14 09:33:21,Far East,entertainment,small,active,
4343,company_04343@example.com,2025-06-21 13:28:24,Moscow,services,small,active,
4344,company_04344@example.com,2023-12-22 04:44:15,Central,services,small,active,
4345,company_04345@example.com,2024-02-03 19:30:04,Volga,saas,medium,active,
4346,company_04346@example.com,2022-08-21 12:44:05,Moscow,services,small,active,
4347,company_04347@example.com,2022-11-07 04:00:24,Moscow,retail,small,active,
4348,company_04348@example.com,2025-01-24 08:02:25,Moscow,services,small,active,
4349,company_04349@example.com,2023-02-19 22:54:09,Moscow,retail,small,active,
4350,company_04350@example.com,2024-03-10 03:12:42,Volga,services,small,active,
4351,company_04351@example.com,2023-03-10 00:26:10,Siberia,ecommerce,small,active,
4352,company_04352@example.com,2022-12-27 09:34:04,Moscow,entertainment,small,active,
4353,company_04353@example.com,2022-08-16 02:47:01,South,education,small,active,
4354,company_04354@example.com,2025-06-25 16:35:36,Central,ecommerce,medium,churned,2026-05-06 04:35:39.672128327
4355,company_04355@example.com,2025-07-10 00:07:50,Moscow,services,small,active,
4356,company_04356@example.com,2022-06-07 13:47:18,Volga,ecommerce,small,active,
4357,company_04357@example.com,2023-04-29 05:55:28,Saint Petersburg,education,small,churned,2023-09-30 21:16:03.333403226
4358,company_04358@example.com,2024-02-11 08:43:49,Volga,saas,small,active,
4359,company_04359@example.com,2023-06-09 08:03:07,Saint Petersburg,travel,small,active,
4360,company_04360@example.com,2024-09-13 09:12:12,South,travel,small,active,
4361,company_04361@example.com,2022-12-22 23:52:20,Far East,education,small,churned,2023-05-17 21:15:44.520706332
4362,company_04362@example.com,2022-03-22 12:06:54,Moscow,education,medium,churned,2023-05-06 18:40:30.850301456
4363,company_04363@example.com,2023-04-06 22:14:45,Far East,ecommerce,small,active,
4364,company_04364@example.com,2024-03-28 20:48:33,Moscow,services,small,active,
4365,company_04365@example.com,2022-09-05 02:44:30,Moscow,services,small,active,
4366,company_04366@example.com,2025-01-21 03:40:07,Moscow,ecommerce,small,active,
4367,company_04367@example.com,2022-01-17 18:09:11,Ural,ecommerce,medium,active,
4368,company_04368@example.com,2022-04-03 09:03:24,South,ecommerce,large,active,
4369,company_04369@example.com,2023-11-28 02:06:47,Northwest,retail,large,active,
4370,company_04370@example.com,2023-12-02 17:57:40,South,ecommerce,small,active,
4371,company_04371@example.com,2023-02-08 09:38:53,Central,retail,small,churned,2025-11-24 12:31:10.207100436
4372,company_04372@example.com,2022-12-20 16:56:57,Siberia,education,small,active,
4373,company_04373@example.com,2022-04-06 12:04:16,Northwest,education,small,churned,2023-03-06 07:28:34.664255012
4374,company_04374@example.com,2024-06-25 21:08:08,Ural,ecommerce,small,active,
4375,company_04375@example.com,2023-06-03 12:11:36,Volga,education,small,active,
4376,company_04376@example.com,2022-06-12 08:24:55,Ural,saas,small,active,
4377,company_04377@example.com,2023-07-01 23:30:40,Moscow,retail,small,active,
4378,company_04378@example.com,2025-07-05 21:16:21,Siberia,retail,small,churned,2026-01-01 13:00:41.373182281
4379,company_04379@example.com,2022-12-24 08:55:51,Northwest,services,small,active,
4380,company_04380@example.com,2025-05-08 23:43:43,South,ecommerce,large,active,
4381,company_04381@example.com,2022-12-20 23:03:36,Moscow,retail,small,active,
4382,company_04382@example.com,2022-09-12 09:54:43,Moscow,education,small,active,
4383,company_04383@example.com,2022-12-23 13:24:42,Northwest,retail,large,active,
4384,company_04384@example.com,2023-03-19 05:27:55,Siberia,saas,small,churned,2025-05-06 23:27:38.108210124
4385,company_04385@example.com,2022-06-14 23:50:19,Ural,saas,small,active,
4386,company_04386@example.com,2024-03-14 21:13:53,Far East,retail,medium,active,
4387,company_04387@example.com,2023-04-02 03:46:42,Volga,education,small,active,
4388,company_04388@example.com,2024-09-09 07:25:21,Siberia,other,small,active,
4389,company_04389@example.com,2023-11-03 16:10:19,Moscow,education,medium,active,
4390,company_04390@example.com,2023-08-29 13:16:56,Moscow,other,medium,active,
4391,company_04391@example.com,2023-10-07 07:41:52,Volga,travel,medium,active,
4392,company_04392@example.com,2022-08-02 19:21:24,Saint Petersburg,retail,large,active,
4393,company_04393@example.com,2024-09-02 05:17:27,Central,ecommerce,small,active,
4394,company_04394@example.com,2022-05-23 11:30:06,Ural,ecommerce,medium,active,
4395,company_04395@example.com,2024-09-14 01:14:07,Moscow,saas,small,active,
4396,company_04396@example.com,2025-09-29 16:17:43,South,retail,small,active,
4397,company_04397@example.com,2024-11-11 03:35:15,Moscow,services,medium,active,
4398,company_04398@example.com,2023-09-15 22:07:15,Siberia,services,medium,active,
4399,company_04399@example.com,2023-03-07 04:51:55,Moscow,saas,medium,active,
4400,company_04400@example.com,2025-04-08 14:57:44,South,travel,small,active,
4401,company_04401@example.com,2022-12-18 20:06:03,Volga,ecommerce,small,active,
4402,company_04402@example.com,2023-10-22 21:22:08,Central,retail,small,active,
4403,company_04403@example.com,2024-11-20 13:18:34,Saint Petersburg,education,small,active,
4404,company_04404@example.com,2025-06-15 18:50:45,Moscow,saas,medium,active,
4405,company_04405@example.com,2025-06-13 20:49:44,Saint Petersburg,travel,medium,active,
4406,company_04406@example.com,2022-05-01 01:18:57,Moscow,services,small,active,
4407,company_04407@example.com,2025-05-13 19:46:47,Moscow,saas,small,active,
4408,company_04408@example.com,2022-06-05 23:28:41,South,education,small,active,
4409,company_04409@example.com,2024-03-10 13:31:18,Moscow,ecommerce,small,active,
4410,company_04410@example.com,2025-06-25 17:41:02,Moscow,entertainment,small,active,
4411,company_04411@example.com,2024-06-14 18:35:51,Saint Petersburg,education,medium,active,
4412,company_04412@example.com,2025-07-20 04:05:29,Central,saas,small,active,
4413,company_04413@example.com,2023-04-17 01:10:35,Volga,retail,large,active,
4414,company_04414@example.com,2023-03-07 12:48:11,South,services,small,active,
4415,company_04415@example.com,2023-03-23 06:18:35,Volga,retail,medium,active,
4416,company_04416@example.com,2023-05-01 20:46:24,Central,retail,small,churned,2024-03-02 01:18:15.847731488
4417,company_04417@example.com,2024-07-23 01:53:10,Central,ecommerce,medium,active,
4418,company_04418@example.com,2023-09-11 22:50:45,Saint Petersburg,travel,small,active,
4419,company_04419@example.com,2024-10-05 19:17:15,South,retail,medium,active,
4420,company_04420@example.com,2023-07-24 07:25:12,Saint Petersburg,retail,medium,active,
4421,company_04421@example.com,2023-02-25 23:14:13,Siberia,retail,small,active,
4422,company_04422@example.com,2022-09-17 23:33:52,Volga,education,small,active,
4423,company_04423@example.com,2024-01-24 20:19:10,Volga,services,small,active,
4424,company_04424@example.com,2025-05-13 23:27:38,Volga,services,medium,active,
4425,company_04425@example.com,2025-03-21 01:35:04,Far East,services,small,active,
4426,company_04426@example.com,2022-12-13 12:35:42,Central,education,small,active,
4427,company_04427@example.com,2023-10-16 09:41:09,Central,education,small,active,
4428,company_04428@example.com,2024-08-22 19:30:13,Siberia,ecommerce,small,active,
4429,company_04429@example.com,2024-04-17 19:06:34,Volga,education,medium,active,
4430,company_04430@example.com,2022-04-02 20:51:18,Central,entertainment,medium,churned,2023-09-28 23:14:33.268154763
4431,company_04431@example.com,2024-03-19 13:37:33,Saint Petersburg,education,medium,active,
4432,company_04432@example.com,2022-02-23 00:17:01,Moscow,other,medium,active,
4433,company_04433@example.com,2022-06-09 08:53:47,Ural,ecommerce,medium,active,
4434,company_04434@example.com,2024-06-13 07:16:43,Saint Petersburg,travel,small,active,
4435,company_04435@example.com,2022-05-21 06:50:04,Moscow,travel,large,active,
4436,company_04436@example.com,2023-04-09 18:34:07,Moscow,services,small,churned,2024-11-29 09:34:10.177830227
4437,company_04437@example.com,2024-03-15 23:12:51,Northwest,services,small,active,
4438,company_04438@example.com,2024-06-15 16:02:33,Volga,ecommerce,medium,active,
4439,company_04439@example.com,2023-09-02 18:14:00,Central,travel,small,active,
4440,company_04440@example.com,2022-05-09 14:54:14,Far East,education,small,active,
4441,company_04441@example.com,2024-12-29 04:12:01,Saint Petersburg,education,small,churned,2025-07-27 22:08:31.322304988
4442,company_04442@example.com,2025-07-23 09:31:13,Ural,ecommerce,small,active,
4443,company_04443@example.com,2025-04-30 18:27:05,South,ecommerce,medium,active,
4444,company_04444@example.com,2024-10-20 23:13:37,Central,entertainment,small,active,
4445,company_04445@example.com,2023-07-05 05:39:40,Ural,retail,small,active,
4446,company_04446@example.com,2025-04-13 17:36:20,Northwest,retail,small,active,
4447,company_04447@example.com,2023-10-30 19:45:41,Moscow,ecommerce,small,active,
4448,company_04448@example.com,2022-07-06 16:36:04,Moscow,services,small,active,
4449,company_04449@example.com,2025-03-09 13:10:31,Ural,travel,small,churned,2026-05-28 12:22:49.699542683
4450,company_04450@example.com,2023-03-14 23:31:29,Central,entertainment,small,active,
4451,company_04451@example.com,2025-07-08 03:27:12,Volga,services,small,active,
4452,company_04452@example.com,2023-05-19 21:28:32,Moscow,retail,small,active,
4453,company_04453@example.com,2025-04-04 07:58:14,Siberia,ecommerce,small,active,
4454,company_04454@example.com,2024-01-05 20:27:08,South,retail,medium,active,
4455,company_04455@example.com,2023-10-02 09:30:02,Northwest,services,small,active,
4456,company_04456@example.com,2025-02-17 05:47:48,Central,other,small,active,
4457,company_04457@example.com,2022-03-24 22:37:42,Northwest,ecommerce,large,active,
4458,company_04458@example.com,2023-10-04 10:02:29,Volga,retail,small,churned,2024-06-19 06:41:56.101993764
4459,company_04459@example.com,2023-05-20 15:00:53,Volga,services,small,active,
4460,company_04460@example.com,2024-01-14 08:37:44,South,services,medium,churned,2026-02-07 19:21:56.820874937
4461,company_04461@example.com,2022-12-15 05:21:47,Central,services,small,active,
4462,company_04462@example.com,2024-06-28 03:53:12,Volga,education,medium,active,
4463,company_04463@example.com,2023-06-12 22:34:04,Moscow,retail,medium,active,
4464,company_04464@example.com,2022-09-15 08:42:58,Saint Petersburg,education,large,active,
4465,company_04465@example.com,2022-09-27 10:34:32,South,retail,large,active,
4466,company_04466@example.com,2024-08-10 19:39:42,Moscow,travel,small,active,
4467,company_04467@example.com,2022-12-25 06:34:54,South,ecommerce,medium,active,
4468,company_04468@example.com,2023-02-25 07:43:51,Saint Petersburg,education,small,active,
4469,company_04469@example.com,2024-05-07 16:05:57,Saint Petersburg,other,small,active,
4470,company_04470@example.com,2023-03-28 03:27:54,South,services,small,churned,2024-11-25 23:31:40.433850795
4471,company_04471@example.com,2023-06-15 23:52:00,Moscow,ecommerce,small,active,
4472,company_04472@example.com,2022-12-01 10:43:09,Northwest,other,small,active,
4473,company_04473@example.com,2023-04-18 11:37:39,Northwest,retail,small,active,
4474,company_04474@example.com,2024-08-05 17:20:14,Central,travel,small,active,
4475,company_04475@example.com,2024-01-01 09:11:23,Central,ecommerce,small,active,
4476,company_04476@example.com,2025-09-26 15:01:41,Moscow,saas,medium,active,
4477,company_04477@example.com,2024-11-21 21:43:30,Ural,ecommerce,small,active,
4478,company_04478@example.com,2022-01-24 00:37:33,Moscow,retail,medium,churned,2022-11-29 13:49:49.826395636
4479,company_04479@example.com,2023-06-03 06:59:33,Far East,other,medium,active,
4480,company_04480@example.com,2023-02-01 12:22:43,Northwest,services,medium,churned,2023-10-09 04:43:41.258215788
4481,company_04481@example.com,2024-03-14 17:26:23,Moscow,retail,small,active,
4482,company_04482@example.com,2022-12-30 10:03:41,South,ecommerce,medium,active,
4483,company_04483@example.com,2025-08-14 18:21:52,Central,ecommerce,medium,active,
4484,company_04484@example.com,2023-02-14 13:06:44,Volga,retail,medium,active,
4485,company_04485@example.com,2023-12-16 01:39:03,Moscow,education,medium,active,
4486,company_04486@example.com,2022-06-18 03:25:40,South,education,small,churned,2024-08-07 23:06:47.684884667
4487,company_04487@example.com,2025-05-29 14:28:26,Moscow,entertainment,small,active,
4488,company_04488@example.com,2025-06-01 09:52:00,Siberia,travel,medium,active,
4489,company_04489@example.com,2024-12-21 17:51:34,Central,entertainment,small,active,
4490,company_04490@example.com,2023-04-27 00:40:08,Volga,education,medium,active,
4491,company_04491@example.com,2022-03-22 07:51:06,Far East,education,small,active,
4492,company_04492@example.com,2024-08-30 14:26:01,South,services,small,active,
4493,company_04493@example.com,2023-08-11 00:10:26,Volga,retail,small,active,
4494,company_04494@example.com,2024-08-13 07:11:23,Central,ecommerce,small,active,
4495,company_04495@example.com,2024-01-07 20:26:02,Central,saas,large,churned,2025-01-28 10:59:44.174425904
4496,company_04496@example.com,2025-09-11 19:43:31,Saint Petersburg,services,small,active,
4497,company_04497@example.com,2024-12-31 01:02:38,Far East,retail,medium,churned,2025-07-31 22:27:33.267331543
4498,company_04498@example.com,2023-09-20 01:24:37,Saint Petersburg,education,small,active,
4499,company_04499@example.com,2022-01-26 19:01:43,Central,ecommerce,large,churned,2026-03-31 20:05:45.359629676
4500,company_04500@example.com,2022-05-07 22:19:55,Ural,services,small,active,
4501,company_04501@example.com,2023-08-31 00:08:21,Saint Petersburg,retail,small,active,
4502,company_04502@example.com,2024-02-08 19:53:06,Siberia,entertainment,small,active,
4503,company_04503@example.com,2022-02-11 05:56:59,Moscow,education,small,active,
4504,company_04504@example.com,2022-06-23 03:20:32,Moscow,retail,large,active,
4505,company_04505@example.com,2024-08-21 11:25:08,Volga,travel,large,active,
4506,company_04506@example.com,2024-10-25 01:53:24,Volga,entertainment,small,active,
4507,company_04507@example.com,2022-02-10 18:45:59,Far East,saas,small,churned,2024-04-12 18:48:23.444219425
4508,company_04508@example.com,2023-11-26 12:03:04,Central,education,small,active,
4509,company_04509@example.com,2022-04-21 18:33:20,Moscow,retail,small,active,
4510,company_04510@example.com,2024-09-16 15:41:55,Saint Petersburg,services,small,active,
4511,company_04511@example.com,2025-02-15 00:17:51,Central,saas,small,active,
4512,company_04512@example.com,2025-04-04 06:53:14,Volga,other,small,active,
4513,company_04513@example.com,2024-03-29 07:16:38,Saint Petersburg,education,medium,active,
4514,company_04514@example.com,2024-05-10 09:37:16,Volga,services,small,active,
4515,company_04515@example.com,2025-06-21 13:50:07,Siberia,retail,small,active,
4516,company_04516@example.com,2024-04-17 19:36:28,Central,ecommerce,small,active,
4517,company_04517@example.com,2023-09-03 12:04:43,South,retail,small,active,
4518,company_04518@example.com,2024-10-29 06:03:06,Moscow,ecommerce,small,active,
4519,company_04519@example.com,2024-03-19 06:25:59,Ural,education,small,active,
4520,company_04520@example.com,2025-02-26 11:28:57,Saint Petersburg,retail,small,active,
4521,company_04521@example.com,2023-12-19 18:58:12,Volga,services,medium,active,
4522,company_04522@example.com,2025-04-03 20:46:26,Saint Petersburg,services,medium,active,
4523,company_04523@example.com,2022-03-03 08:58:51,Moscow,ecommerce,large,active,
4524,company_04524@example.com,2022-02-19 20:04:34,Saint Petersburg,services,small,churned,2026-02-17 09:43:10.711132959
4525,company_04525@example.com,2022-05-16 11:38:07,Moscow,ecommerce,small,active,
4526,company_04526@example.com,2024-01-31 20:50:23,Siberia,ecommerce,small,active,
4527,company_04527@example.com,2024-08-27 21:05:50,Saint Petersburg,other,small,churned,2025-03-21 08:13:33.066109558
4528,company_04528@example.com,2022-10-23 20:33:14,Northwest,ecommerce,large,churned,2023-09-28 02:59:34.589394361
4529,company_04529@example.com,2022-08-02 01:30:31,Central,retail,large,active,
4530,company_04530@example.com,2025-03-22 22:52:34,Moscow,services,small,active,
4531,company_04531@example.com,2024-10-23 17:42:26,Central,retail,small,active,
4532,company_04532@example.com,2024-06-06 00:11:34,Moscow,retail,small,active,
4533,company_04533@example.com,2023-10-31 02:05:17,Siberia,travel,small,active,
4534,company_04534@example.com,2023-07-29 20:44:39,Moscow,services,large,active,
4535,company_04535@example.com,2022-01-29 01:58:10,Siberia,education,small,churned,2024-10-17 00:31:11.587408110
4536,company_04536@example.com,2022-09-15 07:50:16,Moscow,entertainment,small,churned,2023-12-12 06:21:34.503131270
4537,company_04537@example.com,2025-05-12 02:04:01,Saint Petersburg,ecommerce,small,active,
4538,company_04538@example.com,2023-04-09 18:49:25,Moscow,education,small,active,
4539,company_04539@example.com,2024-08-21 19:32:30,South,ecommerce,small,active,
4540,company_04540@example.com,2024-08-20 18:25:45,Volga,ecommerce,medium,active,
4541,company_04541@example.com,2023-02-28 06:56:47,Far East,other,small,active,
4542,company_04542@example.com,2022-10-07 13:31:57,Saint Petersburg,travel,small,active,
4543,company_04543@example.com,2024-08-04 04:48:02,Moscow,ecommerce,small,active,
4544,company_04544@example.com,2022-05-09 00:30:54,Ural,retail,small,churned,2023-05-16 02:06:24.803135678
4545,company_04545@example.com,2023-11-08 22:01:34,Volga,ecommerce,small,active,
4546,company_04546@example.com,2025-04-29 19:45:36,Ural,services,small,active,
4547,company_04547@example.com,2024-08-31 02:21:47,Central,retail,small,active,
4548,company_04548@example.com,2024-11-11 10:33:15,South,entertainment,small,active,
4549,company_04549@example.com,2022-04-24 21:50:23,Moscow,ecommerce,medium,active,
4550,company_04550@example.com,2022-10-01 07:40:01,Northwest,retail,medium,active,
4551,company_04551@example.com,2023-01-12 08:01:21,Moscow,other,large,active,
4552,company_04552@example.com,2023-02-04 21:10:21,Ural,entertainment,small,churned,2023-09-16 04:40:56.476521814
4553,company_04553@example.com,2022-09-23 12:04:56,Moscow,retail,medium,active,
4554,company_04554@example.com,2025-08-22 19:00:28,Ural,education,small,active,
4555,company_04555@example.com,2022-08-14 15:47:10,Siberia,entertainment,small,active,
4556,company_04556@example.com,2024-08-26 19:06:47,Siberia,services,small,active,
4557,company_04557@example.com,2024-03-13 16:13:37,Central,services,small,churned,2024-09-02 04:12:03.991370006
4558,company_04558@example.com,2024-04-15 04:39:30,Central,services,medium,active,
4559,company_04559@example.com,2022-10-21 15:29:07,Siberia,entertainment,small,active,
4560,company_04560@example.com,2023-02-25 20:03:30,Volga,education,small,active,
4561,company_04561@example.com,2024-04-09 16:33:17,Volga,ecommerce,large,active,
4562,company_04562@example.com,2023-02-14 04:52:36,Moscow,education,small,churned,2025-09-05 23:28:49.252522766
4563,company_04563@example.com,2024-08-07 13:09:39,Central,travel,large,active,
4564,company_04564@example.com,2022-02-24 01:38:21,Saint Petersburg,education,medium,active,
4565,company_04565@example.com,2022-04-10 14:50:36,South,retail,medium,active,
4566,company_04566@example.com,2024-09-23 13:30:59,Moscow,services,medium,active,
4567,company_04567@example.com,2024-04-23 17:26:13,Central,education,small,active,
4568,company_04568@example.com,2022-03-01 01:31:44,Siberia,other,small,active,
4569,company_04569@example.com,2025-05-14 21:15:22,Volga,retail,medium,active,
4570,company_04570@example.com,2022-01-07 15:28:33,Siberia,travel,medium,active,
4571,company_04571@example.com,2025-07-31 04:41:56,Moscow,services,small,active,
4572,company_04572@example.com,2024-09-24 22:46:57,Central,ecommerce,small,churned,2025-06-11 01:40:49.373322148
4573,company_04573@example.com,2025-09-13 18:36:40,Volga,education,small,active,
4574,company_04574@example.com,2025-07-22 01:25:23,Central,ecommerce,small,active,
4575,company_04575@example.com,2023-03-05 08:32:35,South,saas,small,active,
4576,company_04576@example.com,2024-10-31 21:30:29,Moscow,travel,medium,active,
4577,company_04577@example.com,2022-10-16 12:40:42,Volga,ecommerce,medium,active,
4578,company_04578@example.com,2023-10-08 04:53:26,Moscow,education,medium,active,
4579,company_04579@example.com,2022-11-25 11:13:48,Volga,other,small,active,
4580,company_04580@example.com,2023-10-27 21:50:15,Siberia,retail,small,active,
4581,company_04581@example.com,2025-04-08 08:42:37,Moscow,entertainment,small,churned,2026-05-24 13:50:30.334652070
4582,company_04582@example.com,2023-08-20 15:13:51,Central,ecommerce,small,active,
4583,company_04583@example.com,2022-05-07 09:28:44,Central,ecommerce,small,active,
4584,company_04584@example.com,2023-03-21 02:42:03,South,services,small,churned,2024-01-26 19:40:26.201941133
4585,company_04585@example.com,2024-12-11 23:07:12,Moscow,ecommerce,small,active,
4586,company_04586@example.com,2023-12-15 16:55:15,Central,entertainment,small,active,
4587,company_04587@example.com,2024-02-06 08:03:32,Ural,services,small,active,
4588,company_04588@example.com,2023-08-13 19:32:53,Volga,services,small,active,
4589,company_04589@example.com,2023-02-05 12:30:57,Ural,services,small,active,
4590,company_04590@example.com,2024-03-29 07:02:52,Saint Petersburg,services,small,active,
4591,company_04591@example.com,2024-05-16 01:33:45,Far East,travel,small,churned,2025-04-22 13:42:30.338881403
4592,company_04592@example.com,2025-05-13 15:04:42,Moscow,services,small,active,
4593,company_04593@example.com,2024-04-25 02:59:55,Moscow,saas,small,churned,2025-04-22 06:27:27.512687440
4594,company_04594@example.com,2025-09-23 04:08:57,Volga,services,large,active,
4595,company_04595@example.com,2025-02-04 18:10:37,Central,retail,small,active,
4596,company_04596@example.com,2022-04-18 17:17:58,Volga,education,medium,active,
4597,company_04597@example.com,2023-06-21 11:47:01,Moscow,education,small,active,
4598,company_04598@example.com,2023-06-11 05:55:39,Moscow,retail,medium,active,
4599,company_04599@example.com,2022-01-05 03:10:32,Ural,retail,medium,active,
4600,company_04600@example.com,2022-09-05 04:56:44,Saint Petersburg,retail,small,active,
4601,company_04601@example.com,2024-11-08 16:09:32,South,ecommerce,medium,active,
4602,company_04602@example.com,2023-04-27 16:49:09,South,saas,small,churned,2025-01-11 12:06:38.553939298
4603,company_04603@example.com,2022-07-22 07:08:58,Moscow,travel,small,active,
4604,company_04604@example.com,2023-01-29 06:18:50,South,retail,small,active,
4605,company_04605@example.com,2023-01-11 19:03:02,Siberia,other,small,active,
4606,company_04606@example.com,2022-08-27 18:24:11,Ural,other,large,active,
4607,company_04607@example.com,2022-05-19 10:20:06,Moscow,saas,medium,active,
4608,company_04608@example.com,2024-11-11 06:08:41,Volga,ecommerce,small,active,
4609,company_04609@example.com,2025-02-01 22:44:01,Far East,retail,large,active,
4610,company_04610@example.com,2023-11-10 22:09:07,Volga,education,small,active,
4611,company_04611@example.com,2024-04-21 22:54:56,Saint Petersburg,travel,small,active,
4612,company_04612@example.com,2025-06-11 12:40:15,Moscow,services,medium,churned,2026-04-30 19:07:48.689515501
4613,company_04613@example.com,2025-02-26 18:19:19,South,services,small,active,
4614,company_04614@example.com,2022-02-14 14:04:30,Ural,travel,small,active,
4615,company_04615@example.com,2025-07-27 15:26:02,Far East,other,small,active,
4616,company_04616@example.com,2022-04-02 15:01:19,Siberia,services,small,active,
4617,company_04617@example.com,2022-02-06 08:25:02,Saint Petersburg,entertainment,small,active,
4618,company_04618@example.com,2023-07-06 16:16:41,Volga,saas,small,active,
4619,company_04619@example.com,2024-10-17 07:50:41,Moscow,retail,medium,active,
4620,company_04620@example.com,2022-04-20 19:39:53,Moscow,saas,small,active,
4621,company_04621@example.com,2023-02-05 19:25:11,Moscow,ecommerce,small,active,
4622,company_04622@example.com,2022-12-26 09:56:17,Far East,ecommerce,medium,active,
4623,company_04623@example.com,2023-06-28 14:49:22,Moscow,other,small,active,
4624,company_04624@example.com,2025-09-10 21:19:42,Central,education,small,active,
4625,company_04625@example.com,2023-03-30 08:59:56,Central,education,medium,active,
4626,company_04626@example.com,2022-10-13 20:33:42,Saint Petersburg,other,medium,active,
4627,company_04627@example.com,2022-06-17 07:50:02,Volga,retail,small,active,
4628,company_04628@example.com,2022-09-29 00:36:06,Moscow,ecommerce,medium,active,
4629,company_04629@example.com,2022-07-02 03:11:42,Central,ecommerce,medium,churned,2025-10-26 17:40:07.771490663
4630,company_04630@example.com,2024-02-24 17:46:13,Central,education,small,active,
4631,company_04631@example.com,2023-07-30 06:03:51,Ural,ecommerce,medium,active,
4632,company_04632@example.com,2023-11-13 06:16:47,South,ecommerce,medium,active,
4633,company_04633@example.com,2025-02-12 09:02:24,Siberia,saas,small,active,
4634,company_04634@example.com,2024-03-05 00:57:00,Saint Petersburg,retail,small,churned,2024-07-09 23:29:24.159030891
4635,company_04635@example.com,2022-08-01 06:31:43,Moscow,services,medium,active,
4636,company_04636@example.com,2023-05-31 08:58:21,Central,ecommerce,large,active,
4637,company_04637@example.com,2023-03-04 14:37:10,Northwest,education,small,active,
4638,company_04638@example.com,2025-02-05 00:15:42,Moscow,services,medium,active,
4639,company_04639@example.com,2023-02-25 00:12:07,Moscow,education,medium,churned,2024-09-05 07:36:41.539508976
4640,company_04640@example.com,2022-07-09 13:52:35,Far East,retail,medium,active,
4641,company_04641@example.com,2024-10-03 20:32:18,Far East,retail,large,active,
4642,company_04642@example.com,2023-08-10 00:59:14,Moscow,ecommerce,small,churned,2025-12-26 06:57:20.386383064
4643,company_04643@example.com,2022-05-12 03:21:57,Ural,ecommerce,small,active,
4644,company_04644@example.com,2024-08-01 14:15:39,Central,education,small,churned,2024-11-29 16:51:34.491476797
4645,company_04645@example.com,2022-10-15 23:30:57,Central,ecommerce,small,active,
4646,company_04646@example.com,2025-04-02 17:56:19,Central,ecommerce,small,active,
4647,company_04647@example.com,2025-02-12 19:20:01,Northwest,ecommerce,medium,active,
4648,company_04648@example.com,2023-05-21 13:46:29,Moscow,saas,large,churned,2025-02-25 10:28:14.960354351
4649,company_04649@example.com,2024-01-31 01:18:33,Ural,education,small,churned,2024-12-05 17:12:35.173807556
4650,company_04650@example.com,2024-02-16 16:13:24,Moscow,services,medium,active,
4651,company_04651@example.com,2024-06-12 21:18:55,Volga,services,small,active,
4652,company_04652@example.com,2022-04-05 14:00:09,South,retail,small,active,
4653,company_04653@example.com,2023-03-21 09:24:15,Ural,retail,small,active,
4654,company_04654@example.com,2022-08-21 23:54:58,Far East,retail,small,active,
4655,company_04655@example.com,2024-08-12 04:12:13,Ural,services,small,active,
4656,company_04656@example.com,2022-04-05 13:56:38,South,retail,medium,active,
4657,company_04657@example.com,2023-12-09 04:49:42,Saint Petersburg,ecommerce,small,active,
4658,company_04658@example.com,2024-09-22 17:47:07,Northwest,entertainment,small,active,
4659,company_04659@example.com,2025-07-21 09:07:43,Central,travel,small,active,
4660,company_04660@example.com,2023-01-30 01:35:05,Central,ecommerce,small,active,
4661,company_04661@example.com,2022-01-11 21:46:22,Volga,entertainment,large,active,
4662,company_04662@example.com,2024-09-17 02:00:19,Central,ecommerce,large,active,
4663,company_04663@example.com,2022-01-03 02:46:47,Volga,ecommerce,small,active,
4664,company_04664@example.com,2022-04-01 19:59:17,Saint Petersburg,ecommerce,small,active,
4665,company_04665@example.com,2025-09-16 23:53:22,Moscow,other,small,active,
4666,company_04666@example.com,2025-03-25 23:10:09,Far East,ecommerce,medium,active,
4667,company_04667@example.com,2024-08-25 21:56:28,Far East,saas,small,active,
4668,company_04668@example.com,2025-02-17 00:07:38,Central,services,small,active,
4669,company_04669@example.com,2022-04-14 01:56:16,Northwest,education,small,active,
4670,company_04670@example.com,2022-05-02 15:42:30,Central,retail,small,churned,2024-03-17 21:03:15.575229324
4671,company_04671@example.com,2023-02-16 12:49:06,Central,ecommerce,small,active,
4672,company_04672@example.com,2022-02-02 11:58:25,Far East,travel,small,churned,2024-02-05 12:19:49.501354553
4673,company_04673@example.com,2025-04-30 05:05:05,Volga,retail,small,churned,2025-12-14 06:04:27.030088801
4674,company_04674@example.com,2022-03-19 00:04:27,Ural,services,small,active,
4675,company_04675@example.com,2024-01-15 05:55:21,Central,ecommerce,small,churned,2026-03-11 07:31:18.179057017
4676,company_04676@example.com,2025-03-13 18:23:09,Central,saas,small,churned,2026-01-01 04:03:48.694235479
4677,company_04677@example.com,2024-10-02 11:04:27,Moscow,services,small,active,
4678,company_04678@example.com,2022-11-18 01:47:05,Northwest,education,medium,active,
4679,company_04679@example.com,2023-10-06 09:59:11,Moscow,education,large,churned,2026-03-10 10:00:52.365581378
4680,company_04680@example.com,2024-01-21 00:54:34,Central,retail,small,churned,2025-11-09 12:38:07.743848890
4681,company_04681@example.com,2024-11-16 12:26:39,Moscow,retail,medium,active,
4682,company_04682@example.com,2023-08-07 02:26:58,South,ecommerce,medium,active,
4683,company_04683@example.com,2023-01-25 22:18:27,Central,services,medium,active,
4684,company_04684@example.com,2024-12-24 06:41:38,Ural,ecommerce,small,active,
4685,company_04685@example.com,2025-04-27 16:53:04,Volga,ecommerce,small,active,
4686,company_04686@example.com,2023-10-31 19:30:32,Moscow,ecommerce,small,active,
4687,company_04687@example.com,2022-02-08 07:58:43,Moscow,ecommerce,large,active,
4688,company_04688@example.com,2023-11-16 21:41:48,Moscow,services,small,active,
4689,company_04689@example.com,2025-05-01 13:12:58,South,services,small,active,
4690,company_04690@example.com,2025-09-15 01:51:59,Ural,education,small,active,
4691,company_04691@example.com,2023-07-03 14:47:31,Saint Petersburg,retail,small,active,
4692,company_04692@example.com,2022-07-25 09:03:12,Volga,services,small,active,
4693,company_04693@example.com,2024-02-22 17:15:06,Moscow,services,small,churned,2025-02-25 09:51:12.196569338
4694,company_04694@example.com,2025-02-10 09:40:18,Siberia,saas,small,active,
4695,company_04695@example.com,2025-07-16 18:24:08,Northwest,saas,medium,churned,2026-02-19 14:34:46.908304855
4696,company_04696@example.com,2022-03-12 19:02:51,Ural,saas,small,active,
4697,company_04697@example.com,2023-02-02 11:18:54,Moscow,saas,small,active,
4698,company_04698@example.com,2023-10-16 10:09:51,Central,entertainment,medium,active,
4699,company_04699@example.com,2022-05-15 09:53:37,Northwest,services,small,churned,2024-02-23 06:56:57.748616524
4700,company_04700@example.com,2025-04-27 12:08:41,Moscow,services,medium,active,
4701,company_04701@example.com,2022-06-03 10:45:56,South,travel,medium,active,
4702,company_04702@example.com,2024-06-29 00:18:17,Far East,ecommerce,small,active,
4703,company_04703@example.com,2025-06-10 16:26:27,Ural,retail,small,active,
4704,company_04704@example.com,2024-07-26 08:57:58,Volga,entertainment,small,active,
4705,company_04705@example.com,2024-11-10 01:36:24,Volga,education,small,active,
4706,company_04706@example.com,2022-12-27 05:13:58,Far East,ecommerce,small,active,
4707,company_04707@example.com,2025-02-05 23:29:09,Central,retail,small,active,
4708,company_04708@example.com,2023-07-27 14:38:51,Siberia,ecommerce,small,churned,2025-12-24 13:32:42.857686877
4709,company_04709@example.com,2022-03-25 21:18:04,Central,retail,small,active,
4710,company_04710@example.com,2023-05-17 11:35:22,Ural,services,small,churned,2024-03-18 02:44:21.488837298
4711,company_04711@example.com,2023-04-24 13:57:32,Far East,education,small,active,
4712,company_04712@example.com,2023-12-15 08:01:24,Volga,education,small,active,
4713,company_04713@example.com,2022-12-29 06:48:44,Saint Petersburg,ecommerce,large,active,
4714,company_04714@example.com,2023-09-25 07:52:02,Moscow,education,small,active,
4715,company_04715@example.com,2023-08-09 11:05:54,Ural,ecommerce,small,active,
4716,company_04716@example.com,2023-03-24 04:43:36,Volga,retail,small,active,
4717,company_04717@example.com,2023-02-22 21:32:22,Saint Petersburg,services,small,churned,2026-03-23 18:19:57.474074379
4718,company_04718@example.com,2022-12-10 04:00:07,Siberia,ecommerce,small,active,
4719,company_04719@example.com,2025-03-29 03:35:52,Far East,entertainment,medium,active,
4720,company_04720@example.com,2023-05-15 09:13:52,Siberia,services,small,active,
4721,company_04721@example.com,2022-02-25 16:08:57,Volga,ecommerce,small,active,
4722,company_04722@example.com,2022-07-25 02:52:42,Northwest,retail,small,active,
4723,company_04723@example.com,2025-01-07 23:02:15,Siberia,ecommerce,medium,active,
4724,company_04724@example.com,2025-04-08 00:55:42,Moscow,ecommerce,small,active,
4725,company_04725@example.com,2022-10-17 23:43:27,Northwest,entertainment,small,active,
4726,company_04726@example.com,2024-04-03 16:47:01,Volga,services,medium,active,
4727,company_04727@example.com,2024-02-25 16:56:50,Far East,saas,medium,active,
4728,company_04728@example.com,2022-07-03 00:28:33,Ural,services,small,active,
4729,company_04729@example.com,2023-09-11 07:54:33,South,entertainment,large,active,
4730,company_04730@example.com,2024-08-07 04:47:22,Saint Petersburg,entertainment,medium,active,
4731,company_04731@example.com,2025-08-16 00:40:33,Moscow,ecommerce,small,active,
4732,company_04732@example.com,2025-03-05 14:35:07,Saint Petersburg,ecommerce,medium,active,
4733,company_04733@example.com,2022-05-14 20:04:23,South,retail,small,active,
4734,company_04734@example.com,2022-11-21 22:46:16,Siberia,retail,small,churned,2025-01-26 18:05:00.367686801
4735,company_04735@example.com,2023-08-21 10:06:23,Moscow,education,small,churned,2025-06-18 01:48:08.587581933
4736,company_04736@example.com,2022-07-26 00:31:07,Moscow,retail,medium,active,
4737,company_04737@example.com,2024-02-20 16:49:50,South,saas,small,churned,2025-06-21 18:49:53.741197430
4738,company_04738@example.com,2022-01-12 18:55:18,Saint Petersburg,ecommerce,small,churned,2024-08-10 00:08:40.321664348
4739,company_04739@example.com,2022-06-05 07:09:03,Moscow,saas,small,active,
4740,company_04740@example.com,2022-03-06 15:19:23,Moscow,retail,small,active,
4741,company_04741@example.com,2023-02-09 05:27:16,Volga,ecommerce,medium,churned,2025-06-03 20:07:44.074622490
4742,company_04742@example.com,2024-11-08 18:14:10,Volga,saas,medium,active,
4743,company_04743@example.com,2022-08-31 12:12:10,Siberia,education,small,active,
4744,company_04744@example.com,2025-09-12 11:18:05,Saint Petersburg,travel,medium,active,
4745,company_04745@example.com,2023-01-04 17:36:28,Moscow,entertainment,medium,active,
4746,company_04746@example.com,2022-03-03 09:30:38,Ural,ecommerce,small,active,
4747,company_04747@example.com,2023-04-04 22:54:34,Northwest,retail,small,active,
4748,company_04748@example.com,2024-10-20 08:39:56,Saint Petersburg,ecommerce,small,active,
4749,company_04749@example.com,2022-05-26 21:36:14,Siberia,ecommerce,small,churned,2025-02-20 23:42:41.258871198
4750,company_04750@example.com,2022-04-09 07:22:43,Ural,other,small,active,
4751,company_04751@example.com,2025-03-07 21:39:08,Far East,saas,small,active,
4752,company_04752@example.com,2024-03-21 00:54:17,Central,retail,medium,churned,2024-12-11 20:43:51.596698055
4753,company_04753@example.com,2023-04-15 13:25:36,Moscow,services,small,churned,2025-03-30 11:41:55.329605177
4754,company_04754@example.com,2024-10-31 07:27:49,Moscow,entertainment,medium,active,
4755,company_04755@example.com,2025-03-01 00:53:31,Ural,ecommerce,medium,active,
4756,company_04756@example.com,2023-05-07 09:23:55,Siberia,ecommerce,small,active,
4757,company_04757@example.com,2024-02-07 16:42:57,Central,saas,small,churned,2025-02-18 04:46:37.164927248
4758,company_04758@example.com,2022-01-15 23:00:31,Moscow,travel,medium,active,
4759,company_04759@example.com,2023-02-23 18:56:26,Moscow,ecommerce,medium,active,
4760,company_04760@example.com,2024-03-25 05:15:24,Volga,education,small,active,
4761,company_04761@example.com,2022-09-27 15:12:38,Far East,ecommerce,small,active,
4762,company_04762@example.com,2025-09-18 00:32:37,Central,services,small,active,
4763,company_04763@example.com,2025-08-21 12:34:01,South,services,medium,active,
4764,company_04764@example.com,2022-12-19 10:05:42,Volga,retail,medium,churned,2025-04-12 17:31:28.626565494
4765,company_04765@example.com,2023-06-27 05:23:22,Siberia,saas,small,active,
4766,company_04766@example.com,2022-09-17 05:22:39,Siberia,education,small,active,
4767,company_04767@example.com,2023-11-21 09:41:28,Moscow,travel,small,active,
4768,company_04768@example.com,2022-06-19 12:44:05,South,services,large,active,
4769,company_04769@example.com,2023-06-19 19:36:27,Siberia,education,medium,active,
4770,company_04770@example.com,2024-01-30 14:09:09,Far East,retail,medium,active,
4771,company_04771@example.com,2024-04-17 00:05:16,Volga,ecommerce,small,active,
4772,company_04772@example.com,2024-03-26 22:29:07,Moscow,travel,small,active,
4773,company_04773@example.com,2022-10-30 21:38:27,Volga,services,small,active,
4774,company_04774@example.com,2024-12-19 19:50:10,South,retail,small,active,
4775,company_04775@example.com,2024-08-04 07:30:05,Saint Petersburg,other,small,active,
4776,company_04776@example.com,2024-10-27 04:54:06,Northwest,saas,medium,active,
4777,company_04777@example.com,2023-10-03 00:34:34,Moscow,ecommerce,small,active,
4778,company_04778@example.com,2025-05-05 23:55:20,Far East,ecommerce,small,active,
4779,company_04779@example.com,2023-06-18 07:49:04,Central,services,large,active,
4780,company_04780@example.com,2025-01-07 07:07:45,Moscow,ecommerce,medium,active,
4781,company_04781@example.com,2022-10-06 10:16:17,Volga,other,small,churned,2024-11-28 17:12:16.803460173
4782,company_04782@example.com,2022-12-05 06:16:22,Volga,services,medium,active,
4783,company_04783@example.com,2023-12-22 14:05:12,Siberia,ecommerce,small,churned,2024-09-06 00:21:11.047499038
4784,company_04784@example.com,2024-01-31 10:34:01,Volga,education,small,active,
4785,company_04785@example.com,2024-10-17 19:45:43,Moscow,ecommerce,small,active,
4786,company_04786@example.com,2023-02-11 20:37:45,Far East,education,medium,active,
4787,company_04787@example.com,2025-04-08 18:51:31,Volga,retail,small,active,
4788,company_04788@example.com,2023-03-28 03:30:48,Saint Petersburg,saas,small,active,
4789,company_04789@example.com,2024-01-01 18:18:24,Siberia,travel,small,active,
4790,company_04790@example.com,2025-06-28 21:35:51,Moscow,entertainment,small,active,
4791,company_04791@example.com,2024-01-08 21:38:27,Moscow,ecommerce,medium,active,
4792,company_04792@example.com,2024-07-21 20:00:22,Volga,retail,small,active,
4793,company_04793@example.com,2025-05-27 23:58:01,Volga,saas,small,active,
4794,company_04794@example.com,2025-08-26 05:45:08,Volga,retail,small,active,
4795,company_04795@example.com,2023-11-15 04:32:05,Far East,retail,small,active,
4796,company_04796@example.com,2023-07-25 08:04:20,Saint Petersburg,other,small,active,
4797,company_04797@example.com,2022-09-27 09:37:55,Northwest,saas,small,active,
4798,company_04798@example.com,2024-01-06 05:09:01,Moscow,saas,small,active,
4799,company_04799@example.com,2025-06-10 06:53:19,Moscow,retail,small,active,
4800,company_04800@example.com,2023-10-29 08:58:24,Moscow,services,medium,active,
4801,company_04801@example.com,2023-04-22 17:13:46,Moscow,education,large,active,
4802,company_04802@example.com,2022-05-27 18:26:55,Central,education,small,active,
4803,company_04803@example.com,2023-06-18 03:41:50,Siberia,ecommerce,small,active,
4804,company_04804@example.com,2022-11-20 19:23:59,Ural,saas,small,active,
4805,company_04805@example.com,2025-08-29 03:28:11,Ural,retail,small,active,
4806,company_04806@example.com,2023-12-23 19:21:25,Moscow,services,small,churned,2025-11-07 23:01:03.132993280
4807,company_04807@example.com,2022-07-07 09:33:05,Siberia,saas,large,active,
4808,company_04808@example.com,2022-04-03 04:01:59,Central,saas,medium,active,
4809,company_04809@example.com,2025-03-09 19:36:32,South,ecommerce,small,active,
4810,company_04810@example.com,2024-11-09 18:55:42,South,services,large,active,
4811,company_04811@example.com,2022-06-19 10:02:08,Moscow,education,small,churned,2024-06-12 09:34:18.600034818
4812,company_04812@example.com,2022-05-15 10:54:34,Volga,retail,small,active,
4813,company_04813@example.com,2022-09-28 20:06:13,Far East,ecommerce,small,active,
4814,company_04814@example.com,2024-10-24 13:18:47,Saint Petersburg,services,small,active,
4815,company_04815@example.com,2024-11-12 23:01:35,South,saas,medium,active,
4816,company_04816@example.com,2025-02-20 04:13:31,Northwest,other,small,active,
4817,company_04817@example.com,2022-05-13 14:33:17,Saint Petersburg,retail,small,active,
4818,company_04818@example.com,2022-07-29 14:18:31,Central,retail,small,churned,2024-11-02 05:10:18.944863699
4819,company_04819@example.com,2025-05-16 13:55:50,Central,ecommerce,medium,active,
4820,company_04820@example.com,2025-06-24 12:31:59,Ural,other,small,churned,2026-03-19 19:48:01.946597805
4821,company_04821@example.com,2024-09-19 18:12:51,Central,saas,small,active,
4822,company_04822@example.com,2022-05-26 01:26:48,Central,other,small,active,
4823,company_04823@example.com,2022-04-04 20:57:35,Moscow,education,medium,active,
4824,company_04824@example.com,2022-03-18 01:01:58,Northwest,ecommerce,small,active,
4825,company_04825@example.com,2024-08-04 10:43:21,Siberia,services,small,active,
4826,company_04826@example.com,2025-03-03 06:47:26,Volga,retail,medium,churned,2026-02-04 03:46:38.399605993
4827,company_04827@example.com,2024-05-14 01:37:41,Northwest,retail,small,active,
4828,company_04828@example.com,2022-12-25 13:20:37,South,ecommerce,small,active,
4829,company_04829@example.com,2024-11-02 01:17:47,Northwest,ecommerce,small,active,
4830,company_04830@example.com,2022-03-22 21:21:37,Moscow,retail,small,active,
4831,company_04831@example.com,2025-02-06 23:23:30,Moscow,entertainment,small,active,
4832,company_04832@example.com,2025-05-05 02:18:27,Siberia,travel,small,active,
4833,company_04833@example.com,2024-09-09 16:53:08,Central,travel,small,active,
4834,company_04834@example.com,2025-04-17 20:00:25,Saint Petersburg,ecommerce,small,active,
4835,company_04835@example.com,2024-03-12 21:20:24,Ural,travel,small,active,
4836,company_04836@example.com,2023-10-03 17:20:41,Volga,retail,large,active,
4837,company_04837@example.com,2023-03-18 03:06:56,Saint Petersburg,ecommerce,small,active,
4838,company_04838@example.com,2025-06-14 21:33:22,Central,retail,small,active,
4839,company_04839@example.com,2024-08-11 20:53:19,Central,ecommerce,small,active,
4840,company_04840@example.com,2022-09-18 14:18:54,Moscow,saas,medium,active,
4841,company_04841@example.com,2025-08-02 03:17:27,Moscow,saas,small,active,
4842,company_04842@example.com,2022-03-22 23:48:44,Volga,retail,small,active,
4843,company_04843@example.com,2024-03-14 17:30:54,Ural,services,small,active,
4844,company_04844@example.com,2022-09-18 15:54:54,Central,retail,small,churned,2025-07-26 02:20:55.890846759
4845,company_04845@example.com,2024-06-27 19:46:14,Central,ecommerce,medium,active,
4846,company_04846@example.com,2023-07-19 12:12:15,South,services,medium,active,
4847,company_04847@example.com,2023-08-21 23:47:16,Moscow,travel,medium,active,
4848,company_04848@example.com,2024-07-07 16:05:39,Central,saas,small,active,
4849,company_04849@example.com,2024-10-31 08:57:30,Moscow,ecommerce,small,active,
4850,company_04850@example.com,2023-06-04 21:33:23,South,education,small,active,
4851,company_04851@example.com,2025-09-26 19:24:56,Moscow,ecommerce,medium,active,
4852,company_04852@example.com,2023-11-13 21:50:29,Central,ecommerce,medium,active,
4853,company_04853@example.com,2022-08-08 09:54:08,Volga,ecommerce,large,active,
4854,company_04854@example.com,2022-01-09 18:04:52,Siberia,ecommerce,small,active,
4855,company_04855@example.com,2022-10-04 21:22:12,South,retail,medium,active,
4856,company_04856@example.com,2024-08-03 09:59:17,Far East,retail,small,active,
4857,company_04857@example.com,2024-01-08 22:49:13,South,services,medium,churned,2024-10-10 15:28:53.138729852
4858,company_04858@example.com,2023-04-08 03:39:03,Saint Petersburg,retail,small,active,
4859,company_04859@example.com,2023-10-21 12:31:01,Moscow,ecommerce,small,active,
4860,company_04860@example.com,2025-02-20 13:18:55,Moscow,other,small,churned,2025-07-28 13:53:05.291453935
4861,company_04861@example.com,2024-02-21 21:46:44,Saint Petersburg,entertainment,large,active,
4862,company_04862@example.com,2022-03-21 11:25:11,Moscow,ecommerce,small,active,
4863,company_04863@example.com,2022-03-09 03:11:56,Saint Petersburg,retail,small,active,
4864,company_04864@example.com,2023-10-22 10:40:53,South,ecommerce,small,active,
4865,company_04865@example.com,2023-07-08 01:12:16,South,other,small,active,
4866,company_04866@example.com,2025-03-09 11:39:39,Saint Petersburg,retail,large,active,
4867,company_04867@example.com,2024-03-08 12:20:32,Volga,ecommerce,small,active,
4868,company_04868@example.com,2024-11-01 09:17:27,Moscow,travel,small,active,
4869,company_04869@example.com,2024-03-11 13:00:08,Volga,travel,medium,active,
4870,company_04870@example.com,2023-04-18 08:12:23,Volga,retail,small,active,
4871,company_04871@example.com,2024-06-18 05:35:19,Saint Petersburg,retail,small,active,
4872,company_04872@example.com,2024-04-30 02:44:41,Saint Petersburg,retail,small,active,
4873,company_04873@example.com,2024-09-12 06:07:57,Northwest,retail,small,active,
4874,company_04874@example.com,2022-09-16 21:09:35,Volga,retail,small,active,
4875,company_04875@example.com,2023-01-26 12:33:03,Volga,saas,small,active,
4876,company_04876@example.com,2024-12-17 01:15:47,Moscow,travel,small,active,
4877,company_04877@example.com,2024-12-28 09:10:00,Moscow,services,medium,churned,2026-01-19 03:05:46.059529226
4878,company_04878@example.com,2024-05-04 16:08:28,Saint Petersburg,services,medium,churned,2025-01-29 20:04:11.699368967
4879,company_04879@example.com,2025-07-19 01:59:32,Northwest,education,medium,active,
4880,company_04880@example.com,2024-01-06 07:27:05,Moscow,retail,small,active,
4881,company_04881@example.com,2022-02-04 09:19:33,Saint Petersburg,travel,small,active,
4882,company_04882@example.com,2024-04-09 06:38:28,Northwest,ecommerce,large,churned,2024-10-22 02:43:19.772273436
4883,company_04883@example.com,2024-11-29 21:20:04,Central,ecommerce,medium,active,
4884,company_04884@example.com,2022-05-19 10:22:50,Saint Petersburg,ecommerce,small,active,
4885,company_04885@example.com,2022-05-24 02:14:46,Volga,travel,small,active,
4886,company_04886@example.com,2023-01-09 16:16:31,Central,services,small,active,
4887,company_04887@example.com,2025-02-28 22:18:57,Northwest,education,small,active,
4888,company_04888@example.com,2023-12-23 11:35:22,Moscow,education,small,active,
4889,company_04889@example.com,2025-08-28 18:28:20,Ural,saas,small,active,
4890,company_04890@example.com,2025-04-09 05:54:58,Saint Petersburg,ecommerce,large,active,
4891,company_04891@example.com,2024-01-30 00:18:03,Ural,retail,small,active,
4892,company_04892@example.com,2024-07-17 22:37:14,Siberia,travel,small,active,
4893,company_04893@example.com,2023-03-29 19:27:08,Siberia,services,small,active,
4894,company_04894@example.com,2022-05-04 16:16:40,Siberia,education,medium,active,
4895,company_04895@example.com,2023-06-30 11:21:24,South,ecommerce,medium,active,
4896,company_04896@example.com,2024-03-21 05:34:16,Moscow,other,small,active,
4897,company_04897@example.com,2022-09-07 05:44:45,Moscow,retail,small,active,
4898,company_04898@example.com,2022-10-31 08:06:05,Saint Petersburg,entertainment,small,active,
4899,company_04899@example.com,2022-01-21 12:17:12,Central,saas,medium,active,
4900,company_04900@example.com,2024-10-01 03:13:54,Saint Petersburg,saas,small,active,
4901,company_04901@example.com,2025-05-15 10:03:24,Ural,ecommerce,medium,churned,2025-10-16 14:48:30.635659602
4902,company_04902@example.com,2025-02-05 22:32:17,South,education,small,active,
4903,company_04903@example.com,2023-06-04 20:03:47,Northwest,retail,small,active,
4904,company_04904@example.com,2024-03-22 20:21:22,Central,retail,small,active,
4905,company_04905@example.com,2025-08-07 09:07:21,Ural,retail,small,active,
4906,company_04906@example.com,2024-03-19 23:37:01,Ural,retail,small,active,
4907,company_04907@example.com,2023-02-09 18:34:46,Northwest,retail,small,churned,2024-05-14 13:05:50.727158740
4908,company_04908@example.com,2023-04-09 04:38:03,Ural,services,medium,active,
4909,company_04909@example.com,2024-09-21 17:12:17,Saint Petersburg,retail,small,churned,2026-05-26 22:10:37.958477996
4910,company_04910@example.com,2023-09-03 11:16:50,Moscow,retail,large,active,
4911,company_04911@example.com,2025-02-19 10:25:09,Northwest,retail,small,active,
4912,company_04912@example.com,2025-03-28 02:24:19,South,services,small,active,
4913,company_04913@example.com,2022-02-19 00:29:32,Ural,ecommerce,large,active,
4914,company_04914@example.com,2024-09-16 12:03:11,Ural,travel,medium,active,
4915,company_04915@example.com,2023-05-22 02:30:31,South,retail,small,active,
4916,company_04916@example.com,2023-12-13 00:33:07,Ural,services,medium,churned,2024-08-11 16:22:42.459826905
4917,company_04917@example.com,2022-12-29 05:42:34,Far East,travel,small,active,
4918,company_04918@example.com,2023-05-19 17:48:20,Far East,education,small,active,
4919,company_04919@example.com,2023-03-28 23:02:42,Saint Petersburg,services,small,active,
4920,company_04920@example.com,2022-03-10 22:04:03,Moscow,entertainment,small,churned,2023-09-06 11:06:00.792103507
4921,company_04921@example.com,2024-12-06 19:56:56,Moscow,ecommerce,small,churned,2026-04-27 16:40:44.890370250
4922,company_04922@example.com,2022-07-15 15:13:08,Central,retail,small,active,
4923,company_04923@example.com,2023-05-30 02:12:45,Siberia,entertainment,medium,active,
4924,company_04924@example.com,2022-09-22 01:24:10,Siberia,saas,medium,active,
4925,company_04925@example.com,2022-08-08 17:07:41,Central,services,medium,active,
4926,company_04926@example.com,2023-05-26 18:55:42,Saint Petersburg,ecommerce,medium,active,
4927,company_04927@example.com,2025-06-10 20:55:14,Volga,retail,small,active,
4928,company_04928@example.com,2025-07-15 14:07:27,Siberia,saas,small,active,
4929,company_04929@example.com,2023-06-07 03:58:53,Volga,services,small,active,
4930,company_04930@example.com,2023-11-23 01:11:46,Moscow,retail,small,active,
4931,company_04931@example.com,2025-09-10 10:27:26,Saint Petersburg,ecommerce,small,active,
4932,company_04932@example.com,2022-11-18 06:16:20,Volga,saas,small,active,
4933,company_04933@example.com,2025-07-16 08:38:10,Volga,services,small,active,
4934,company_04934@example.com,2022-05-25 15:59:18,Siberia,other,small,active,
4935,company_04935@example.com,2022-11-05 23:14:40,Far East,retail,small,active,
4936,company_04936@example.com,2023-04-08 19:14:49,Moscow,retail,small,active,
4937,company_04937@example.com,2022-02-20 17:32:54,Moscow,retail,small,active,
4938,company_04938@example.com,2025-01-20 22:04:05,Central,education,large,active,
4939,company_04939@example.com,2025-03-16 05:01:01,Saint Petersburg,retail,small,active,
4940,company_04940@example.com,2023-06-09 09:54:38,Central,ecommerce,medium,active,
4941,company_04941@example.com,2025-02-18 04:13:22,Moscow,retail,medium,active,
4942,company_04942@example.com,2024-11-22 18:54:38,Moscow,ecommerce,small,active,
4943,company_04943@example.com,2025-01-01 07:44:48,Siberia,saas,small,churned,2026-05-16 12:26:40.843604442
4944,company_04944@example.com,2025-01-03 02:24:35,Moscow,ecommerce,small,active,
4945,company_04945@example.com,2024-02-24 12:34:12,Ural,education,small,active,
4946,company_04946@example.com,2022-06-01 14:28:03,Saint Petersburg,services,small,churned,2023-08-02 02:45:33.131899297
4947,company_04947@example.com,2025-06-17 07:54:26,Saint Petersburg,ecommerce,medium,churned,2026-05-03 18:46:56.803266071
4948,company_04948@example.com,2024-04-12 15:31:01,Moscow,services,large,active,
4949,company_04949@example.com,2025-05-17 22:18:31,Moscow,saas,small,active,
4950,company_04950@example.com,2022-09-14 00:55:13,Saint Petersburg,services,small,active,
4951,company_04951@example.com,2023-07-05 02:59:50,Siberia,education,small,churned,2024-03-11 19:54:13.368166462
4952,company_04952@example.com,2022-09-21 07:57:43,Far East,saas,medium,active,
4953,company_04953@example.com,2022-03-11 16:35:46,Moscow,other,small,active,
4954,company_04954@example.com,2025-08-15 01:03:18,Moscow,saas,small,active,
4955,company_04955@example.com,2025-06-17 01:52:26,Moscow,retail,medium,active,
4956,company_04956@example.com,2025-06-28 14:57:22,Ural,services,small,active,
4957,company_04957@example.com,2025-04-23 20:31:52,Moscow,education,small,churned,2026-03-24 17:15:04.420759123
4958,company_04958@example.com,2024-06-06 12:32:06,Moscow,retail,small,active,
4959,company_04959@example.com,2023-12-16 06:56:52,Siberia,education,small,active,
4960,company_04960@example.com,2025-09-18 08:04:16,Siberia,saas,small,active,
4961,company_04961@example.com,2024-01-26 11:34:27,South,retail,small,active,
4962,company_04962@example.com,2024-05-28 20:18:26,Moscow,entertainment,small,active,
4963,company_04963@example.com,2022-10-17 15:53:01,Central,other,medium,active,
4964,company_04964@example.com,2024-10-18 11:55:22,Moscow,retail,small,active,
4965,company_04965@example.com,2025-01-26 00:12:25,South,ecommerce,medium,active,
4966,company_04966@example.com,2024-07-17 05:25:25,Ural,other,small,churned,2024-11-21 13:07:09.575665583
4967,company_04967@example.com,2023-11-14 02:02:11,Moscow,ecommerce,medium,active,
4968,company_04968@example.com,2022-09-28 16:24:16,Siberia,saas,small,active,
4969,company_04969@example.com,2022-02-16 08:16:32,Central,ecommerce,medium,active,
4970,company_04970@example.com,2024-05-08 03:50:57,Ural,ecommerce,small,active,
4971,company_04971@example.com,2024-07-23 08:44:49,Moscow,retail,small,active,
4972,company_04972@example.com,2024-11-22 22:30:23,Saint Petersburg,retail,small,active,
4973,company_04973@example.com,2025-07-24 06:41:36,Moscow,entertainment,small,active,
4974,company_04974@example.com,2023-11-12 09:21:47,South,ecommerce,large,churned,2025-02-04 00:00:01.140922945
4975,company_04975@example.com,2025-02-08 06:40:08,Moscow,ecommerce,large,active,
4976,company_04976@example.com,2024-09-06 21:16:19,Saint Petersburg,services,medium,active,
4977,company_04977@example.com,2023-01-15 04:58:09,Ural,other,small,active,
4978,company_04978@example.com,2025-03-02 03:00:00,Ural,retail,medium,active,
4979,company_04979@example.com,2022-03-14 22:46:09,South,saas,medium,active,
4980,company_04980@example.com,2024-03-30 06:45:32,South,ecommerce,small,active,
4981,company_04981@example.com,2025-07-10 09:37:03,South,saas,small,active,
4982,company_04982@example.com,2024-06-20 11:04:58,South,travel,small,active,
4983,company_04983@example.com,2025-07-05 21:38:36,Saint Petersburg,entertainment,small,active,
4984,company_04984@example.com,2022-03-18 19:47:32,Moscow,services,small,active,
4985,company_04985@example.com,2023-12-30 08:15:35,Central,other,medium,churned,2024-11-02 23:25:08.787099984
4986,company_04986@example.com,2024-12-03 21:03:39,Moscow,retail,small,active,
4987,company_04987@example.com,2024-05-28 16:33:54,Central,travel,small,active,
4988,company_04988@example.com,2025-04-19 13:46:23,Central,travel,small,active,
4989,company_04989@example.com,2023-09-25 20:05:06,Moscow,retail,medium,churned,2025-09-18 23:46:27.188184321
4990,company_04990@example.com,2024-07-22 19:13:29,Ural,entertainment,large,active,
4991,company_04991@example.com,2023-07-29 05:44:11,South,saas,medium,active,
4992,company_04992@example.com,2025-04-08 01:26:10,Volga,saas,small,active,
4993,company_04993@example.com,2022-06-13 09:43:51,Far East,retail,small,active,
4994,company_04994@example.com,2022-12-14 15:15:48,Saint Petersburg,saas,small,churned,2023-05-01 23:51:19.460650918
4995,company_04995@example.com,2022-05-13 08:35:28,Saint Petersburg,retail,small,active,
4996,company_04996@example.com,2024-08-18 11:21:32,Moscow,other,small,active,
4997,company_04997@example.com,2022-11-15 09:03:42,Volga,ecommerce,medium,active,
4998,company_04998@example.com,2023-03-10 20:15:53,Moscow,services,medium,active,
4999,company_04999@example.com,2025-02-18 12:35:20,Siberia,ecommerce,small,active,
5000,company_05000@example.com,2023-05-08 17:31:07,Saint Petersburg,travel,medium,active,
